num_of_classes,num_peds_in_class,simulation_iteration,time_step,waiting_peds
6,5,1,0,0
6,5,1,1,0
6,5,1,2,0
6,5,1,3,0
6,5,1,4,0
6,5,1,5,0
6,5,1,6,0
6,5,1,7,0
6,5,1,8,1
6,5,1,9,0
6,5,1,10,0
6,5,1,11,0
6,5,1,12,0
6,5,1,13,0
6,5,1,14,0
6,5,1,15,3
6,5,1,16,0
6,5,1,17,0
6,5,1,18,4
6,5,1,19,2
6,5,1,20,1
6,5,1,21,0
6,5,1,22,0
6,5,1,23,0
6,5,1,24,4
6,5,1,25,6
6,5,1,26,1
6,5,1,27,0
6,5,1,28,0
6,5,1,29,1
6,5,1,30,0
6,5,1,31,8
6,5,1,32,5
6,5,1,33,6
6,5,1,34,5
6,5,1,35,1
6,5,1,36,0
6,5,1,37,1
6,5,1,38,3
6,5,1,39,1
6,5,1,40,0
6,5,1,41,0
6,5,1,42,0
6,5,1,43,0
6,5,1,44,2
6,5,1,45,0
6,5,1,46,0
6,5,1,47,3
6,5,1,48,1
6,5,1,49,0
6,5,1,50,1
6,5,1,51,0
6,5,1,52,0
6,5,1,53,0
6,5,1,54,0
6,5,1,55,0
6,5,1,56,0
6,5,1,57,0
6,5,1,58,1
6,5,1,59,0
6,5,1,60,4
6,5,1,61,2
6,5,1,62,1
6,5,1,63,1
6,5,1,64,3
6,5,1,65,0
6,5,1,66,2
6,5,1,67,1
6,5,1,68,0
6,5,1,69,0
6,5,1,70,0
6,5,1,71,1
6,5,1,72,0
6,5,1,73,0
6,5,1,74,0
6,5,1,75,0
6,5,1,76,0
6,5,1,77,0
6,5,1,78,0
6,5,1,79,2
6,5,1,80,1
6,5,2,0,0
6,5,2,1,0
6,5,2,2,0
6,5,2,3,0
6,5,2,4,0
6,5,2,5,0
6,5,2,6,0
6,5,2,7,0
6,5,2,8,0
6,5,2,9,0
6,5,2,10,0
6,5,2,11,0
6,5,2,12,0
6,5,2,13,0
6,5,2,14,0
6,5,2,15,4
6,5,2,16,2
6,5,2,17,2
6,5,2,18,1
6,5,2,19,0
6,5,2,20,0
6,5,2,21,4
6,5,2,22,0
6,5,2,23,3
6,5,2,24,1
6,5,2,25,0
6,5,2,26,1
6,5,2,27,0
6,5,2,28,2
6,5,2,29,1
6,5,2,30,0
6,5,2,31,2
6,5,2,32,3
6,5,2,33,0
6,5,2,34,0
6,5,2,35,2
6,5,2,36,1
6,5,2,37,0
6,5,2,38,4
6,5,2,39,0
6,5,2,40,0
6,5,2,41,0
6,5,2,42,3
6,5,2,43,2
6,5,2,44,1
6,5,2,45,0
6,5,2,46,1
6,5,2,47,0
6,5,2,48,0
6,5,2,49,0
6,5,2,50,2
6,5,2,51,1
6,5,2,52,0
6,5,2,53,1
6,5,2,54,0
6,5,2,55,0
6,5,2,56,0
6,5,2,57,4
6,5,2,58,2
6,5,2,59,1
6,5,2,60,0
6,5,2,61,0
6,5,2,62,0
6,5,2,63,2
6,5,2,64,1
6,5,2,65,0
6,5,2,66,0
6,5,2,67,0
6,5,2,68,0
6,5,2,69,0
6,5,2,70,1
6,5,2,71,0
6,5,2,72,0
6,5,2,73,0
6,5,2,74,2
6,5,2,75,1
6,5,3,0,0
6,5,3,1,0
6,5,3,2,0
6,5,3,3,0
6,5,3,4,0
6,5,3,5,0
6,5,3,6,0
6,5,3,7,0
6,5,3,8,0
6,5,3,9,0
6,5,3,10,1
6,5,3,11,0
6,5,3,12,0
6,5,3,13,0
6,5,3,14,0
6,5,3,15,0
6,5,3,16,4
6,5,3,17,2
6,5,3,18,1
6,5,3,19,0
6,5,3,20,0
6,5,3,21,2
6,5,3,22,1
6,5,3,23,0
6,5,3,24,0
6,5,3,25,0
6,5,3,26,0
6,5,3,27,6
6,5,3,28,6
6,5,3,29,3
6,5,3,30,6
6,5,3,31,0
6,5,3,32,4
6,5,3,33,7
6,5,3,34,0
6,5,3,35,0
6,5,3,36,2
6,5,3,37,1
6,5,3,38,0
6,5,3,39,1
6,5,3,40,0
6,5,3,41,0
6,5,3,42,0
6,5,3,43,1
6,5,3,44,0
6,5,3,45,3
6,5,3,46,2
6,5,3,47,0
6,5,3,48,0
6,5,3,49,0
6,5,3,50,0
6,5,3,51,4
6,5,3,52,0
6,5,3,53,0
6,5,3,54,2
6,5,3,55,5
6,5,3,56,1
6,5,3,57,0
6,5,3,58,0
6,5,3,59,0
6,5,3,60,2
6,5,3,61,2
6,5,3,62,0
6,5,3,63,0
6,5,3,64,2
6,5,3,65,1
6,5,3,66,0
6,5,3,67,3
6,5,3,68,3
6,5,3,69,2
6,5,3,70,1
6,5,4,0,0
6,5,4,1,0
6,5,4,2,0
6,5,4,3,0
6,5,4,4,0
6,5,4,5,0
6,5,4,6,0
6,5,4,7,0
6,5,4,8,0
6,5,4,9,0
6,5,4,10,1
6,5,4,11,2
6,5,4,12,1
6,5,4,13,0
6,5,4,14,0
6,5,4,15,1
6,5,4,16,0
6,5,4,17,0
6,5,4,18,0
6,5,4,19,2
6,5,4,20,1
6,5,4,21,0
6,5,4,22,0
6,5,4,23,2
6,5,4,24,1
6,5,4,25,0
6,5,4,26,0
6,5,4,27,6
6,5,4,28,2
6,5,4,29,1
6,5,4,30,0
6,5,4,31,3
6,5,4,32,2
6,5,4,33,2
6,5,4,34,1
6,5,4,35,0
6,5,4,36,3
6,5,4,37,1
6,5,4,38,0
6,5,4,39,0
6,5,4,40,2
6,5,4,41,1
6,5,4,42,0
6,5,4,43,0
6,5,4,44,0
6,5,4,45,0
6,5,4,46,0
6,5,4,47,0
6,5,4,48,1
6,5,4,49,0
6,5,4,50,0
6,5,4,51,6
6,5,4,52,0
6,5,4,53,0
6,5,4,54,7
6,5,4,55,7
6,5,4,56,7
6,5,4,57,1
6,5,4,58,0
6,5,4,59,3
6,5,4,60,0
6,5,4,61,2
6,5,4,62,2
6,5,4,63,1
6,5,4,64,0
6,5,4,65,0
6,5,4,66,0
6,5,4,67,0
6,5,4,68,2
6,5,4,69,1
6,5,4,70,0
6,5,4,71,1
6,5,5,0,0
6,5,5,1,0
6,5,5,2,0
6,5,5,3,0
6,5,5,4,0
6,5,5,5,0
6,5,5,6,0
6,5,5,7,0
6,5,5,8,0
6,5,5,9,0
6,5,5,10,1
6,5,5,11,0
6,5,5,12,0
6,5,5,13,0
6,5,5,14,0
6,5,5,15,0
6,5,5,16,2
6,5,5,17,2
6,5,5,18,1
6,5,5,19,0
6,5,5,20,5
6,5,5,21,3
6,5,5,22,6
6,5,5,23,5
6,5,5,24,4
6,5,5,25,2
6,5,5,26,1
6,5,5,27,0
6,5,5,28,0
6,5,5,29,0
6,5,5,30,0
6,5,5,31,2
6,5,5,32,1
6,5,5,33,1
6,5,5,34,1
6,5,5,35,1
6,5,5,36,0
6,5,5,37,2
6,5,5,38,1
6,5,5,39,0
6,5,5,40,1
6,5,5,41,3
6,5,5,42,4
6,5,5,43,3
6,5,5,44,1
6,5,5,45,0
6,5,5,46,2
6,5,5,47,1
6,5,5,48,0
6,5,5,49,0
6,5,5,50,0
6,5,5,51,0
6,5,5,52,0
6,5,5,53,3
6,5,5,54,0
6,5,5,55,0
6,5,5,56,2
6,5,5,57,1
6,5,5,58,0
6,5,5,59,0
6,5,5,60,0
6,5,5,61,0
6,5,5,62,0
6,5,5,63,1
6,5,5,64,0
6,5,5,65,0
6,5,5,66,0
6,5,5,67,1
6,5,5,68,0
6,5,5,69,0
6,5,5,70,2
6,5,5,71,1
6,5,5,72,0
6,5,5,73,0
6,5,5,74,0
6,5,5,75,1
6,5,5,76,0
6,5,5,77,0
6,5,5,78,0
6,5,5,79,0
6,5,5,80,1
6,5,6,0,0
6,5,6,1,0
6,5,6,2,0
6,5,6,3,0
6,5,6,4,0
6,5,6,5,0
6,5,6,6,0
6,5,6,7,0
6,5,6,8,0
6,5,6,9,0
6,5,6,10,0
6,5,6,11,0
6,5,6,12,0
6,5,6,13,0
6,5,6,14,0
6,5,6,15,2
6,5,6,16,1
6,5,6,17,0
6,5,6,18,5
6,5,6,19,5
6,5,6,20,3
6,5,6,21,1
6,5,6,22,0
6,5,6,23,3
6,5,6,24,2
6,5,6,25,1
6,5,6,26,0
6,5,6,27,1
6,5,6,28,1
6,5,6,29,0
6,5,6,30,0
6,5,6,31,0
6,5,6,32,3
6,5,6,33,2
6,5,6,34,1
6,5,6,35,0
6,5,6,36,1
6,5,6,37,0
6,5,6,38,0
6,5,6,39,0
6,5,6,40,0
6,5,6,41,6
6,5,6,42,2
6,5,6,43,5
6,5,6,44,0
6,5,6,45,5
6,5,6,46,4
6,5,6,47,3
6,5,6,48,1
6,5,6,49,2
6,5,6,50,2
6,5,6,51,0
6,5,6,52,0
6,5,6,53,3
6,5,6,54,2
6,5,6,55,2
6,5,6,56,1
6,5,6,57,0
6,5,6,58,0
6,5,6,59,0
6,5,6,60,0
6,5,6,61,2
6,5,6,62,1
6,5,6,63,0
6,5,6,64,0
6,5,6,65,0
6,5,6,66,0
6,5,6,67,0
6,5,6,68,0
6,5,6,69,0
6,5,6,70,0
6,5,6,71,0
6,5,6,72,0
6,5,6,73,0
6,5,6,74,0
6,5,6,75,3
6,5,6,76,2
6,5,6,77,2
6,5,6,78,1
6,5,7,0,0
6,5,7,1,0
6,5,7,2,0
6,5,7,3,0
6,5,7,4,0
6,5,7,5,0
6,5,7,6,0
6,5,7,7,0
6,5,7,8,1
6,5,7,9,0
6,5,7,10,0
6,5,7,11,0
6,5,7,12,0
6,5,7,13,0
6,5,7,14,0
6,5,7,15,0
6,5,7,16,0
6,5,7,17,0
6,5,7,18,4
6,5,7,19,6
6,5,7,20,5
6,5,7,21,3
6,5,7,22,4
6,5,7,23,3
6,5,7,24,1
6,5,7,25,0
6,5,7,26,3
6,5,7,27,2
6,5,7,28,1
6,5,7,29,2
6,5,7,30,2
6,5,7,31,1
6,5,7,32,0
6,5,7,33,0
6,5,7,34,1
6,5,7,35,0
6,5,7,36,4
6,5,7,37,1
6,5,7,38,0
6,5,7,39,2
6,5,7,40,1
6,5,7,41,2
6,5,7,42,0
6,5,7,43,0
6,5,7,44,2
6,5,7,45,0
6,5,7,46,0
6,5,7,47,0
6,5,7,48,0
6,5,7,49,4
6,5,7,50,3
6,5,7,51,2
6,5,7,52,1
6,5,7,53,0
6,5,7,54,0
6,5,7,55,0
6,5,7,56,0
6,5,7,57,0
6,5,7,58,0
6,5,7,59,0
6,5,7,60,2
6,5,7,61,1
6,5,7,62,0
6,5,7,63,0
6,5,7,64,0
6,5,7,65,1
6,5,7,66,1
6,5,7,67,0
6,5,7,68,0
6,5,7,69,0
6,5,7,70,2
6,5,7,71,1
6,5,7,72,0
6,5,7,73,0
6,5,7,74,0
6,5,7,75,0
6,5,7,76,1
6,5,7,77,0
6,5,7,78,0
6,5,7,79,1
6,5,8,0,0
6,5,8,1,0
6,5,8,2,0
6,5,8,3,0
6,5,8,4,0
6,5,8,5,0
6,5,8,6,0
6,5,8,7,0
6,5,8,8,0
6,5,8,9,0
6,5,8,10,1
6,5,8,11,0
6,5,8,12,0
6,5,8,13,0
6,5,8,14,0
6,5,8,15,0
6,5,8,16,0
6,5,8,17,0
6,5,8,18,5
6,5,8,19,4
6,5,8,20,2
6,5,8,21,6
6,5,8,22,5
6,5,8,23,3
6,5,8,24,5
6,5,8,25,4
6,5,8,26,2
6,5,8,27,2
6,5,8,28,1
6,5,8,29,0
6,5,8,30,0
6,5,8,31,2
6,5,8,32,0
6,5,8,33,0
6,5,8,34,0
6,5,8,35,4
6,5,8,36,2
6,5,8,37,0
6,5,8,38,1
6,5,8,39,0
6,5,8,40,1
6,5,8,41,1
6,5,8,42,0
6,5,8,43,0
6,5,8,44,0
6,5,8,45,3
6,5,8,46,2
6,5,8,47,1
6,5,8,48,0
6,5,8,49,0
6,5,8,50,0
6,5,8,51,0
6,5,8,52,1
6,5,8,53,1
6,5,8,54,0
6,5,8,55,4
6,5,8,56,3
6,5,8,57,1
6,5,8,58,0
6,5,8,59,2
6,5,8,60,1
6,5,8,61,0
6,5,8,62,0
6,5,8,63,0
6,5,8,64,1
6,5,8,65,0
6,5,8,66,0
6,5,8,67,0
6,5,8,68,1
6,5,8,69,0
6,5,8,70,0
6,5,8,71,0
6,5,8,72,2
6,5,8,73,1
6,5,8,74,1
6,5,9,0,0
6,5,9,1,0
6,5,9,2,0
6,5,9,3,0
6,5,9,4,0
6,5,9,5,0
6,5,9,6,0
6,5,9,7,0
6,5,9,8,0
6,5,9,9,0
6,5,9,10,1
6,5,9,11,0
6,5,9,12,1
6,5,9,13,0
6,5,9,14,0
6,5,9,15,4
6,5,9,16,1
6,5,9,17,1
6,5,9,18,0
6,5,9,19,2
6,5,9,20,1
6,5,9,21,0
6,5,9,22,1
6,5,9,23,0
6,5,9,24,0
6,5,9,25,0
6,5,9,26,3
6,5,9,27,4
6,5,9,28,1
6,5,9,29,0
6,5,9,30,0
6,5,9,31,2
6,5,9,32,0
6,5,9,33,2
6,5,9,34,1
6,5,9,35,0
6,5,9,36,6
6,5,9,37,2
6,5,9,38,1
6,5,9,39,0
6,5,9,40,2
6,5,9,41,1
6,5,9,42,0
6,5,9,43,0
6,5,9,44,0
6,5,9,45,0
6,5,9,46,0
6,5,9,47,0
6,5,9,48,0
6,5,9,49,2
6,5,9,50,3
6,5,9,51,0
6,5,9,52,0
6,5,9,53,2
6,5,9,54,0
6,5,9,55,0
6,5,9,56,2
6,5,9,57,1
6,5,9,58,0
6,5,9,59,0
6,5,9,60,1
6,5,9,61,0
6,5,9,62,0
6,5,9,63,0
6,5,9,64,0
6,5,9,65,0
6,5,9,66,1
6,5,9,67,0
6,5,9,68,1
6,5,9,69,3
6,5,9,70,2
6,5,9,71,1
6,5,9,72,0
6,5,9,73,2
6,5,9,74,1
6,5,9,75,1
6,5,10,0,0
6,5,10,1,0
6,5,10,2,0
6,5,10,3,0
6,5,10,4,0
6,5,10,5,0
6,5,10,6,0
6,5,10,7,0
6,5,10,8,0
6,5,10,9,0
6,5,10,10,0
6,5,10,11,0
6,5,10,12,0
6,5,10,13,0
6,5,10,14,1
6,5,10,15,0
6,5,10,16,3
6,5,10,17,1
6,5,10,18,0
6,5,10,19,3
6,5,10,20,1
6,5,10,21,0
6,5,10,22,0
6,5,10,23,4
6,5,10,24,0
6,5,10,25,5
6,5,10,26,5
6,5,10,27,5
6,5,10,28,4
6,5,10,29,5
6,5,10,30,4
6,5,10,31,3
6,5,10,32,2
6,5,10,33,0
6,5,10,34,0
6,5,10,35,1
6,5,10,36,0
6,5,10,37,0
6,5,10,38,0
6,5,10,39,0
6,5,10,40,0
6,5,10,41,0
6,5,10,42,4
6,5,10,43,3
6,5,10,44,0
6,5,10,45,2
6,5,10,46,1
6,5,10,47,0
6,5,10,48,0
6,5,10,49,0
6,5,10,50,2
6,5,10,51,1
6,5,10,52,0
6,5,10,53,0
6,5,10,54,0
6,5,10,55,0
6,5,10,56,0
6,5,10,57,2
6,5,10,58,1
6,5,10,59,0
6,5,10,60,4
6,5,10,61,0
6,5,10,62,3
6,5,10,63,2
6,5,10,64,2
6,5,10,65,1
6,5,10,66,0
6,5,10,67,0
6,5,10,68,0
6,5,10,69,0
6,5,10,70,0
6,5,10,71,0
6,5,10,72,1
6,5,10,73,0
6,5,10,74,0
6,5,10,75,0
6,5,10,76,0
6,5,10,77,1
6,5,11,0,0
6,5,11,1,0
6,5,11,2,0
6,5,11,3,0
6,5,11,4,0
6,5,11,5,0
6,5,11,6,0
6,5,11,7,0
6,5,11,8,1
6,5,11,9,0
6,5,11,10,0
6,5,11,11,0
6,5,11,12,0
6,5,11,13,0
6,5,11,14,0
6,5,11,15,0
6,5,11,16,2
6,5,11,17,1
6,5,11,18,2
6,5,11,19,0
6,5,11,20,0
6,5,11,21,2
6,5,11,22,4
6,5,11,23,4
6,5,11,24,4
6,5,11,25,0
6,5,11,26,2
6,5,11,27,1
6,5,11,28,0
6,5,11,29,6
6,5,11,30,2
6,5,11,31,1
6,5,11,32,0
6,5,11,33,1
6,5,11,34,0
6,5,11,35,3
6,5,11,36,2
6,5,11,37,1
6,5,11,38,0
6,5,11,39,2
6,5,11,40,1
6,5,11,41,0
6,5,11,42,0
6,5,11,43,1
6,5,11,44,0
6,5,11,45,0
6,5,11,46,0
6,5,11,47,0
6,5,11,48,0
6,5,11,49,0
6,5,11,50,2
6,5,11,51,0
6,5,11,52,0
6,5,11,53,0
6,5,11,54,0
6,5,11,55,1
6,5,11,56,0
6,5,11,57,0
6,5,11,58,3
6,5,11,59,4
6,5,11,60,3
6,5,11,61,2
6,5,11,62,1
6,5,11,63,0
6,5,11,64,0
6,5,11,65,0
6,5,11,66,0
6,5,11,67,0
6,5,11,68,2
6,5,11,69,1
6,5,11,70,0
6,5,11,71,0
6,5,11,72,0
6,5,11,73,0
6,5,11,74,0
6,5,11,75,0
6,5,11,76,1
6,5,12,0,0
6,5,12,1,0
6,5,12,2,0
6,5,12,3,0
6,5,12,4,0
6,5,12,5,0
6,5,12,6,0
6,5,12,7,0
6,5,12,8,0
6,5,12,9,0
6,5,12,10,0
6,5,12,11,0
6,5,12,12,1
6,5,12,13,0
6,5,12,14,0
6,5,12,15,0
6,5,12,16,0
6,5,12,17,0
6,5,12,18,0
6,5,12,19,0
6,5,12,20,0
6,5,12,21,4
6,5,12,22,7
6,5,12,23,6
6,5,12,24,3
6,5,12,25,5
6,5,12,26,5
6,5,12,27,0
6,5,12,28,3
6,5,12,29,1
6,5,12,30,0
6,5,12,31,6
6,5,12,32,3
6,5,12,33,0
6,5,12,34,8
6,5,12,35,7
6,5,12,36,5
6,5,12,37,5
6,5,12,38,3
6,5,12,39,2
6,5,12,40,1
6,5,12,41,0
6,5,12,42,0
6,5,12,43,0
6,5,12,44,0
6,5,12,45,0
6,5,12,46,0
6,5,12,47,4
6,5,12,48,3
6,5,12,49,2
6,5,12,50,5
6,5,12,51,1
6,5,12,52,0
6,5,12,53,2
6,5,12,54,0
6,5,12,55,0
6,5,12,56,5
6,5,12,57,0
6,5,12,58,0
6,5,12,59,4
6,5,12,60,3
6,5,12,61,2
6,5,12,62,2
6,5,12,63,1
6,5,12,64,0
6,5,12,65,0
6,5,12,66,0
6,5,12,67,0
6,5,12,68,0
6,5,12,69,0
6,5,12,70,0
6,5,12,71,0
6,5,12,72,1
6,5,12,73,1
6,10,1,0,0
6,10,1,1,0
6,10,1,2,0
6,10,1,3,0
6,10,1,4,0
6,10,1,5,0
6,10,1,6,0
6,10,1,7,2
6,10,1,8,1
6,10,1,9,0
6,10,1,10,0
6,10,1,11,1
6,10,1,12,0
6,10,1,13,0
6,10,1,14,5
6,10,1,15,4
6,10,1,16,10
6,10,1,17,8
6,10,1,18,8
6,10,1,19,6
6,10,1,20,11
6,10,1,21,10
6,10,1,22,7
6,10,1,23,7
6,10,1,24,20
6,10,1,25,6
6,10,1,26,8
6,10,1,27,7
6,10,1,28,6
6,10,1,29,18
6,10,1,30,5
6,10,1,31,5
6,10,1,32,0
6,10,1,33,29
6,10,1,34,16
6,10,1,35,11
6,10,1,36,1
6,10,1,37,0
6,10,1,38,0
6,10,1,39,0
6,10,1,40,20
6,10,1,41,7
6,10,1,42,5
6,10,1,43,10
6,10,1,44,9
6,10,1,45,7
6,10,1,46,5
6,10,1,47,4
6,10,1,48,4
6,10,1,49,2
6,10,1,50,18
6,10,1,51,0
6,10,1,52,0
6,10,1,53,1
6,10,1,54,0
6,10,1,55,0
6,10,1,56,16
6,10,1,57,15
6,10,1,58,0
6,10,1,59,0
6,10,1,60,12
6,10,1,61,10
6,10,1,62,10
6,10,1,63,9
6,10,1,64,9
6,10,1,65,3
6,10,1,66,7
6,10,1,67,5
6,10,1,68,5
6,10,1,69,5
6,10,1,70,7
6,10,1,71,8
6,10,1,72,5
6,10,1,73,0
6,10,1,74,2
6,10,1,75,1
6,10,1,76,0
6,10,1,77,0
6,10,1,78,0
6,10,1,79,0
6,10,1,80,0
6,10,1,81,1
6,10,1,82,0
6,10,1,83,1
6,10,1,84,0
6,10,1,85,0
6,10,1,86,0
6,10,1,87,0
6,10,1,88,1
6,10,1,89,0
6,10,1,90,2
6,10,1,91,1
6,10,2,0,0
6,10,2,1,0
6,10,2,2,0
6,10,2,3,0
6,10,2,4,0
6,10,2,5,0
6,10,2,6,0
6,10,2,7,0
6,10,2,8,0
6,10,2,9,2
6,10,2,10,1
6,10,2,11,0
6,10,2,12,0
6,10,2,13,0
6,10,2,14,1
6,10,2,15,0
6,10,2,16,8
6,10,2,17,9
6,10,2,18,0
6,10,2,19,7
6,10,2,20,12
6,10,2,21,10
6,10,2,22,7
6,10,2,23,6
6,10,2,24,7
6,10,2,25,8
6,10,2,26,6
6,10,2,27,9
6,10,2,28,7
6,10,2,29,5
6,10,2,30,7
6,10,2,31,9
6,10,2,32,13
6,10,2,33,7
6,10,2,34,13
6,10,2,35,11
6,10,2,36,4
6,10,2,37,2
6,10,2,38,18
6,10,2,39,26
6,10,2,40,1
6,10,2,41,0
6,10,2,42,8
6,10,2,43,7
6,10,2,44,22
6,10,2,45,3
6,10,2,46,0
6,10,2,47,2
6,10,2,48,1
6,10,2,49,0
6,10,2,50,1
6,10,2,51,0
6,10,2,52,0
6,10,2,53,5
6,10,2,54,5
6,10,2,55,5
6,10,2,56,4
6,10,2,57,13
6,10,2,58,9
6,10,2,59,17
6,10,2,60,9
6,10,2,61,11
6,10,2,62,7
6,10,2,63,8
6,10,2,64,7
6,10,2,65,2
6,10,2,66,5
6,10,2,67,11
6,10,2,68,0
6,10,2,69,5
6,10,2,70,6
6,10,2,71,7
6,10,2,72,6
6,10,2,73,2
6,10,2,74,0
6,10,2,75,0
6,10,2,76,1
6,10,2,77,0
6,10,2,78,0
6,10,2,79,3
6,10,2,80,1
6,10,2,81,0
6,10,2,82,0
6,10,2,83,0
6,10,2,84,2
6,10,2,85,1
6,10,3,0,0
6,10,3,1,0
6,10,3,2,0
6,10,3,3,0
6,10,3,4,0
6,10,3,5,0
6,10,3,6,0
6,10,3,7,0
6,10,3,8,1
6,10,3,9,0
6,10,3,10,0
6,10,3,11,1
6,10,3,12,0
6,10,3,13,0
6,10,3,14,3
6,10,3,15,2
6,10,3,16,4
6,10,3,17,3
6,10,3,18,7
6,10,3,19,4
6,10,3,20,4
6,10,3,21,6
6,10,3,22,4
6,10,3,23,5
6,10,3,24,11
6,10,3,25,8
6,10,3,26,0
6,10,3,27,7
6,10,3,28,6
6,10,3,29,5
6,10,3,30,4
6,10,3,31,22
6,10,3,32,5
6,10,3,33,23
6,10,3,34,7
6,10,3,35,12
6,10,3,36,9
6,10,3,37,0
6,10,3,38,23
6,10,3,39,13
6,10,3,40,10
6,10,3,41,10
6,10,3,42,14
6,10,3,43,7
6,10,3,44,7
6,10,3,45,5
6,10,3,46,7
6,10,3,47,0
6,10,3,48,2
6,10,3,49,1
6,10,3,50,0
6,10,3,51,13
6,10,3,52,0
6,10,3,53,5
6,10,3,54,7
6,10,3,55,7
6,10,3,56,6
6,10,3,57,5
6,10,3,58,3
6,10,3,59,4
6,10,3,60,3
6,10,3,61,2
6,10,3,62,1
6,10,3,63,1
6,10,3,64,0
6,10,3,65,0
6,10,3,66,2
6,10,3,67,0
6,10,3,68,0
6,10,3,69,0
6,10,3,70,0
6,10,3,71,8
6,10,3,72,8
6,10,3,73,6
6,10,3,74,5
6,10,3,75,6
6,10,3,76,7
6,10,3,77,6
6,10,3,78,3
6,10,3,79,1
6,10,3,80,0
6,10,3,81,3
6,10,3,82,2
6,10,3,83,0
6,10,3,84,0
6,10,3,85,1
6,10,3,86,0
6,10,3,87,0
6,10,3,88,0
6,10,3,89,0
6,10,3,90,0
6,10,3,91,0
6,10,3,92,0
6,10,3,93,0
6,10,3,94,1
6,10,4,0,0
6,10,4,1,0
6,10,4,2,0
6,10,4,3,0
6,10,4,4,0
6,10,4,5,1
6,10,4,6,0
6,10,4,7,0
6,10,4,8,1
6,10,4,9,0
6,10,4,10,0
6,10,4,11,0
6,10,4,12,0
6,10,4,13,0
6,10,4,14,4
6,10,4,15,3
6,10,4,16,1
6,10,4,17,0
6,10,4,18,7
6,10,4,19,7
6,10,4,20,7
6,10,4,21,0
6,10,4,22,11
6,10,4,23,10
6,10,4,24,7
6,10,4,25,7
6,10,4,26,9
6,10,4,27,5
6,10,4,28,6
6,10,4,29,22
6,10,4,30,14
6,10,4,31,4
6,10,4,32,5
6,10,4,33,5
6,10,4,34,21
6,10,4,35,15
6,10,4,36,12
6,10,4,37,4
6,10,4,38,16
6,10,4,39,13
6,10,4,40,12
6,10,4,41,18
6,10,4,42,0
6,10,4,43,7
6,10,4,44,6
6,10,4,45,6
6,10,4,46,4
6,10,4,47,19
6,10,4,48,5
6,10,4,49,3
6,10,4,50,2
6,10,4,51,5
6,10,4,52,12
6,10,4,53,2
6,10,4,54,1
6,10,4,55,0
6,10,4,56,0
6,10,4,57,0
6,10,4,58,2
6,10,4,59,7
6,10,4,60,6
6,10,4,61,4
6,10,4,62,2
6,10,4,63,1
6,10,4,64,0
6,10,4,65,0
6,10,4,66,0
6,10,4,67,10
6,10,4,68,9
6,10,4,69,3
6,10,4,70,2
6,10,4,71,3
6,10,4,72,2
6,10,4,73,1
6,10,4,74,0
6,10,4,75,0
6,10,4,76,0
6,10,4,77,0
6,10,4,78,3
6,10,4,79,2
6,10,4,80,1
6,10,4,81,0
6,10,4,82,1
6,10,4,83,0
6,10,4,84,0
6,10,4,85,0
6,10,4,86,2
6,10,4,87,1
6,10,5,0,0
6,10,5,1,0
6,10,5,2,0
6,10,5,3,0
6,10,5,4,0
6,10,5,5,0
6,10,5,6,0
6,10,5,7,1
6,10,5,8,0
6,10,5,9,0
6,10,5,10,0
6,10,5,11,2
6,10,5,12,3
6,10,5,13,2
6,10,5,14,1
6,10,5,15,3
6,10,5,16,2
6,10,5,17,9
6,10,5,18,2
6,10,5,19,0
6,10,5,20,1
6,10,5,21,7
6,10,5,22,0
6,10,5,23,6
6,10,5,24,5
6,10,5,25,7
6,10,5,26,9
6,10,5,27,6
6,10,5,28,3
6,10,5,29,7
6,10,5,30,5
6,10,5,31,1
6,10,5,32,0
6,10,5,33,0
6,10,5,34,26
6,10,5,35,22
6,10,5,36,16
6,10,5,37,24
6,10,5,38,23
6,10,5,39,19
6,10,5,40,17
6,10,5,41,17
6,10,5,42,0
6,10,5,43,21
6,10,5,44,16
6,10,5,45,0
6,10,5,46,20
6,10,5,47,0
6,10,5,48,16
6,10,5,49,0
6,10,5,50,8
6,10,5,51,15
6,10,5,52,16
6,10,5,53,14
6,10,5,54,0
6,10,5,55,8
6,10,5,56,17
6,10,5,57,17
6,10,5,58,11
6,10,5,59,16
6,10,5,60,14
6,10,5,61,6
6,10,5,62,12
6,10,5,63,11
6,10,5,64,0
6,10,5,65,8
6,10,5,66,0
6,10,5,67,1
6,10,5,68,0
6,10,5,69,1
6,10,5,70,0
6,10,5,71,9
6,10,5,72,0
6,10,5,73,8
6,10,5,74,8
6,10,5,75,6
6,10,5,76,5
6,10,5,77,3
6,10,5,78,5
6,10,5,79,3
6,10,5,80,2
6,10,5,81,2
6,10,5,82,1
6,10,5,83,0
6,10,5,84,0
6,10,5,85,0
6,10,5,86,0
6,10,5,87,0
6,10,5,88,0
6,10,5,89,2
6,10,5,90,0
6,10,5,91,0
6,10,5,92,1
6,10,6,0,0
6,10,6,1,0
6,10,6,2,0
6,10,6,3,0
6,10,6,4,0
6,10,6,5,1
6,10,6,6,1
6,10,6,7,0
6,10,6,8,0
6,10,6,9,0
6,10,6,10,0
6,10,6,11,1
6,10,6,12,0
6,10,6,13,0
6,10,6,14,0
6,10,6,15,2
6,10,6,16,2
6,10,6,17,1
6,10,6,18,0
6,10,6,19,2
6,10,6,20,5
6,10,6,21,12
6,10,6,22,11
6,10,6,23,10
6,10,6,24,7
6,10,6,25,15
6,10,6,26,8
6,10,6,27,12
6,10,6,28,8
6,10,6,29,18
6,10,6,30,8
6,10,6,31,10
6,10,6,32,8
6,10,6,33,8
6,10,6,34,16
6,10,6,35,7
6,10,6,36,5
6,10,6,37,8
6,10,6,38,16
6,10,6,39,14
6,10,6,40,8
6,10,6,41,6
6,10,6,42,8
6,10,6,43,14
6,10,6,44,12
6,10,6,45,20
6,10,6,46,6
6,10,6,47,7
6,10,6,48,8
6,10,6,49,6
6,10,6,50,15
6,10,6,51,15
6,10,6,52,5
6,10,6,53,6
6,10,6,54,6
6,10,6,55,5
6,10,6,56,5
6,10,6,57,5
6,10,6,58,4
6,10,6,59,0
6,10,6,60,15
6,10,6,61,3
6,10,6,62,2
6,10,6,63,1
6,10,6,64,0
6,10,6,65,1
6,10,6,66,0
6,10,6,67,5
6,10,6,68,4
6,10,6,69,0
6,10,6,70,3
6,10,6,71,0
6,10,6,72,3
6,10,6,73,1
6,10,6,74,0
6,10,6,75,0
6,10,6,76,0
6,10,6,77,0
6,10,6,78,4
6,10,6,79,3
6,10,6,80,1
6,10,6,81,0
6,10,6,82,0
6,10,6,83,0
6,10,6,84,2
6,10,6,85,0
6,10,6,86,0
6,10,6,87,0
6,10,6,88,0
6,10,6,89,1
6,10,7,0,0
6,10,7,1,0
6,10,7,2,0
6,10,7,3,0
6,10,7,4,0
6,10,7,5,0
6,10,7,6,0
6,10,7,7,0
6,10,7,8,0
6,10,7,9,0
6,10,7,10,0
6,10,7,11,0
6,10,7,12,2
6,10,7,13,1
6,10,7,14,0
6,10,7,15,3
6,10,7,16,5
6,10,7,17,11
6,10,7,18,7
6,10,7,19,7
6,10,7,20,0
6,10,7,21,3
6,10,7,22,11
6,10,7,23,11
6,10,7,24,15
6,10,7,25,7
6,10,7,26,13
6,10,7,27,9
6,10,7,28,9
6,10,7,29,5
6,10,7,30,5
6,10,7,31,7
6,10,7,32,4
6,10,7,33,5
6,10,7,34,5
6,10,7,35,3
6,10,7,36,2
6,10,7,37,3
6,10,7,38,2
6,10,7,39,2
6,10,7,40,1
6,10,7,41,0
6,10,7,42,0
6,10,7,43,7
6,10,7,44,5
6,10,7,45,6
6,10,7,46,4
6,10,7,47,3
6,10,7,48,4
6,10,7,49,0
6,10,7,50,0
6,10,7,51,11
6,10,7,52,0
6,10,7,53,2
6,10,7,54,13
6,10,7,55,19
6,10,7,56,2
6,10,7,57,1
6,10,7,58,0
6,10,7,59,3
6,10,7,60,1
6,10,7,61,0
6,10,7,62,1
6,10,7,63,5
6,10,7,64,7
6,10,7,65,5
6,10,7,66,0
6,10,7,67,4
6,10,7,68,4
6,10,7,69,3
6,10,7,70,12
6,10,7,71,6
6,10,7,72,9
6,10,7,73,8
6,10,7,74,0
6,10,7,75,0
6,10,7,76,0
6,10,7,77,1
6,10,7,78,8
6,10,7,79,6
6,10,7,80,0
6,10,7,81,5
6,10,7,82,5
6,10,7,83,4
6,10,7,84,1
6,10,7,85,0
6,10,7,86,2
6,10,7,87,1
6,10,7,88,2
6,10,7,89,0
6,10,7,90,0
6,10,7,91,0
6,10,7,92,0
6,10,7,93,2
6,10,7,94,1
6,10,8,0,0
6,10,8,1,0
6,10,8,2,0
6,10,8,3,0
6,10,8,4,0
6,10,8,5,0
6,10,8,6,0
6,10,8,7,0
6,10,8,8,0
6,10,8,9,1
6,10,8,10,0
6,10,8,11,3
6,10,8,12,3
6,10,8,13,2
6,10,8,14,4
6,10,8,15,3
6,10,8,16,2
6,10,8,17,1
6,10,8,18,0
6,10,8,19,5
6,10,8,20,5
6,10,8,21,2
6,10,8,22,4
6,10,8,23,7
6,10,8,24,0
6,10,8,25,6
6,10,8,26,11
6,10,8,27,6
6,10,8,28,6
6,10,8,29,16
6,10,8,30,0
6,10,8,31,5
6,10,8,32,5
6,10,8,33,18
6,10,8,34,18
6,10,8,35,15
6,10,8,36,12
6,10,8,37,12
6,10,8,38,16
6,10,8,39,14
6,10,8,40,3
6,10,8,41,2
6,10,8,42,12
6,10,8,43,9
6,10,8,44,4
6,10,8,45,4
6,10,8,46,1
6,10,8,47,0
6,10,8,48,8
6,10,8,49,0
6,10,8,50,2
6,10,8,51,3
6,10,8,52,0
6,10,8,53,0
6,10,8,54,14
6,10,8,55,7
6,10,8,56,3
6,10,8,57,6
6,10,8,58,4
6,10,8,59,2
6,10,8,60,13
6,10,8,61,12
6,10,8,62,3
6,10,8,63,4
6,10,8,64,1
6,10,8,65,0
6,10,8,66,0
6,10,8,67,6
6,10,8,68,4
6,10,8,69,4
6,10,8,70,3
6,10,8,71,2
6,10,8,72,0
6,10,8,73,0
6,10,8,74,6
6,10,8,75,5
6,10,8,76,5
6,10,8,77,3
6,10,8,78,3
6,10,8,79,2
6,10,8,80,1
6,10,8,81,0
6,10,8,82,0
6,10,8,83,0
6,10,8,84,0
6,10,8,85,0
6,10,8,86,0
6,10,8,87,0
6,10,8,88,1
6,10,9,0,0
6,10,9,1,0
6,10,9,2,0
6,10,9,3,0
6,10,9,4,0
6,10,9,5,0
6,10,9,6,0
6,10,9,7,1
6,10,9,8,0
6,10,9,9,0
6,10,9,10,0
6,10,9,11,0
6,10,9,12,3
6,10,9,13,2
6,10,9,14,1
6,10,9,15,0
6,10,9,16,9
6,10,9,17,0
6,10,9,18,7
6,10,9,19,7
6,10,9,20,0
6,10,9,21,9
6,10,9,22,9
6,10,9,23,9
6,10,9,24,25
6,10,9,25,24
6,10,9,26,20
6,10,9,27,20
6,10,9,28,10
6,10,9,29,0
6,10,9,30,23
6,10,9,31,20
6,10,9,32,0
6,10,9,33,15
6,10,9,34,11
6,10,9,35,8
6,10,9,36,20
6,10,9,37,27
6,10,9,38,13
6,10,9,39,13
6,10,9,40,4
6,10,9,41,20
6,10,9,42,10
6,10,9,43,9
6,10,9,44,8
6,10,9,45,7
6,10,9,46,8
6,10,9,47,10
6,10,9,48,10
6,10,9,49,10
6,10,9,50,9
6,10,9,51,0
6,10,9,52,2
6,10,9,53,1
6,10,9,54,0
6,10,9,55,14
6,10,9,56,0
6,10,9,57,11
6,10,9,58,11
6,10,9,59,5
6,10,9,60,9
6,10,9,61,10
6,10,9,62,7
6,10,9,63,6
6,10,9,64,4
6,10,9,65,3
6,10,9,66,2
6,10,9,67,1
6,10,9,68,0
6,10,9,69,0
6,10,9,70,4
6,10,9,71,2
6,10,9,72,1
6,10,9,73,0
6,10,9,74,7
6,10,9,75,6
6,10,9,76,4
6,10,9,77,1
6,10,9,78,0
6,10,9,79,3
6,10,9,80,2
6,10,9,81,1
6,10,9,82,0
6,10,9,83,0
6,10,9,84,0
6,10,9,85,0
6,10,9,86,0
6,10,9,87,0
6,10,9,88,0
6,10,9,89,0
6,10,9,90,1
6,10,10,0,0
6,10,10,1,0
6,10,10,2,0
6,10,10,3,0
6,10,10,4,0
6,10,10,5,0
6,10,10,6,0
6,10,10,7,1
6,10,10,8,0
6,10,10,9,1
6,10,10,10,0
6,10,10,11,0
6,10,10,12,2
6,10,10,13,1
6,10,10,14,0
6,10,10,15,0
6,10,10,16,0
6,10,10,17,12
6,10,10,18,11
6,10,10,19,10
6,10,10,20,6
6,10,10,21,8
6,10,10,22,7
6,10,10,23,6
6,10,10,24,5
6,10,10,25,8
6,10,10,26,6
6,10,10,27,7
6,10,10,28,6
6,10,10,29,7
6,10,10,30,6
6,10,10,31,7
6,10,10,32,8
6,10,10,33,14
6,10,10,34,6
6,10,10,35,4
6,10,10,36,2
6,10,10,37,6
6,10,10,38,4
6,10,10,39,1
6,10,10,40,0
6,10,10,41,10
6,10,10,42,7
6,10,10,43,8
6,10,10,44,10
6,10,10,45,21
6,10,10,46,23
6,10,10,47,23
6,10,10,48,0
6,10,10,49,5
6,10,10,50,1
6,10,10,51,0
6,10,10,52,3
6,10,10,53,6
6,10,10,54,5
6,10,10,55,19
6,10,10,56,3
6,10,10,57,3
6,10,10,58,0
6,10,10,59,11
6,10,10,60,10
6,10,10,61,10
6,10,10,62,1
6,10,10,63,0
6,10,10,64,9
6,10,10,65,0
6,10,10,66,7
6,10,10,67,9
6,10,10,68,3
6,10,10,69,7
6,10,10,70,6
6,10,10,71,9
6,10,10,72,5
6,10,10,73,4
6,10,10,74,2
6,10,10,75,1
6,10,10,76,4
6,10,10,77,1
6,10,10,78,0
6,10,10,79,0
6,10,10,80,1
6,10,10,81,1
6,10,10,82,0
6,10,10,83,0
6,10,10,84,0
6,10,10,85,0
6,10,10,86,0
6,10,10,87,0
6,10,10,88,0
6,10,10,89,1
6,10,11,0,0
6,10,11,1,0
6,10,11,2,0
6,10,11,3,0
6,10,11,4,0
6,10,11,5,1
6,10,11,6,0
6,10,11,7,1
6,10,11,8,0
6,10,11,9,0
6,10,11,10,0
6,10,11,11,0
6,10,11,12,0
6,10,11,13,0
6,10,11,14,7
6,10,11,15,6
6,10,11,16,4
6,10,11,17,7
6,10,11,18,5
6,10,11,19,6
6,10,11,20,8
6,10,11,21,7
6,10,11,22,5
6,10,11,23,8
6,10,11,24,4
6,10,11,25,0
6,10,11,26,7
6,10,11,27,1
6,10,11,28,0
6,10,11,29,5
6,10,11,30,5
6,10,11,31,22
6,10,11,32,4
6,10,11,33,22
6,10,11,34,7
6,10,11,35,4
6,10,11,36,3
6,10,11,37,21
6,10,11,38,6
6,10,11,39,5
6,10,11,40,4
6,10,11,41,0
6,10,11,42,0
6,10,11,43,10
6,10,11,44,0
6,10,11,45,9
6,10,11,46,8
6,10,11,47,5
6,10,11,48,25
6,10,11,49,22
6,10,11,50,7
6,10,11,51,1
6,10,11,52,14
6,10,11,53,1
6,10,11,54,0
6,10,11,55,0
6,10,11,56,18
6,10,11,57,18
6,10,11,58,2
6,10,11,59,1
6,10,11,60,0
6,10,11,61,10
6,10,11,62,8
6,10,11,63,0
6,10,11,64,15
6,10,11,65,10
6,10,11,66,10
6,10,11,67,9
6,10,11,68,8
6,10,11,69,7
6,10,11,70,8
6,10,11,71,2
6,10,11,72,8
6,10,11,73,6
6,10,11,74,6
6,10,11,75,4
6,10,11,76,6
6,10,11,77,4
6,10,11,78,3
6,10,11,79,2
6,10,11,80,1
6,10,11,81,0
6,10,11,82,1
6,10,11,83,0
6,10,11,84,0
6,10,11,85,0
6,10,11,86,0
6,10,11,87,0
6,10,11,88,0
6,10,11,89,0
6,10,11,90,0
6,10,11,91,0
6,10,11,92,0
6,10,11,93,0
6,10,11,94,0
6,10,11,95,0
6,10,11,96,0
6,10,11,97,1
6,10,11,98,1
6,10,12,0,0
6,10,12,1,0
6,10,12,2,0
6,10,12,3,0
6,10,12,4,0
6,10,12,5,1
6,10,12,6,0
6,10,12,7,0
6,10,12,8,0
6,10,12,9,0
6,10,12,10,1
6,10,12,11,0
6,10,12,12,0
6,10,12,13,3
6,10,12,14,2
6,10,12,15,1
6,10,12,16,0
6,10,12,17,0
6,10,12,18,10
6,10,12,19,0
6,10,12,20,8
6,10,12,21,6
6,10,12,22,6
6,10,12,23,5
6,10,12,24,7
6,10,12,25,6
6,10,12,26,25
6,10,12,27,23
6,10,12,28,3
6,10,12,29,12
6,10,12,30,10
6,10,12,31,11
6,10,12,32,4
6,10,12,33,8
6,10,12,34,10
6,10,12,35,8
6,10,12,36,22
6,10,12,37,2
6,10,12,38,2
6,10,12,39,9
6,10,12,40,0
6,10,12,41,0
6,10,12,42,10
6,10,12,43,9
6,10,12,44,28
6,10,12,45,0
6,10,12,46,8
6,10,12,47,22
6,10,12,48,15
6,10,12,49,25
6,10,12,50,0
6,10,12,51,0
6,10,12,52,10
6,10,12,53,1
6,10,12,54,0
6,10,12,55,17
6,10,12,56,10
6,10,12,57,13
6,10,12,58,12
6,10,12,59,15
6,10,12,60,5
6,10,12,61,5
6,10,12,62,8
6,10,12,63,7
6,10,12,64,1
6,10,12,65,0
6,10,12,66,8
6,10,12,67,6
6,10,12,68,7
6,10,12,69,7
6,10,12,70,0
6,10,12,71,0
6,10,12,72,6
6,10,12,73,4
6,10,12,74,7
6,10,12,75,3
6,10,12,76,0
6,10,12,77,0
6,10,12,78,5
6,10,12,79,2
6,10,12,80,0
6,10,12,81,0
6,10,12,82,2
6,10,12,83,1
6,10,12,84,0
6,10,12,85,0
6,10,12,86,0
6,10,12,87,0
6,10,12,88,0
6,10,12,89,0
6,10,12,90,1
6,10,12,91,0
6,10,12,92,0
6,10,12,93,0
6,10,12,94,0
6,10,12,95,1
6,15,1,0,0
6,15,1,1,0
6,15,1,2,0
6,15,1,3,0
6,15,1,4,0
6,15,1,5,0
6,15,1,6,4
6,15,1,7,2
6,15,1,8,0
6,15,1,9,0
6,15,1,10,6
6,15,1,11,3
6,15,1,12,2
6,15,1,13,2
6,15,1,14,9
6,15,1,15,14
6,15,1,16,0
6,15,1,17,19
6,15,1,18,15
6,15,1,19,13
6,15,1,20,13
6,15,1,21,11
6,15,1,22,9
6,15,1,23,9
6,15,1,24,9
6,15,1,25,7
6,15,1,26,11
6,15,1,27,13
6,15,1,28,45
6,15,1,29,45
6,15,1,30,46
6,15,1,31,8
6,15,1,32,36
6,15,1,33,11
6,15,1,34,39
6,15,1,35,40
6,15,1,36,34
6,15,1,37,41
6,15,1,38,13
6,15,1,39,40
6,15,1,40,42
6,15,1,41,11
6,15,1,42,31
6,15,1,43,42
6,15,1,44,38
6,15,1,45,40
6,15,1,46,13
6,15,1,47,33
6,15,1,48,37
6,15,1,49,35
6,15,1,50,39
6,15,1,51,36
6,15,1,52,37
6,15,1,53,34
6,15,1,54,30
6,15,1,55,35
6,15,1,56,32
6,15,1,57,14
6,15,1,58,33
6,15,1,59,30
6,15,1,60,13
6,15,1,61,19
6,15,1,62,18
6,15,1,63,23
6,15,1,64,27
6,15,1,65,12
6,15,1,66,25
6,15,1,67,23
6,15,1,68,21
6,15,1,69,22
6,15,1,70,8
6,15,1,71,19
6,15,1,72,21
6,15,1,73,16
6,15,1,74,16
6,15,1,75,17
6,15,1,76,14
6,15,1,77,12
6,15,1,78,15
6,15,1,79,9
6,15,1,80,14
6,15,1,81,13
6,15,1,82,13
6,15,1,83,12
6,15,1,84,10
6,15,1,85,0
6,15,1,86,6
6,15,1,87,9
6,15,1,88,6
6,15,1,89,9
6,15,1,90,0
6,15,1,91,7
6,15,1,92,5
6,15,1,93,6
6,15,1,94,6
6,15,1,95,2
6,15,1,96,4
6,15,1,97,3
6,15,1,98,2
6,15,1,99,1
6,15,2,0,0
6,15,2,1,0
6,15,2,2,0
6,15,2,3,0
6,15,2,4,0
6,15,2,5,2
6,15,2,6,3
6,15,2,7,2
6,15,2,8,1
6,15,2,9,0
6,15,2,10,1
6,15,2,11,0
6,15,2,12,1
6,15,2,13,0
6,15,2,14,0
6,15,2,15,0
6,15,2,16,4
6,15,2,17,10
6,15,2,18,14
6,15,2,19,11
6,15,2,20,14
6,15,2,21,13
6,15,2,22,9
6,15,2,23,7
6,15,2,24,15
6,15,2,25,10
6,15,2,26,7
6,15,2,27,37
6,15,2,28,47
6,15,2,29,46
6,15,2,30,49
6,15,2,31,45
6,15,2,32,16
6,15,2,33,43
6,15,2,34,48
6,15,2,35,28
6,15,2,36,14
6,15,2,37,10
6,15,2,38,43
6,15,2,39,13
6,15,2,40,42
6,15,2,41,39
6,15,2,42,35
6,15,2,43,33
6,15,2,44,37
6,15,2,45,34
6,15,2,46,36
6,15,2,47,36
6,15,2,48,37
6,15,2,49,39
6,15,2,50,36
6,15,2,51,37
6,15,2,52,37
6,15,2,53,34
6,15,2,54,31
6,15,2,55,28
6,15,2,56,25
6,15,2,57,27
6,15,2,58,25
6,15,2,59,28
6,15,2,60,27
6,15,2,61,24
6,15,2,62,0
6,15,2,63,22
6,15,2,64,9
6,15,2,65,23
6,15,2,66,3
6,15,2,67,22
6,15,2,68,8
6,15,2,69,24
6,15,2,70,23
6,15,2,71,21
6,15,2,72,22
6,15,2,73,16
6,15,2,74,20
6,15,2,75,22
6,15,2,76,18
6,15,2,77,20
6,15,2,78,19
6,15,2,79,13
6,15,2,80,13
6,15,2,81,17
6,15,2,82,16
6,15,2,83,13
6,15,2,84,10
6,15,2,85,9
6,15,2,86,8
6,15,2,87,9
6,15,2,88,8
6,15,2,89,6
6,15,2,90,8
6,15,2,91,6
6,15,2,92,6
6,15,2,93,6
6,15,2,94,4
6,15,2,95,4
6,15,2,96,4
6,15,2,97,3
6,15,2,98,1
6,15,2,99,0
6,15,2,100,2
6,15,2,101,1
6,15,3,0,0
6,15,3,1,0
6,15,3,2,0
6,15,3,3,0
6,15,3,4,0
6,15,3,5,0
6,15,3,6,3
6,15,3,7,3
6,15,3,8,0
6,15,3,9,4
6,15,3,10,0
6,15,3,11,4
6,15,3,12,0
6,15,3,13,6
6,15,3,14,5
6,15,3,15,9
6,15,3,16,7
6,15,3,17,10
6,15,3,18,10
6,15,3,19,8
6,15,3,20,11
6,15,3,21,16
6,15,3,22,11
6,15,3,23,14
6,15,3,24,20
6,15,3,25,10
6,15,3,26,10
6,15,3,27,13
6,15,3,28,13
6,15,3,29,49
6,15,3,30,49
6,15,3,31,17
6,15,3,32,34
6,15,3,33,14
6,15,3,34,9
6,15,3,35,7
6,15,3,36,44
6,15,3,37,41
6,15,3,38,8
6,15,3,39,41
6,15,3,40,19
6,15,3,41,40
6,15,3,42,36
6,15,3,43,36
6,15,3,44,33
6,15,3,45,40
6,15,3,46,37
6,15,3,47,31
6,15,3,48,31
6,15,3,49,10
6,15,3,50,11
6,15,3,51,9
6,15,3,52,7
6,15,3,53,33
6,15,3,54,31
6,15,3,55,27
6,15,3,56,28
6,15,3,57,32
6,15,3,58,24
6,15,3,59,26
6,15,3,60,25
6,15,3,61,26
6,15,3,62,24
6,15,3,63,22
6,15,3,64,22
6,15,3,65,26
6,15,3,66,24
6,15,3,67,7
6,15,3,68,21
6,15,3,69,21
6,15,3,70,19
6,15,3,71,7
6,15,3,72,6
6,15,3,73,17
6,15,3,74,15
6,15,3,75,18
6,15,3,76,16
6,15,3,77,16
6,15,3,78,17
6,15,3,79,0
6,15,3,80,0
6,15,3,81,13
6,15,3,82,12
6,15,3,83,11
6,15,3,84,10
6,15,3,85,0
6,15,3,86,9
6,15,3,87,4
6,15,3,88,10
6,15,3,89,9
6,15,3,90,9
6,15,3,91,7
6,15,3,92,8
6,15,3,93,7
6,15,3,94,4
6,15,3,95,3
6,15,3,96,0
6,15,3,97,2
6,15,3,98,1
6,15,3,99,0
6,15,3,100,2
6,15,3,101,1
6,15,3,102,0
6,15,3,103,0
6,15,3,104,0
6,15,3,105,0
6,15,3,106,1
6,15,4,0,0
6,15,4,1,0
6,15,4,2,0
6,15,4,3,0
6,15,4,4,0
6,15,4,5,0
6,15,4,6,0
6,15,4,7,0
6,15,4,8,3
6,15,4,9,1
6,15,4,10,0
6,15,4,11,0
6,15,4,12,0
6,15,4,13,13
6,15,4,14,12
6,15,4,15,4
6,15,4,16,10
6,15,4,17,0
6,15,4,18,10
6,15,4,19,17
6,15,4,20,12
6,15,4,21,10
6,15,4,22,13
6,15,4,23,16
6,15,4,24,35
6,15,4,25,14
6,15,4,26,11
6,15,4,27,13
6,15,4,28,9
6,15,4,29,41
6,15,4,30,32
6,15,4,31,54
6,15,4,32,32
6,15,4,33,32
6,15,4,34,32
6,15,4,35,44
6,15,4,36,46
6,15,4,37,40
6,15,4,38,42
6,15,4,39,33
6,15,4,40,8
6,15,4,41,39
6,15,4,42,30
6,15,4,43,45
6,15,4,44,6
6,15,4,45,37
6,15,4,46,35
6,15,4,47,27
6,15,4,48,21
6,15,4,49,23
6,15,4,50,37
6,15,4,51,36
6,15,4,52,39
6,15,4,53,36
6,15,4,54,33
6,15,4,55,35
6,15,4,56,28
6,15,4,57,24
6,15,4,58,16
6,15,4,59,27
6,15,4,60,27
6,15,4,61,15
6,15,4,62,24
6,15,4,63,26
6,15,4,64,13
6,15,4,65,21
6,15,4,66,25
6,15,4,67,17
6,15,4,68,23
6,15,4,69,17
6,15,4,70,15
6,15,4,71,20
6,15,4,72,20
6,15,4,73,22
6,15,4,74,18
6,15,4,75,11
6,15,4,76,19
6,15,4,77,17
6,15,4,78,18
6,15,4,79,14
6,15,4,80,17
6,15,4,81,15
6,15,4,82,12
6,15,4,83,12
6,15,4,84,9
6,15,4,85,11
6,15,4,86,9
6,15,4,87,10
6,15,4,88,10
6,15,4,89,9
6,15,4,90,7
6,15,4,91,7
6,15,4,92,7
6,15,4,93,6
6,15,4,94,4
6,15,4,95,4
6,15,4,96,4
6,15,4,97,3
6,15,4,98,3
6,15,4,99,2
6,15,4,100,1
6,15,5,0,0
6,15,5,1,0
6,15,5,2,0
6,15,5,3,0
6,15,5,4,0
6,15,5,5,2
6,15,5,6,1
6,15,5,7,0
6,15,5,8,2
6,15,5,9,1
6,15,5,10,0
6,15,5,11,0
6,15,5,12,0
6,15,5,13,0
6,15,5,14,0
6,15,5,15,6
6,15,5,16,5
6,15,5,17,17
6,15,5,18,5
6,15,5,19,13
6,15,5,20,13
6,15,5,21,10
6,15,5,22,11
6,15,5,23,11
6,15,5,24,0
6,15,5,25,9
6,15,5,26,13
6,15,5,27,8
6,15,5,28,52
6,15,5,29,17
6,15,5,30,13
6,15,5,31,19
6,15,5,32,50
6,15,5,33,33
6,15,5,34,36
6,15,5,35,46
6,15,5,36,19
6,15,5,37,43
6,15,5,38,43
6,15,5,39,42
6,15,5,40,41
6,15,5,41,11
6,15,5,42,28
6,15,5,43,29
6,15,5,44,27
6,15,5,45,11
6,15,5,46,27
6,15,5,47,29
6,15,5,48,29
6,15,5,49,26
6,15,5,50,34
6,15,5,51,26
6,15,5,52,35
6,15,5,53,34
6,15,5,54,28
6,15,5,55,26
6,15,5,56,29
6,15,5,57,23
6,15,5,58,31
6,15,5,59,32
6,15,5,60,26
6,15,5,61,14
6,15,5,62,18
6,15,5,63,28
6,15,5,64,24
6,15,5,65,25
6,15,5,66,22
6,15,5,67,20
6,15,5,68,10
6,15,5,69,9
6,15,5,70,19
6,15,5,71,16
6,15,5,72,17
6,15,5,73,11
6,15,5,74,16
6,15,5,75,19
6,15,5,76,20
6,15,5,77,16
6,15,5,78,20
6,15,5,79,12
6,15,5,80,12
6,15,5,81,10
6,15,5,82,8
6,15,5,83,6
6,15,5,84,7
6,15,5,85,7
6,15,5,86,7
6,15,5,87,9
6,15,5,88,7
6,15,5,89,7
6,15,5,90,7
6,15,5,91,5
6,15,5,92,5
6,15,5,93,2
6,15,5,94,6
6,15,5,95,3
6,15,5,96,4
6,15,5,97,0
6,15,5,98,2
6,15,5,99,1
6,15,5,100,0
6,15,5,101,2
6,15,5,102,1
6,15,6,0,0
6,15,6,1,0
6,15,6,2,0
6,15,6,3,0
6,15,6,4,0
6,15,6,5,3
6,15,6,6,2
6,15,6,7,1
6,15,6,8,0
6,15,6,9,0
6,15,6,10,0
6,15,6,11,0
6,15,6,12,0
6,15,6,13,9
6,15,6,14,14
6,15,6,15,6
6,15,6,16,11
6,15,6,17,12
6,15,6,18,13
6,15,6,19,5
6,15,6,20,6
6,15,6,21,8
6,15,6,22,13
6,15,6,23,15
6,15,6,24,11
6,15,6,25,12
6,15,6,26,10
6,15,6,27,8
6,15,6,28,9
6,15,6,29,9
6,15,6,30,9
6,15,6,31,11
6,15,6,32,34
6,15,6,33,8
6,15,6,34,8
6,15,6,35,20
6,15,6,36,16
6,15,6,37,46
6,15,6,38,44
6,15,6,39,46
6,15,6,40,30
6,15,6,41,44
6,15,6,42,45
6,15,6,43,43
6,15,6,44,41
6,15,6,45,41
6,15,6,46,31
6,15,6,47,35
6,15,6,48,32
6,15,6,49,29
6,15,6,50,38
6,15,6,51,36
6,15,6,52,31
6,15,6,53,31
6,15,6,54,29
6,15,6,55,33
6,15,6,56,8
6,15,6,57,30
6,15,6,58,11
6,15,6,59,28
6,15,6,60,28
6,15,6,61,27
6,15,6,62,26
6,15,6,63,24
6,15,6,64,25
6,15,6,65,24
6,15,6,66,22
6,15,6,67,24
6,15,6,68,22
6,15,6,69,22
6,15,6,70,19
6,15,6,71,8
6,15,6,72,17
6,15,6,73,17
6,15,6,74,16
6,15,6,75,15
6,15,6,76,16
6,15,6,77,15
6,15,6,78,15
6,15,6,79,15
6,15,6,80,13
6,15,6,81,12
6,15,6,82,11
6,15,6,83,11
6,15,6,84,10
6,15,6,85,8
6,15,6,86,8
6,15,6,87,6
6,15,6,88,3
6,15,6,89,3
6,15,6,90,0
6,15,6,91,0
6,15,6,92,4
6,15,6,93,3
6,15,6,94,4
6,15,6,95,4
6,15,6,96,6
6,15,6,97,4
6,15,6,98,4
6,15,6,99,3
6,15,6,100,1
6,15,6,101,0
6,15,6,102,0
6,15,6,103,0
6,15,6,104,0
6,15,6,105,1
6,15,7,0,0
6,15,7,1,0
6,15,7,2,0
6,15,7,3,0
6,15,7,4,0
6,15,7,5,1
6,15,7,6,0
6,15,7,7,0
6,15,7,8,2
6,15,7,9,1
6,15,7,10,0
6,15,7,11,0
6,15,7,12,0
6,15,7,13,15
6,15,7,14,9
6,15,7,15,4
6,15,7,16,8
6,15,7,17,0
6,15,7,18,14
6,15,7,19,7
6,15,7,20,8
6,15,7,21,11
6,15,7,22,10
6,15,7,23,8
6,15,7,24,14
6,15,7,25,12
6,15,7,26,12
6,15,7,27,8
6,15,7,28,8
6,15,7,29,13
6,15,7,30,10
6,15,7,31,13
6,15,7,32,10
6,15,7,33,8
6,15,7,34,8
6,15,7,35,39
6,15,7,36,43
6,15,7,37,39
6,15,7,38,37
6,15,7,39,7
6,15,7,40,39
6,15,7,41,40
6,15,7,42,37
6,15,7,43,30
6,15,7,44,31
6,15,7,45,39
6,15,7,46,37
6,15,7,47,39
6,15,7,48,34
6,15,7,49,37
6,15,7,50,32
6,15,7,51,16
6,15,7,52,32
6,15,7,53,33
6,15,7,54,32
6,15,7,55,32
6,15,7,56,30
6,15,7,57,33
6,15,7,58,25
6,15,7,59,18
6,15,7,60,14
6,15,7,61,28
6,15,7,62,12
6,15,7,63,22
6,15,7,64,19
6,15,7,65,26
6,15,7,66,26
6,15,7,67,20
6,15,7,68,15
6,15,7,69,22
6,15,7,70,17
6,15,7,71,21
6,15,7,72,21
6,15,7,73,19
6,15,7,74,14
6,15,7,75,12
6,15,7,76,17
6,15,7,77,15
6,15,7,78,13
6,15,7,79,15
6,15,7,80,14
6,15,7,81,9
6,15,7,82,10
6,15,7,83,11
6,15,7,84,12
6,15,7,85,10
6,15,7,86,11
6,15,7,87,8
6,15,7,88,11
6,15,7,89,11
6,15,7,90,8
6,15,7,91,2
6,15,7,92,8
6,15,7,93,1
6,15,7,94,0
6,15,7,95,0
6,15,7,96,2
6,15,7,97,1
6,15,7,98,0
6,15,7,99,0
6,15,7,100,1
6,15,7,101,0
6,15,7,102,3
6,15,7,103,2
6,15,7,104,1
6,15,8,0,0
6,15,8,1,0
6,15,8,2,0
6,15,8,3,0
6,15,8,4,0
6,15,8,5,0
6,15,8,6,4
6,15,8,7,3
6,15,8,8,0
6,15,8,9,0
6,15,8,10,2
6,15,8,11,1
6,15,8,12,0
6,15,8,13,15
6,15,8,14,6
6,15,8,15,15
6,15,8,16,13
6,15,8,17,8
6,15,8,18,13
6,15,8,19,12
6,15,8,20,9
6,15,8,21,10
6,15,8,22,10
6,15,8,23,12
6,15,8,24,12
6,15,8,25,7
6,15,8,26,6
6,15,8,27,12
6,15,8,28,11
6,15,8,29,8
6,15,8,30,9
6,15,8,31,8
6,15,8,32,10
6,15,8,33,7
6,15,8,34,6
6,15,8,35,20
6,15,8,36,33
6,15,8,37,6
6,15,8,38,45
6,15,8,39,41
6,15,8,40,37
6,15,8,41,20
6,15,8,42,16
6,15,8,43,15
6,15,8,44,38
6,15,8,45,16
6,15,8,46,17
6,15,8,47,17
6,15,8,48,14
6,15,8,49,34
6,15,8,50,11
6,15,8,51,35
6,15,8,52,9
6,15,8,53,9
6,15,8,54,8
6,15,8,55,17
6,15,8,56,16
6,15,8,57,14
6,15,8,58,12
6,15,8,59,13
6,15,8,60,12
6,15,8,61,11
6,15,8,62,27
6,15,8,63,10
6,15,8,64,10
6,15,8,65,20
6,15,8,66,0
6,15,8,67,0
6,15,8,68,16
6,15,8,69,21
6,15,8,70,21
6,15,8,71,17
6,15,8,72,16
6,15,8,73,15
6,15,8,74,14
6,15,8,75,19
6,15,8,76,19
6,15,8,77,16
6,15,8,78,12
6,15,8,79,14
6,15,8,80,11
6,15,8,81,14
6,15,8,82,0
6,15,8,83,12
6,15,8,84,14
6,15,8,85,9
6,15,8,86,12
6,15,8,87,9
6,15,8,88,8
6,15,8,89,8
6,15,8,90,8
6,15,8,91,8
6,15,8,92,8
6,15,8,93,7
6,15,8,94,7
6,15,8,95,5
6,15,8,96,5
6,15,8,97,3
6,15,8,98,4
6,15,8,99,3
6,15,8,100,2
6,15,8,101,1
6,15,9,0,0
6,15,9,1,0
6,15,9,2,0
6,15,9,3,0
6,15,9,4,0
6,15,9,5,0
6,15,9,6,0
6,15,9,7,0
6,15,9,8,1
6,15,9,9,0
6,15,9,10,8
6,15,9,11,8
6,15,9,12,7
6,15,9,13,4
6,15,9,14,0
6,15,9,15,8
6,15,9,16,7
6,15,9,17,11
6,15,9,18,9
6,15,9,19,7
6,15,9,20,13
6,15,9,21,15
6,15,9,22,13
6,15,9,23,8
6,15,9,24,31
6,15,9,25,16
6,15,9,26,29
6,15,9,27,33
6,15,9,28,13
6,15,9,29,30
6,15,9,30,13
6,15,9,31,9
6,15,9,32,32
6,15,9,33,30
6,15,9,34,13
6,15,9,35,25
6,15,9,36,22
6,15,9,37,22
6,15,9,38,25
6,15,9,39,27
6,15,9,40,38
6,15,9,41,39
6,15,9,42,40
6,15,9,43,40
6,15,9,44,26
6,15,9,45,40
6,15,9,46,24
6,15,9,47,39
6,15,9,48,18
6,15,9,49,22
6,15,9,50,34
6,15,9,51,35
6,15,9,52,29
6,15,9,53,24
6,15,9,54,26
6,15,9,55,27
6,15,9,56,21
6,15,9,57,26
6,15,9,58,32
6,15,9,59,35
6,15,9,60,28
6,15,9,61,26
6,15,9,62,24
6,15,9,63,26
6,15,9,64,24
6,15,9,65,28
6,15,9,66,24
6,15,9,67,23
6,15,9,68,0
6,15,9,69,27
6,15,9,70,26
6,15,9,71,19
6,15,9,72,21
6,15,9,73,13
6,15,9,74,21
6,15,9,75,20
6,15,9,76,10
6,15,9,77,9
6,15,9,78,19
6,15,9,79,0
6,15,9,80,10
6,15,9,81,3
6,15,9,82,14
6,15,9,83,15
6,15,9,84,0
6,15,9,85,12
6,15,9,86,10
6,15,9,87,6
6,15,9,88,7
6,15,9,89,10
6,15,9,90,5
6,15,9,91,4
6,15,9,92,7
6,15,9,93,6
6,15,9,94,4
6,15,9,95,4
6,15,9,96,5
6,15,9,97,4
6,15,9,98,2
6,15,9,99,1
6,15,9,100,0
6,15,9,101,1
6,15,9,102,0
6,15,9,103,0
6,15,9,104,0
6,15,9,105,0
6,15,9,106,0
6,15,9,107,0
6,15,9,108,0
6,15,9,109,1
6,15,10,0,0
6,15,10,1,0
6,15,10,2,0
6,15,10,3,0
6,15,10,4,0
6,15,10,5,0
6,15,10,6,3
6,15,10,7,3
6,15,10,8,2
6,15,10,9,1
6,15,10,10,0
6,15,10,11,0
6,15,10,12,0
6,15,10,13,0
6,15,10,14,14
6,15,10,15,12
6,15,10,16,9
6,15,10,17,9
6,15,10,18,8
6,15,10,19,16
6,15,10,20,10
6,15,10,21,15
6,15,10,22,13
6,15,10,23,7
6,15,10,24,53
6,15,10,25,19
6,15,10,26,14
6,15,10,27,9
6,15,10,28,37
6,15,10,29,17
6,15,10,30,13
6,15,10,31,9
6,15,10,32,12
6,15,10,33,12
6,15,10,34,38
6,15,10,35,6
6,15,10,36,35
6,15,10,37,17
6,15,10,38,33
6,15,10,39,36
6,15,10,40,34
6,15,10,41,43
6,15,10,42,24
6,15,10,43,13
6,15,10,44,39
6,15,10,45,40
6,15,10,46,37
6,15,10,47,37
6,15,10,48,32
6,15,10,49,25
6,15,10,50,34
6,15,10,51,30
6,15,10,52,33
6,15,10,53,31
6,15,10,54,26
6,15,10,55,35
6,15,10,56,33
6,15,10,57,29
6,15,10,58,31
6,15,10,59,29
6,15,10,60,27
6,15,10,61,28
6,15,10,62,22
6,15,10,63,22
6,15,10,64,21
6,15,10,65,25
6,15,10,66,22
6,15,10,67,17
6,15,10,68,19
6,15,10,69,19
6,15,10,70,16
6,15,10,71,17
6,15,10,72,19
6,15,10,73,16
6,15,10,74,16
6,15,10,75,16
6,15,10,76,18
6,15,10,77,13
6,15,10,78,9
6,15,10,79,16
6,15,10,80,14
6,15,10,81,11
6,15,10,82,12
6,15,10,83,14
6,15,10,84,12
6,15,10,85,9
6,15,10,86,10
6,15,10,87,7
6,15,10,88,8
6,15,10,89,7
6,15,10,90,9
6,15,10,91,7
6,15,10,92,7
6,15,10,93,3
6,15,10,94,3
6,15,10,95,2
6,15,10,96,3
6,15,10,97,2
6,15,10,98,1
6,15,11,0,0
6,15,11,1,0
6,15,11,2,0
6,15,11,3,0
6,15,11,4,0
6,15,11,5,1
6,15,11,6,0
6,15,11,7,0
6,15,11,8,2
6,15,11,9,1
6,15,11,10,0
6,15,11,11,5
6,15,11,12,0
6,15,11,13,7
6,15,11,14,6
6,15,11,15,4
6,15,11,16,13
6,15,11,17,12
6,15,11,18,12
6,15,11,19,10
6,15,11,20,15
6,15,11,21,8
6,15,11,22,15
6,15,11,23,12
6,15,11,24,8
6,15,11,25,9
6,15,11,26,9
6,15,11,27,8
6,15,11,28,9
6,15,11,29,9
6,15,11,30,11
6,15,11,31,10
6,15,11,32,51
6,15,11,33,11
6,15,11,34,15
6,15,11,35,40
6,15,11,36,39
6,15,11,37,44
6,15,11,38,49
6,15,11,39,4
6,15,11,40,39
6,15,11,41,18
6,15,11,42,22
6,15,11,43,42
6,15,11,44,44
6,15,11,45,41
6,15,11,46,39
6,15,11,47,36
6,15,11,48,28
6,15,11,49,18
6,15,11,50,14
6,15,11,51,35
6,15,11,52,35
6,15,11,53,15
6,15,11,54,0
6,15,11,55,1
6,15,11,56,0
6,15,11,57,27
6,15,11,58,1
6,15,11,59,0
6,15,11,60,28
6,15,11,61,29
6,15,11,62,25
6,15,11,63,27
6,15,11,64,29
6,15,11,65,28
6,15,11,66,17
6,15,11,67,25
6,15,11,68,25
6,15,11,69,14
6,15,11,70,0
6,15,11,71,22
6,15,11,72,14
6,15,11,73,20
6,15,11,74,13
6,15,11,75,20
6,15,11,76,9
6,15,11,77,10
6,15,11,78,8
6,15,11,79,6
6,15,11,80,7
6,15,11,81,9
6,15,11,82,5
6,15,11,83,4
6,15,11,84,11
6,15,11,85,5
6,15,11,86,11
6,15,11,87,13
6,15,11,88,8
6,15,11,89,5
6,15,11,90,5
6,15,11,91,8
6,15,11,92,5
6,15,11,93,3
6,15,11,94,3
6,15,11,95,3
6,15,11,96,4
6,15,11,97,3
6,15,11,98,2
6,15,11,99,0
6,15,11,100,0
6,15,11,101,3
6,15,11,102,0
6,15,11,103,0
6,15,11,104,2
6,15,11,105,1
6,15,12,0,0
6,15,12,1,0
6,15,12,2,0
6,15,12,3,0
6,15,12,4,0
6,15,12,5,1
6,15,12,6,0
6,15,12,7,2
6,15,12,8,1
6,15,12,9,0
6,15,12,10,1
6,15,12,11,0
6,15,12,12,0
6,15,12,13,0
6,15,12,14,16
6,15,12,15,6
6,15,12,16,12
6,15,12,17,10
6,15,12,18,12
6,15,12,19,12
6,15,12,20,18
6,15,12,21,15
6,15,12,22,17
6,15,12,23,18
6,15,12,24,17
6,15,12,25,17
6,15,12,26,16
6,15,12,27,15
6,15,12,28,11
6,15,12,29,36
6,15,12,30,17
6,15,12,31,28
6,15,12,32,50
6,15,12,33,32
6,15,12,34,46
6,15,12,35,27
6,15,12,36,11
6,15,12,37,8
6,15,12,38,31
6,15,12,39,15
6,15,12,40,27
6,15,12,41,13
6,15,12,42,11
6,15,12,43,27
6,15,12,44,27
6,15,12,45,24
6,15,12,46,21
6,15,12,47,28
6,15,12,48,37
6,15,12,49,24
6,15,12,50,25
6,15,12,51,17
6,15,12,52,23
6,15,12,53,24
6,15,12,54,12
6,15,12,55,19
6,15,12,56,19
6,15,12,57,30
6,15,12,58,29
6,15,12,59,20
6,15,12,60,29
6,15,12,61,27
6,15,12,62,28
6,15,12,63,26
6,15,12,64,9
6,15,12,65,9
6,15,12,66,6
6,15,12,67,17
6,15,12,68,14
6,15,12,69,11
6,15,12,70,11
6,15,12,71,9
6,15,12,72,13
6,15,12,73,15
6,15,12,74,13
6,15,12,75,15
6,15,12,76,14
6,15,12,77,3
6,15,12,78,20
6,15,12,79,15
6,15,12,80,9
6,15,12,81,8
6,15,12,82,8
6,15,12,83,8
6,15,12,84,0
6,15,12,85,13
6,15,12,86,11
6,15,12,87,7
6,15,12,88,12
6,15,12,89,6
6,15,12,90,9
6,15,12,91,8
6,15,12,92,6
6,15,12,93,5
6,15,12,94,4
6,15,12,95,3
6,15,12,96,0
6,15,12,97,0
6,15,12,98,6
6,15,12,99,3
6,15,12,100,2
6,15,12,101,1
6,15,12,102,0
6,15,12,103,0
6,15,12,104,0
6,15,12,105,0
6,15,12,106,2
6,15,12,107,1
6,20,1,0,0
6,20,1,1,0
6,20,1,2,0
6,20,1,3,0
6,20,1,4,0
6,20,1,5,1
6,20,1,6,2
6,20,1,7,2
6,20,1,8,0
6,20,1,9,0
6,20,1,10,1
6,20,1,11,2
6,20,1,12,1
6,20,1,13,1
6,20,1,14,0
6,20,1,15,26
6,20,1,16,27
6,20,1,17,24
6,20,1,18,22
6,20,1,19,18
6,20,1,20,15
6,20,1,21,24
6,20,1,22,14
6,20,1,23,17
6,20,1,24,23
6,20,1,25,23
6,20,1,26,23
6,20,1,27,23
6,20,1,28,22
6,20,1,29,19
6,20,1,30,66
6,20,1,31,15
6,20,1,32,59
6,20,1,33,14
6,20,1,34,60
6,20,1,35,15
6,20,1,36,51
6,20,1,37,49
6,20,1,38,56
6,20,1,39,54
6,20,1,40,53
6,20,1,41,54
6,20,1,42,50
6,20,1,43,53
6,20,1,44,14
6,20,1,45,15
6,20,1,46,13
6,20,1,47,49
6,20,1,48,46
6,20,1,49,45
6,20,1,50,11
6,20,1,51,49
6,20,1,52,44
6,20,1,53,43
6,20,1,54,41
6,20,1,55,39
6,20,1,56,37
6,20,1,57,39
6,20,1,58,39
6,20,1,59,42
6,20,1,60,35
6,20,1,61,37
6,20,1,62,37
6,20,1,63,39
6,20,1,64,35
6,20,1,65,37
6,20,1,66,35
6,20,1,67,36
6,20,1,68,32
6,20,1,69,31
6,20,1,70,33
6,20,1,71,34
6,20,1,72,35
6,20,1,73,32
6,20,1,74,33
6,20,1,75,32
6,20,1,76,30
6,20,1,77,29
6,20,1,78,31
6,20,1,79,32
6,20,1,80,29
6,20,1,81,27
6,20,1,82,27
6,20,1,83,25
6,20,1,84,24
6,20,1,85,20
6,20,1,86,19
6,20,1,87,21
6,20,1,88,20
6,20,1,89,23
6,20,1,90,21
6,20,1,91,18
6,20,1,92,19
6,20,1,93,16
6,20,1,94,17
6,20,1,95,16
6,20,1,96,19
6,20,1,97,18
6,20,1,98,17
6,20,1,99,15
6,20,1,100,10
6,20,1,101,15
6,20,1,102,14
6,20,1,103,12
6,20,1,104,12
6,20,1,105,9
6,20,1,106,12
6,20,1,107,12
6,20,1,108,12
6,20,1,109,11
6,20,1,110,9
6,20,1,111,7
6,20,1,112,7
6,20,1,113,8
6,20,1,114,7
6,20,1,115,5
6,20,1,116,6
6,20,1,117,7
6,20,1,118,9
6,20,1,119,8
6,20,1,120,5
6,20,1,121,5
6,20,1,122,4
6,20,1,123,6
6,20,1,124,5
6,20,1,125,4
6,20,1,126,3
6,20,1,127,0
6,20,1,128,0
6,20,1,129,3
6,20,1,130,2
6,20,1,131,1
6,20,2,0,0
6,20,2,1,0
6,20,2,2,0
6,20,2,3,0
6,20,2,4,0
6,20,2,5,2
6,20,2,6,3
6,20,2,7,2
6,20,2,8,2
6,20,2,9,1
6,20,2,10,0
6,20,2,11,4
6,20,2,12,3
6,20,2,13,0
6,20,2,14,0
6,20,2,15,0
6,20,2,16,21
6,20,2,17,10
6,20,2,18,18
6,20,2,19,15
6,20,2,20,16
6,20,2,21,12
6,20,2,22,17
6,20,2,23,16
6,20,2,24,26
6,20,2,25,14
6,20,2,26,37
6,20,2,27,61
6,20,2,28,59
6,20,2,29,40
6,20,2,30,37
6,20,2,31,41
6,20,2,32,11
6,20,2,33,39
6,20,2,34,37
6,20,2,35,38
6,20,2,36,11
6,20,2,37,36
6,20,2,38,40
6,20,2,39,56
6,20,2,40,9
6,20,2,41,9
6,20,2,42,46
6,20,2,43,53
6,20,2,44,54
6,20,2,45,50
6,20,2,46,28
6,20,2,47,39
6,20,2,48,49
6,20,2,49,44
6,20,2,50,39
6,20,2,51,34
6,20,2,52,47
6,20,2,53,41
6,20,2,54,44
6,20,2,55,42
6,20,2,56,40
6,20,2,57,38
6,20,2,58,31
6,20,2,59,40
6,20,2,60,38
6,20,2,61,40
6,20,2,62,37
6,20,2,63,30
6,20,2,64,29
6,20,2,65,32
6,20,2,66,28
6,20,2,67,31
6,20,2,68,30
6,20,2,69,29
6,20,2,70,29
6,20,2,71,33
6,20,2,72,34
6,20,2,73,34
6,20,2,74,31
6,20,2,75,30
6,20,2,76,31
6,20,2,77,32
6,20,2,78,27
6,20,2,79,28
6,20,2,80,26
6,20,2,81,22
6,20,2,82,22
6,20,2,83,19
6,20,2,84,20
6,20,2,85,21
6,20,2,86,22
6,20,2,87,21
6,20,2,88,16
6,20,2,89,13
6,20,2,90,19
6,20,2,91,13
6,20,2,92,17
6,20,2,93,17
6,20,2,94,16
6,20,2,95,15
6,20,2,96,14
6,20,2,97,15
6,20,2,98,14
6,20,2,99,12
6,20,2,100,11
6,20,2,101,12
6,20,2,102,13
6,20,2,103,12
6,20,2,104,9
6,20,2,105,8
6,20,2,106,11
6,20,2,107,9
6,20,2,108,8
6,20,2,109,9
6,20,2,110,8
6,20,2,111,8
6,20,2,112,9
6,20,2,113,8
6,20,2,114,7
6,20,2,115,6
6,20,2,116,5
6,20,2,117,7
6,20,2,118,5
6,20,2,119,7
6,20,2,120,6
6,20,2,121,4
6,20,2,122,5
6,20,2,123,5
6,20,2,124,4
6,20,2,125,0
6,20,2,126,3
6,20,2,127,2
6,20,2,128,1
6,20,3,0,0
6,20,3,1,0
6,20,3,2,0
6,20,3,3,0
6,20,3,4,0
6,20,3,5,0
6,20,3,6,11
6,20,3,7,6
6,20,3,8,6
6,20,3,9,3
6,20,3,10,3
6,20,3,11,8
6,20,3,12,8
6,20,3,13,4
6,20,3,14,16
6,20,3,15,16
6,20,3,16,12
6,20,3,17,10
6,20,3,18,12
6,20,3,19,11
6,20,3,20,17
6,20,3,21,18
6,20,3,22,16
6,20,3,23,15
6,20,3,24,16
6,20,3,25,40
6,20,3,26,64
6,20,3,27,17
6,20,3,28,19
6,20,3,29,59
6,20,3,30,14
6,20,3,31,13
6,20,3,32,13
6,20,3,33,8
6,20,3,34,7
6,20,3,35,11
6,20,3,36,10
6,20,3,37,53
6,20,3,38,57
6,20,3,39,54
6,20,3,40,32
6,20,3,41,58
6,20,3,42,52
6,20,3,43,52
6,20,3,44,48
6,20,3,45,48
6,20,3,46,49
6,20,3,47,47
6,20,3,48,51
6,20,3,49,48
6,20,3,50,48
6,20,3,51,43
6,20,3,52,47
6,20,3,53,42
6,20,3,54,43
6,20,3,55,44
6,20,3,56,42
6,20,3,57,44
6,20,3,58,40
6,20,3,59,39
6,20,3,60,34
6,20,3,61,39
6,20,3,62,41
6,20,3,63,37
6,20,3,64,37
6,20,3,65,35
6,20,3,66,33
6,20,3,67,34
6,20,3,68,36
6,20,3,69,35
6,20,3,70,37
6,20,3,71,37
6,20,3,72,37
6,20,3,73,35
6,20,3,74,32
6,20,3,75,32
6,20,3,76,32
6,20,3,77,31
6,20,3,78,27
6,20,3,79,22
6,20,3,80,26
6,20,3,81,29
6,20,3,82,24
6,20,3,83,27
6,20,3,84,26
6,20,3,85,24
6,20,3,86,28
6,20,3,87,24
6,20,3,88,24
6,20,3,89,21
6,20,3,90,20
6,20,3,91,20
6,20,3,92,20
6,20,3,93,21
6,20,3,94,18
6,20,3,95,18
6,20,3,96,19
6,20,3,97,22
6,20,3,98,10
6,20,3,99,18
6,20,3,100,15
6,20,3,101,15
6,20,3,102,14
6,20,3,103,12
6,20,3,104,12
6,20,3,105,13
6,20,3,106,12
6,20,3,107,14
6,20,3,108,11
6,20,3,109,9
6,20,3,110,8
6,20,3,111,9
6,20,3,112,9
6,20,3,113,10
6,20,3,114,7
6,20,3,115,5
6,20,3,116,6
6,20,3,117,5
6,20,3,118,3
6,20,3,119,3
6,20,3,120,2
6,20,3,121,1
6,20,3,122,0
6,20,3,123,3
6,20,3,124,0
6,20,3,125,1
6,20,3,126,0
6,20,3,127,0
6,20,3,128,0
6,20,3,129,0
6,20,3,130,0
6,20,3,131,0
6,20,3,132,1
6,20,3,133,1
6,20,4,0,0
6,20,4,1,0
6,20,4,2,0
6,20,4,3,0
6,20,4,4,0
6,20,4,5,0
6,20,4,6,2
6,20,4,7,1
6,20,4,8,0
6,20,4,9,0
6,20,4,10,0
6,20,4,11,10
6,20,4,12,3
6,20,4,13,19
6,20,4,14,16
6,20,4,15,28
6,20,4,16,15
6,20,4,17,13
6,20,4,18,16
6,20,4,19,15
6,20,4,20,22
6,20,4,21,20
6,20,4,22,17
6,20,4,23,17
6,20,4,24,16
6,20,4,25,23
6,20,4,26,18
6,20,4,27,16
6,20,4,28,17
6,20,4,29,12
6,20,4,30,13
6,20,4,31,68
6,20,4,32,17
6,20,4,33,59
6,20,4,34,13
6,20,4,35,57
6,20,4,36,39
6,20,4,37,51
6,20,4,38,12
6,20,4,39,40
6,20,4,40,52
6,20,4,41,15
6,20,4,42,53
6,20,4,43,54
6,20,4,44,36
6,20,4,45,53
6,20,4,46,54
6,20,4,47,41
6,20,4,48,39
6,20,4,49,50
6,20,4,50,51
6,20,4,51,53
6,20,4,52,46
6,20,4,53,44
6,20,4,54,39
6,20,4,55,39
6,20,4,56,42
6,20,4,57,40
6,20,4,58,41
6,20,4,59,35
6,20,4,60,38
6,20,4,61,32
6,20,4,62,41
6,20,4,63,37
6,20,4,64,37
6,20,4,65,36
6,20,4,66,35
6,20,4,67,34
6,20,4,68,35
6,20,4,69,33
6,20,4,70,31
6,20,4,71,30
6,20,4,72,27
6,20,4,73,24
6,20,4,74,25
6,20,4,75,25
6,20,4,76,26
6,20,4,77,23
6,20,4,78,25
6,20,4,79,24
6,20,4,80,23
6,20,4,81,23
6,20,4,82,23
6,20,4,83,23
6,20,4,84,24
6,20,4,85,23
6,20,4,86,23
6,20,4,87,22
6,20,4,88,22
6,20,4,89,20
6,20,4,90,21
6,20,4,91,20
6,20,4,92,17
6,20,4,93,19
6,20,4,94,16
6,20,4,95,14
6,20,4,96,16
6,20,4,97,15
6,20,4,98,16
6,20,4,99,17
6,20,4,100,15
6,20,4,101,13
6,20,4,102,12
6,20,4,103,13
6,20,4,104,9
6,20,4,105,9
6,20,4,106,11
6,20,4,107,9
6,20,4,108,9
6,20,4,109,8
6,20,4,110,8
6,20,4,111,10
6,20,4,112,9
6,20,4,113,7
6,20,4,114,7
6,20,4,115,6
6,20,4,116,7
6,20,4,117,6
6,20,4,118,5
6,20,4,119,5
6,20,4,120,4
6,20,4,121,5
6,20,4,122,5
6,20,4,123,4
6,20,4,124,4
6,20,4,125,0
6,20,4,126,2
6,20,4,127,1
6,20,4,128,0
6,20,4,129,1
6,20,5,0,0
6,20,5,1,0
6,20,5,2,0
6,20,5,3,0
6,20,5,4,0
6,20,5,5,0
6,20,5,6,0
6,20,5,7,7
6,20,5,8,5
6,20,5,9,0
6,20,5,10,15
6,20,5,11,14
6,20,5,12,10
6,20,5,13,6
6,20,5,14,27
6,20,5,15,23
6,20,5,16,23
6,20,5,17,24
6,20,5,18,15
6,20,5,19,19
6,20,5,20,21
6,20,5,21,22
6,20,5,22,42
6,20,5,23,40
6,20,5,24,19
6,20,5,25,17
6,20,5,26,12
6,20,5,27,15
6,20,5,28,37
6,20,5,29,17
6,20,5,30,61
6,20,5,31,46
6,20,5,32,39
6,20,5,33,35
6,20,5,34,50
6,20,5,35,15
6,20,5,36,54
6,20,5,37,54
6,20,5,38,36
6,20,5,39,51
6,20,5,40,55
6,20,5,41,52
6,20,5,42,39
6,20,5,43,17
6,20,5,44,17
6,20,5,45,46
6,20,5,46,52
6,20,5,47,47
6,20,5,48,47
6,20,5,49,47
6,20,5,50,24
6,20,5,51,46
6,20,5,52,45
6,20,5,53,46
6,20,5,54,43
6,20,5,55,45
6,20,5,56,41
6,20,5,57,40
6,20,5,58,41
6,20,5,59,38
6,20,5,60,40
6,20,5,61,40
6,20,5,62,38
6,20,5,63,38
6,20,5,64,36
6,20,5,65,37
6,20,5,66,23
6,20,5,67,36
6,20,5,68,34
6,20,5,69,36
6,20,5,70,34
6,20,5,71,32
6,20,5,72,29
6,20,5,73,30
6,20,5,74,32
6,20,5,75,30
6,20,5,76,30
6,20,5,77,28
6,20,5,78,28
6,20,5,79,28
6,20,5,80,25
6,20,5,81,24
6,20,5,82,20
6,20,5,83,25
6,20,5,84,25
6,20,5,85,23
6,20,5,86,18
6,20,5,87,21
6,20,5,88,22
6,20,5,89,19
6,20,5,90,23
6,20,5,91,16
6,20,5,92,15
6,20,5,93,13
6,20,5,94,18
6,20,5,95,15
6,20,5,96,18
6,20,5,97,16
6,20,5,98,14
6,20,5,99,15
6,20,5,100,14
6,20,5,101,13
6,20,5,102,13
6,20,5,103,12
6,20,5,104,12
6,20,5,105,13
6,20,5,106,10
6,20,5,107,11
6,20,5,108,9
6,20,5,109,7
6,20,5,110,10
6,20,5,111,7
6,20,5,112,8
6,20,5,113,9
6,20,5,114,8
6,20,5,115,7
6,20,5,116,7
6,20,5,117,7
6,20,5,118,6
6,20,5,119,6
6,20,5,120,6
6,20,5,121,5
6,20,5,122,3
6,20,5,123,4
6,20,5,124,3
6,20,5,125,1
6,20,5,126,2
6,20,5,127,1
6,20,6,0,0
6,20,6,1,0
6,20,6,2,0
6,20,6,3,0
6,20,6,4,0
6,20,6,5,0
6,20,6,6,1
6,20,6,7,0
6,20,6,8,0
6,20,6,9,0
6,20,6,10,0
6,20,6,11,11
6,20,6,12,15
6,20,6,13,26
6,20,6,14,15
6,20,6,15,14
6,20,6,16,13
6,20,6,17,22
6,20,6,18,23
6,20,6,19,12
6,20,6,20,11
6,20,6,21,18
6,20,6,22,9
6,20,6,23,17
6,20,6,24,22
6,20,6,25,19
6,20,6,26,0
6,20,6,27,36
6,20,6,28,14
6,20,6,29,16
6,20,6,30,64
6,20,6,31,43
6,20,6,32,13
6,20,6,33,17
6,20,6,34,13
6,20,6,35,9
6,20,6,36,11
6,20,6,37,60
6,20,6,38,33
6,20,6,39,54
6,20,6,40,55
6,20,6,41,37
6,20,6,42,56
6,20,6,43,50
6,20,6,44,36
6,20,6,45,52
6,20,6,46,52
6,20,6,47,44
6,20,6,48,41
6,20,6,49,49
6,20,6,50,49
6,20,6,51,48
6,20,6,52,41
6,20,6,53,45
6,20,6,54,35
6,20,6,55,43
6,20,6,56,43
6,20,6,57,35
6,20,6,58,33
6,20,6,59,37
6,20,6,60,18
6,20,6,61,46
6,20,6,62,16
6,20,6,63,38
6,20,6,64,38
6,20,6,65,31
6,20,6,66,32
6,20,6,67,31
6,20,6,68,28
6,20,6,69,30
6,20,6,70,28
6,20,6,71,26
6,20,6,72,28
6,20,6,73,25
6,20,6,74,31
6,20,6,75,33
6,20,6,76,25
6,20,6,77,22
6,20,6,78,28
6,20,6,79,27
6,20,6,80,26
6,20,6,81,16
6,20,6,82,18
6,20,6,83,17
6,20,6,84,24
6,20,6,85,23
6,20,6,86,21
6,20,6,87,19
6,20,6,88,22
6,20,6,89,19
6,20,6,90,22
6,20,6,91,14
6,20,6,92,17
6,20,6,93,14
6,20,6,94,10
6,20,6,95,20
6,20,6,96,20
6,20,6,97,14
6,20,6,98,15
6,20,6,99,14
6,20,6,100,13
6,20,6,101,10
6,20,6,102,14
6,20,6,103,15
6,20,6,104,14
6,20,6,105,15
6,20,6,106,15
6,20,6,107,12
6,20,6,108,11
6,20,6,109,11
6,20,6,110,9
6,20,6,111,11
6,20,6,112,10
6,20,6,113,7
6,20,6,114,8
6,20,6,115,8
6,20,6,116,6
6,20,6,117,6
6,20,6,118,7
6,20,6,119,6
6,20,6,120,5
6,20,6,121,5
6,20,6,122,6
6,20,6,123,4
6,20,6,124,4
6,20,6,125,4
6,20,6,126,3
6,20,6,127,3
6,20,6,128,1
6,20,6,129,0
6,20,6,130,0
6,20,6,131,0
6,20,6,132,0
6,20,6,133,1
6,20,7,0,0
6,20,7,1,0
6,20,7,2,0
6,20,7,3,0
6,20,7,4,0
6,20,7,5,0
6,20,7,6,4
6,20,7,7,3
6,20,7,8,2
6,20,7,9,0
6,20,7,10,4
6,20,7,11,3
6,20,7,12,11
6,20,7,13,9
6,20,7,14,11
6,20,7,15,11
6,20,7,16,13
6,20,7,17,1
6,20,7,18,0
6,20,7,19,0
6,20,7,20,15
6,20,7,21,15
6,20,7,22,20
6,20,7,23,20
6,20,7,24,18
6,20,7,25,19
6,20,7,26,15
6,20,7,27,19
6,20,7,28,13
6,20,7,29,16
6,20,7,30,12
6,20,7,31,9
6,20,7,32,10
6,20,7,33,54
6,20,7,34,37
6,20,7,35,41
6,20,7,36,55
6,20,7,37,56
6,20,7,38,52
6,20,7,39,52
6,20,7,40,47
6,20,7,41,51
6,20,7,42,45
6,20,7,43,49
6,20,7,44,47
6,20,7,45,48
6,20,7,46,49
6,20,7,47,51
6,20,7,48,51
6,20,7,49,46
6,20,7,50,46
6,20,7,51,47
6,20,7,52,44
6,20,7,53,41
6,20,7,54,40
6,20,7,55,39
6,20,7,56,40
6,20,7,57,42
6,20,7,58,42
6,20,7,59,39
6,20,7,60,36
6,20,7,61,38
6,20,7,62,36
6,20,7,63,40
6,20,7,64,39
6,20,7,65,35
6,20,7,66,33
6,20,7,67,34
6,20,7,68,33
6,20,7,69,35
6,20,7,70,34
6,20,7,71,30
6,20,7,72,35
6,20,7,73,30
6,20,7,74,28
6,20,7,75,29
6,20,7,76,28
6,20,7,77,28
6,20,7,78,30
6,20,7,79,29
6,20,7,80,31
6,20,7,81,30
6,20,7,82,27
6,20,7,83,30
6,20,7,84,13
6,20,7,85,27
6,20,7,86,26
6,20,7,87,23
6,20,7,88,22
6,20,7,89,24
6,20,7,90,22
6,20,7,91,24
6,20,7,92,21
6,20,7,93,20
6,20,7,94,21
6,20,7,95,18
6,20,7,96,20
6,20,7,97,19
6,20,7,98,21
6,20,7,99,18
6,20,7,100,17
6,20,7,101,14
6,20,7,102,15
6,20,7,103,14
6,20,7,104,15
6,20,7,105,13
6,20,7,106,10
6,20,7,107,8
6,20,7,108,9
6,20,7,109,7
6,20,7,110,10
6,20,7,111,10
6,20,7,112,7
6,20,7,113,8
6,20,7,114,11
6,20,7,115,11
6,20,7,116,8
6,20,7,117,9
6,20,7,118,8
6,20,7,119,6
6,20,7,120,4
6,20,7,121,6
6,20,7,122,5
6,20,7,123,5
6,20,7,124,3
6,20,7,125,3
6,20,7,126,2
6,20,7,127,1
6,20,8,0,0
6,20,8,1,0
6,20,8,2,0
6,20,8,3,0
6,20,8,4,0
6,20,8,5,0
6,20,8,6,0
6,20,8,7,6
6,20,8,8,4
6,20,8,9,3
6,20,8,10,0
6,20,8,11,6
6,20,8,12,4
6,20,8,13,12
6,20,8,14,5
6,20,8,15,6
6,20,8,16,14
6,20,8,17,21
6,20,8,18,14
6,20,8,19,0
6,20,8,20,16
6,20,8,21,21
6,20,8,22,21
6,20,8,23,21
6,20,8,24,16
6,20,8,25,17
6,20,8,26,18
6,20,8,27,44
6,20,8,28,44
6,20,8,29,10
6,20,8,30,18
6,20,8,31,45
6,20,8,32,44
6,20,8,33,39
6,20,8,34,58
6,20,8,35,62
6,20,8,36,58
6,20,8,37,59
6,20,8,38,53
6,20,8,39,49
6,20,8,40,54
6,20,8,41,51
6,20,8,42,55
6,20,8,43,18
6,20,8,44,52
6,20,8,45,48
6,20,8,46,54
6,20,8,47,48
6,20,8,48,49
6,20,8,49,42
6,20,8,50,44
6,20,8,51,35
6,20,8,52,39
6,20,8,53,15
6,20,8,54,39
6,20,8,55,32
6,20,8,56,35
6,20,8,57,42
6,20,8,58,29
6,20,8,59,33
6,20,8,60,43
6,20,8,61,41
6,20,8,62,30
6,20,8,63,9
6,20,8,64,13
6,20,8,65,26
6,20,8,66,29
6,20,8,67,35
6,20,8,68,34
6,20,8,69,32
6,20,8,70,34
6,20,8,71,37
6,20,8,72,35
6,20,8,73,29
6,20,8,74,20
6,20,8,75,30
6,20,8,76,29
6,20,8,77,29
6,20,8,78,29
6,20,8,79,29
6,20,8,80,29
6,20,8,81,27
6,20,8,82,26
6,20,8,83,14
6,20,8,84,26
6,20,8,85,22
6,20,8,86,22
6,20,8,87,21
6,20,8,88,22
6,20,8,89,23
6,20,8,90,20
6,20,8,91,23
6,20,8,92,22
6,20,8,93,17
6,20,8,94,20
6,20,8,95,16
6,20,8,96,16
6,20,8,97,15
6,20,8,98,18
6,20,8,99,15
6,20,8,100,15
6,20,8,101,15
6,20,8,102,13
6,20,8,103,12
6,20,8,104,13
6,20,8,105,13
6,20,8,106,13
6,20,8,107,10
6,20,8,108,12
6,20,8,109,10
6,20,8,110,9
6,20,8,111,11
6,20,8,112,11
6,20,8,113,10
6,20,8,114,7
6,20,8,115,9
6,20,8,116,8
6,20,8,117,6
6,20,8,118,6
6,20,8,119,6
6,20,8,120,4
6,20,8,121,3
6,20,8,122,5
6,20,8,123,3
6,20,8,124,1
6,20,8,125,0
6,20,8,126,3
6,20,8,127,0
6,20,8,128,2
6,20,8,129,1
6,20,9,0,0
6,20,9,1,0
6,20,9,2,0
6,20,9,3,0
6,20,9,4,0
6,20,9,5,3
6,20,9,6,4
6,20,9,7,3
6,20,9,8,1
6,20,9,9,0
6,20,9,10,0
6,20,9,11,2
6,20,9,12,2
6,20,9,13,1
6,20,9,14,0
6,20,9,15,14
6,20,9,16,19
6,20,9,17,0
6,20,9,18,21
6,20,9,19,21
6,20,9,20,18
6,20,9,21,16
6,20,9,22,19
6,20,9,23,25
6,20,9,24,34
6,20,9,25,8
6,20,9,26,44
6,20,9,27,36
6,20,9,28,11
6,20,9,29,63
6,20,9,30,13
6,20,9,31,14
6,20,9,32,62
6,20,9,33,63
6,20,9,34,44
6,20,9,35,15
6,20,9,36,61
6,20,9,37,57
6,20,9,38,37
6,20,9,39,43
6,20,9,40,55
6,20,9,41,55
6,20,9,42,8
6,20,9,43,47
6,20,9,44,52
6,20,9,45,50
6,20,9,46,49
6,20,9,47,46
6,20,9,48,47
6,20,9,49,52
6,20,9,50,45
6,20,9,51,46
6,20,9,52,47
6,20,9,53,41
6,20,9,54,41
6,20,9,55,46
6,20,9,56,46
6,20,9,57,48
6,20,9,58,43
6,20,9,59,43
6,20,9,60,41
6,20,9,61,40
6,20,9,62,39
6,20,9,63,34
6,20,9,64,32
6,20,9,65,35
6,20,9,66,33
6,20,9,67,33
6,20,9,68,37
6,20,9,69,37
6,20,9,70,36
6,20,9,71,35
6,20,9,72,26
6,20,9,73,24
6,20,9,74,32
6,20,9,75,34
6,20,9,76,30
6,20,9,77,30
6,20,9,78,27
6,20,9,79,26
6,20,9,80,24
6,20,9,81,25
6,20,9,82,25
6,20,9,83,25
6,20,9,84,18
6,20,9,85,17
6,20,9,86,24
6,20,9,87,24
6,20,9,88,25
6,20,9,89,23
6,20,9,90,21
6,20,9,91,22
6,20,9,92,22
6,20,9,93,17
6,20,9,94,17
6,20,9,95,16
6,20,9,96,18
6,20,9,97,19
6,20,9,98,18
6,20,9,99,15
6,20,9,100,17
6,20,9,101,17
6,20,9,102,16
6,20,9,103,13
6,20,9,104,13
6,20,9,105,12
6,20,9,106,14
6,20,9,107,13
6,20,9,108,12
6,20,9,109,8
6,20,9,110,11
6,20,9,111,8
6,20,9,112,7
6,20,9,113,9
6,20,9,114,7
6,20,9,115,8
6,20,9,116,7
6,20,9,117,7
6,20,9,118,5
6,20,9,119,7
6,20,9,120,6
6,20,9,121,4
6,20,9,122,5
6,20,9,123,4
6,20,9,124,0
6,20,9,125,4
6,20,9,126,3
6,20,9,127,2
6,20,9,128,1
6,20,10,0,0
6,20,10,1,0
6,20,10,2,0
6,20,10,3,0
6,20,10,4,0
6,20,10,5,2
6,20,10,6,0
6,20,10,7,0
6,20,10,8,0
6,20,10,9,0
6,20,10,10,4
6,20,10,11,14
6,20,10,12,16
6,20,10,13,9
6,20,10,14,10
6,20,10,15,0
6,20,10,16,26
6,20,10,17,19
6,20,10,18,24
6,20,10,19,21
6,20,10,20,19
6,20,10,21,23
6,20,10,22,20
6,20,10,23,68
6,20,10,24,18
6,20,10,25,20
6,20,10,26,65
6,20,10,27,39
6,20,10,28,41
6,20,10,29,40
6,20,10,30,15
6,20,10,31,63
6,20,10,32,58
6,20,10,33,40
6,20,10,34,54
6,20,10,35,35
6,20,10,36,53
6,20,10,37,53
6,20,10,38,54
6,20,10,39,54
6,20,10,40,51
6,20,10,41,54
6,20,10,42,21
6,20,10,43,52
6,20,10,44,54
6,20,10,45,52
6,20,10,46,46
6,20,10,47,48
6,20,10,48,53
6,20,10,49,52
6,20,10,50,54
6,20,10,51,51
6,20,10,52,14
6,20,10,53,45
6,20,10,54,46
6,20,10,55,45
6,20,10,56,46
6,20,10,57,35
6,20,10,58,45
6,20,10,59,31
6,20,10,60,8
6,20,10,61,42
6,20,10,62,40
6,20,10,63,38
6,20,10,64,5
6,20,10,65,36
6,20,10,66,39
6,20,10,67,36
6,20,10,68,13
6,20,10,69,36
6,20,10,70,35
6,20,10,71,39
6,20,10,72,38
6,20,10,73,32
6,20,10,74,31
6,20,10,75,32
6,20,10,76,33
6,20,10,77,31
6,20,10,78,31
6,20,10,79,27
6,20,10,80,31
6,20,10,81,28
6,20,10,82,26
6,20,10,83,26
6,20,10,84,26
6,20,10,85,22
6,20,10,86,25
6,20,10,87,25
6,20,10,88,25
6,20,10,89,22
6,20,10,90,26
6,20,10,91,20
6,20,10,92,23
6,20,10,93,22
6,20,10,94,21
6,20,10,95,19
6,20,10,96,18
6,20,10,97,17
6,20,10,98,17
6,20,10,99,17
6,20,10,100,16
6,20,10,101,15
6,20,10,102,17
6,20,10,103,15
6,20,10,104,13
6,20,10,105,14
6,20,10,106,13
6,20,10,107,12
6,20,10,108,11
6,20,10,109,9
6,20,10,110,7
6,20,10,111,10
6,20,10,112,10
6,20,10,113,6
6,20,10,114,9
6,20,10,115,6
6,20,10,116,8
6,20,10,117,8
6,20,10,118,6
6,20,10,119,6
6,20,10,120,6
6,20,10,121,5
6,20,10,122,4
6,20,10,123,4
6,20,10,124,2
6,20,10,125,4
6,20,10,126,0
6,20,10,127,0
6,20,10,128,2
6,20,10,129,2
6,20,10,130,1
6,20,10,131,1
6,20,11,0,0
6,20,11,1,0
6,20,11,2,0
6,20,11,3,0
6,20,11,4,0
6,20,11,5,0
6,20,11,6,0
6,20,11,7,1
6,20,11,8,0
6,20,11,9,0
6,20,11,10,1
6,20,11,11,0
6,20,11,12,4
6,20,11,13,14
6,20,11,14,11
6,20,11,15,25
6,20,11,16,24
6,20,11,17,23
6,20,11,18,23
6,20,11,19,21
6,20,11,20,21
6,20,11,21,20
6,20,11,22,17
6,20,11,23,27
6,20,11,24,46
6,20,11,25,19
6,20,11,26,19
6,20,11,27,15
6,20,11,28,12
6,20,11,29,14
6,20,11,30,14
6,20,11,31,12
6,20,11,32,13
6,20,11,33,12
6,20,11,34,11
6,20,11,35,61
6,20,11,36,12
6,20,11,37,57
6,20,11,38,55
6,20,11,39,52
6,20,11,40,13
6,20,11,41,57
6,20,11,42,53
6,20,11,43,58
6,20,11,44,55
6,20,11,45,50
6,20,11,46,51
6,20,11,47,49
6,20,11,48,45
6,20,11,49,49
6,20,11,50,48
6,20,11,51,46
6,20,11,52,41
6,20,11,53,14
6,20,11,54,37
6,20,11,55,42
6,20,11,56,38
6,20,11,57,44
6,20,11,58,42
6,20,11,59,38
6,20,11,60,37
6,20,11,61,43
6,20,11,62,44
6,20,11,63,41
6,20,11,64,38
6,20,11,65,39
6,20,11,66,40
6,20,11,67,35
6,20,11,68,35
6,20,11,69,32
6,20,11,70,29
6,20,11,71,35
6,20,11,72,31
6,20,11,73,25
6,20,11,74,29
6,20,11,75,30
6,20,11,76,26
6,20,11,77,23
6,20,11,78,21
6,20,11,79,20
6,20,11,80,24
6,20,11,81,24
6,20,11,82,24
6,20,11,83,21
6,20,11,84,19
6,20,11,85,19
6,20,11,86,21
6,20,11,87,19
6,20,11,88,19
6,20,11,89,17
6,20,11,90,16
6,20,11,91,18
6,20,11,92,18
6,20,11,93,16
6,20,11,94,17
6,20,11,95,14
6,20,11,96,15
6,20,11,97,14
6,20,11,98,14
6,20,11,99,13
6,20,11,100,13
6,20,11,101,14
6,20,11,102,13
6,20,11,103,12
6,20,11,104,13
6,20,11,105,14
6,20,11,106,13
6,20,11,107,11
6,20,11,108,10
6,20,11,109,10
6,20,11,110,10
6,20,11,111,5
6,20,11,112,8
6,20,11,113,10
6,20,11,114,10
6,20,11,115,9
6,20,11,116,8
6,20,11,117,6
6,20,11,118,5
6,20,11,119,4
6,20,11,120,6
6,20,11,121,5
6,20,11,122,5
6,20,11,123,4
6,20,11,124,3
6,20,11,125,2
6,20,11,126,1
6,20,11,127,2
6,20,11,128,1
6,20,11,129,0
6,20,11,130,0
6,20,11,131,0
6,20,11,132,0
6,20,11,133,0
6,20,11,134,0
6,20,11,135,0
6,20,11,136,0
6,20,11,137,1
6,20,12,0,0
6,20,12,1,0
6,20,12,2,0
6,20,12,3,0
6,20,12,4,0
6,20,12,5,0
6,20,12,6,3
6,20,12,7,1
6,20,12,8,0
6,20,12,9,1
6,20,12,10,0
6,20,12,11,4
6,20,12,12,3
6,20,12,13,14
6,20,12,14,14
6,20,12,15,22
6,20,12,16,14
6,20,12,17,24
6,20,12,18,0
6,20,12,19,22
6,20,12,20,19
6,20,12,21,14
6,20,12,22,12
6,20,12,23,69
6,20,12,24,13
6,20,12,25,70
6,20,12,26,18
6,20,12,27,16
6,20,12,28,48
6,20,12,29,16
6,20,12,30,18
6,20,12,31,16
6,20,12,32,14
6,20,12,33,15
6,20,12,34,12
6,20,12,35,14
6,20,12,36,58
6,20,12,37,51
6,20,12,38,55
6,20,12,39,55
6,20,12,40,13
6,20,12,41,12
6,20,12,42,11
6,20,12,43,51
6,20,12,44,47
6,20,12,45,50
6,20,12,46,46
6,20,12,47,48
6,20,12,48,50
6,20,12,49,48
6,20,12,50,46
6,20,12,51,48
6,20,12,52,47
6,20,12,53,45
6,20,12,54,26
6,20,12,55,40
6,20,12,56,38
6,20,12,57,36
6,20,12,58,38
6,20,12,59,26
6,20,12,60,31
6,20,12,61,29
6,20,12,62,27
6,20,12,63,36
6,20,12,64,33
6,20,12,65,38
6,20,12,66,31
6,20,12,67,33
6,20,12,68,34
6,20,12,69,32
6,20,12,70,34
6,20,12,71,27
6,20,12,72,31
6,20,12,73,31
6,20,12,74,27
6,20,12,75,33
6,20,12,76,8
6,20,12,77,25
6,20,12,78,24
6,20,12,79,24
6,20,12,80,28
6,20,12,81,26
6,20,12,82,25
6,20,12,83,25
6,20,12,84,21
6,20,12,85,21
6,20,12,86,22
6,20,12,87,18
6,20,12,88,22
6,20,12,89,16
6,20,12,90,19
6,20,12,91,20
6,20,12,92,15
6,20,12,93,18
6,20,12,94,17
6,20,12,95,15
6,20,12,96,13
6,20,12,97,14
6,20,12,98,15
6,20,12,99,14
6,20,12,100,13
6,20,12,101,13
6,20,12,102,13
6,20,12,103,11
6,20,12,104,12
6,20,12,105,13
6,20,12,106,10
6,20,12,107,9
6,20,12,108,10
6,20,12,109,8
6,20,12,110,9
6,20,12,111,11
6,20,12,112,9
6,20,12,113,8
6,20,12,114,7
6,20,12,115,8
6,20,12,116,9
6,20,12,117,8
6,20,12,118,7
6,20,12,119,7
6,20,12,120,7
6,20,12,121,4
6,20,12,122,3
6,20,12,123,3
6,20,12,124,3
6,20,12,125,2
6,20,12,126,1
6,20,12,127,0
6,20,12,128,1
6,25,1,0,0
6,25,1,1,0
6,25,1,2,0
6,25,1,3,0
6,25,1,4,0
6,25,1,5,0
6,25,1,6,1
6,25,1,7,0
6,25,1,8,1
6,25,1,9,0
6,25,1,10,35
6,25,1,11,4
6,25,1,12,2
6,25,1,13,27
6,25,1,14,18
6,25,1,15,5
6,25,1,16,5
6,25,1,17,17
6,25,1,18,15
6,25,1,19,48
6,25,1,20,26
6,25,1,21,49
6,25,1,22,25
6,25,1,23,27
6,25,1,24,54
6,25,1,25,27
6,25,1,26,17
6,25,1,27,82
6,25,1,28,83
6,25,1,29,77
6,25,1,30,77
6,25,1,31,75
6,25,1,32,77
6,25,1,33,78
6,25,1,34,73
6,25,1,35,76
6,25,1,36,76
6,25,1,37,73
6,25,1,38,68
6,25,1,39,62
6,25,1,40,70
6,25,1,41,69
6,25,1,42,66
6,25,1,43,63
6,25,1,44,58
6,25,1,45,59
6,25,1,46,61
6,25,1,47,14
6,25,1,48,56
6,25,1,49,55
6,25,1,50,52
6,25,1,51,49
6,25,1,52,52
6,25,1,53,50
6,25,1,54,52
6,25,1,55,51
6,25,1,56,54
6,25,1,57,50
6,25,1,58,53
6,25,1,59,51
6,25,1,60,52
6,25,1,61,50
6,25,1,62,49
6,25,1,63,47
6,25,1,64,44
6,25,1,65,24
6,25,1,66,40
6,25,1,67,43
6,25,1,68,39
6,25,1,69,41
6,25,1,70,40
6,25,1,71,33
6,25,1,72,35
6,25,1,73,35
6,25,1,74,37
6,25,1,75,36
6,25,1,76,33
6,25,1,77,33
6,25,1,78,34
6,25,1,79,33
6,25,1,80,33
6,25,1,81,34
6,25,1,82,34
6,25,1,83,33
6,25,1,84,32
6,25,1,85,33
6,25,1,86,31
6,25,1,87,27
6,25,1,88,29
6,25,1,89,28
6,25,1,90,28
6,25,1,91,27
6,25,1,92,25
6,25,1,93,25
6,25,1,94,26
6,25,1,95,24
6,25,1,96,24
6,25,1,97,20
6,25,1,98,22
6,25,1,99,21
6,25,1,100,21
6,25,1,101,20
6,25,1,102,19
6,25,1,103,20
6,25,1,104,16
6,25,1,105,17
6,25,1,106,18
6,25,1,107,15
6,25,1,108,13
6,25,1,109,14
6,25,1,110,15
6,25,1,111,15
6,25,1,112,13
6,25,1,113,13
6,25,1,114,12
6,25,1,115,10
6,25,1,116,10
6,25,1,117,11
6,25,1,118,11
6,25,1,119,11
6,25,1,120,10
6,25,1,121,9
6,25,1,122,10
6,25,1,123,10
6,25,1,124,9
6,25,1,125,8
6,25,1,126,8
6,25,1,127,8
6,25,1,128,7
6,25,1,129,8
6,25,1,130,8
6,25,1,131,8
6,25,1,132,9
6,25,1,133,8
6,25,1,134,9
6,25,1,135,7
6,25,1,136,8
6,25,1,137,9
6,25,1,138,8
6,25,1,139,6
6,25,1,140,5
6,25,1,141,8
6,25,1,142,6
6,25,1,143,5
6,25,1,144,7
6,25,1,145,4
6,25,1,146,6
6,25,1,147,6
6,25,1,148,7
6,25,1,149,5
6,25,1,150,6
6,25,1,151,3
6,25,1,152,5
6,25,1,153,3
6,25,1,154,3
6,25,1,155,0
6,25,1,156,0
6,25,1,157,2
6,25,1,158,1
6,25,1,159,1
6,25,2,0,0
6,25,2,1,0
6,25,2,2,0
6,25,2,3,0
6,25,2,4,0
6,25,2,5,0
6,25,2,6,3
6,25,2,7,4
6,25,2,8,0
6,25,2,9,0
6,25,2,10,18
6,25,2,11,15
6,25,2,12,19
6,25,2,13,15
6,25,2,14,27
6,25,2,15,0
6,25,2,16,29
6,25,2,17,27
6,25,2,18,27
6,25,2,19,21
6,25,2,20,23
6,25,2,21,22
6,25,2,22,19
6,25,2,23,20
6,25,2,24,21
6,25,2,25,20
6,25,2,26,24
6,25,2,27,28
6,25,2,28,19
6,25,2,29,20
6,25,2,30,28
6,25,2,31,29
6,25,2,32,22
6,25,2,33,50
6,25,2,34,21
6,25,2,35,73
6,25,2,36,18
6,25,2,37,65
6,25,2,38,67
6,25,2,39,66
6,25,2,40,68
6,25,2,41,66
6,25,2,42,62
6,25,2,43,67
6,25,2,44,56
6,25,2,45,59
6,25,2,46,58
6,25,2,47,53
6,25,2,48,56
6,25,2,49,59
6,25,2,50,58
6,25,2,51,57
6,25,2,52,57
6,25,2,53,50
6,25,2,54,48
6,25,2,55,52
6,25,2,56,53
6,25,2,57,49
6,25,2,58,53
6,25,2,59,56
6,25,2,60,45
6,25,2,61,48
6,25,2,62,49
6,25,2,63,32
6,25,2,64,47
6,25,2,65,44
6,25,2,66,46
6,25,2,67,47
6,25,2,68,43
6,25,2,69,43
6,25,2,70,38
6,25,2,71,41
6,25,2,72,40
6,25,2,73,36
6,25,2,74,41
6,25,2,75,40
6,25,2,76,37
6,25,2,77,38
6,25,2,78,36
6,25,2,79,38
6,25,2,80,35
6,25,2,81,39
6,25,2,82,38
6,25,2,83,36
6,25,2,84,36
6,25,2,85,33
6,25,2,86,32
6,25,2,87,34
6,25,2,88,32
6,25,2,89,29
6,25,2,90,32
6,25,2,91,27
6,25,2,92,28
6,25,2,93,25
6,25,2,94,24
6,25,2,95,25
6,25,2,96,22
6,25,2,97,21
6,25,2,98,22
6,25,2,99,24
6,25,2,100,25
6,25,2,101,24
6,25,2,102,25
6,25,2,103,25
6,25,2,104,20
6,25,2,105,25
6,25,2,106,23
6,25,2,107,22
6,25,2,108,24
6,25,2,109,22
6,25,2,110,21
6,25,2,111,19
6,25,2,112,20
6,25,2,113,19
6,25,2,114,18
6,25,2,115,13
6,25,2,116,15
6,25,2,117,13
6,25,2,118,12
6,25,2,119,14
6,25,2,120,12
6,25,2,121,11
6,25,2,122,13
6,25,2,123,12
6,25,2,124,12
6,25,2,125,11
6,25,2,126,10
6,25,2,127,9
6,25,2,128,9
6,25,2,129,9
6,25,2,130,10
6,25,2,131,9
6,25,2,132,10
6,25,2,133,7
6,25,2,134,9
6,25,2,135,8
6,25,2,136,7
6,25,2,137,8
6,25,2,138,7
6,25,2,139,9
6,25,2,140,9
6,25,2,141,7
6,25,2,142,7
6,25,2,143,6
6,25,2,144,7
6,25,2,145,6
6,25,2,146,6
6,25,2,147,6
6,25,2,148,5
6,25,2,149,5
6,25,2,150,5
6,25,2,151,4
6,25,2,152,4
6,25,2,153,6
6,25,2,154,6
6,25,2,155,4
6,25,2,156,3
6,25,2,157,4
6,25,2,158,2
6,25,2,159,2
6,25,2,160,1
6,25,2,161,0
6,25,2,162,1
6,25,3,0,0
6,25,3,1,0
6,25,3,2,0
6,25,3,3,0
6,25,3,4,0
6,25,3,5,0
6,25,3,6,0
6,25,3,7,3
6,25,3,8,19
6,25,3,9,12
6,25,3,10,0
6,25,3,11,28
6,25,3,12,12
6,25,3,13,23
6,25,3,14,26
6,25,3,15,26
6,25,3,16,22
6,25,3,17,26
6,25,3,18,17
6,25,3,19,14
6,25,3,20,18
6,25,3,21,56
6,25,3,22,27
6,25,3,23,58
6,25,3,24,86
6,25,3,25,55
6,25,3,26,51
6,25,3,27,56
6,25,3,28,84
6,25,3,29,19
6,25,3,30,76
6,25,3,31,44
6,25,3,32,53
6,25,3,33,50
6,25,3,34,78
6,25,3,35,67
6,25,3,36,69
6,25,3,37,67
6,25,3,38,67
6,25,3,39,64
6,25,3,40,63
6,25,3,41,43
6,25,3,42,62
6,25,3,43,63
6,25,3,44,59
6,25,3,45,60
6,25,3,46,63
6,25,3,47,59
6,25,3,48,59
6,25,3,49,57
6,25,3,50,55
6,25,3,51,56
6,25,3,52,56
6,25,3,53,57
6,25,3,54,52
6,25,3,55,52
6,25,3,56,51
6,25,3,57,51
6,25,3,58,48
6,25,3,59,48
6,25,3,60,48
6,25,3,61,51
6,25,3,62,47
6,25,3,63,45
6,25,3,64,46
6,25,3,65,45
6,25,3,66,42
6,25,3,67,41
6,25,3,68,40
6,25,3,69,39
6,25,3,70,42
6,25,3,71,40
6,25,3,72,41
6,25,3,73,39
6,25,3,74,39
6,25,3,75,37
6,25,3,76,38
6,25,3,77,38
6,25,3,78,39
6,25,3,79,35
6,25,3,80,34
6,25,3,81,37
6,25,3,82,36
6,25,3,83,35
6,25,3,84,36
6,25,3,85,34
6,25,3,86,31
6,25,3,87,29
6,25,3,88,31
6,25,3,89,29
6,25,3,90,27
6,25,3,91,26
6,25,3,92,29
6,25,3,93,28
6,25,3,94,31
6,25,3,95,26
6,25,3,96,28
6,25,3,97,24
6,25,3,98,28
6,25,3,99,25
6,25,3,100,24
6,25,3,101,23
6,25,3,102,25
6,25,3,103,22
6,25,3,104,23
6,25,3,105,24
6,25,3,106,21
6,25,3,107,21
6,25,3,108,20
6,25,3,109,20
6,25,3,110,17
6,25,3,111,20
6,25,3,112,18
6,25,3,113,16
6,25,3,114,17
6,25,3,115,17
6,25,3,116,15
6,25,3,117,16
6,25,3,118,16
6,25,3,119,13
6,25,3,120,13
6,25,3,121,12
6,25,3,122,13
6,25,3,123,13
6,25,3,124,12
6,25,3,125,12
6,25,3,126,11
6,25,3,127,12
6,25,3,128,12
6,25,3,129,11
6,25,3,130,10
6,25,3,131,9
6,25,3,132,8
6,25,3,133,9
6,25,3,134,8
6,25,3,135,9
6,25,3,136,10
6,25,3,137,8
6,25,3,138,8
6,25,3,139,9
6,25,3,140,9
6,25,3,141,7
6,25,3,142,7
6,25,3,143,8
6,25,3,144,6
6,25,3,145,6
6,25,3,146,9
6,25,3,147,8
6,25,3,148,7
6,25,3,149,5
6,25,3,150,5
6,25,3,151,5
6,25,3,152,3
6,25,3,153,3
6,25,3,154,3
6,25,3,155,2
6,25,3,156,1
6,25,4,0,0
6,25,4,1,0
6,25,4,2,0
6,25,4,3,0
6,25,4,4,0
6,25,4,5,0
6,25,4,6,1
6,25,4,7,0
6,25,4,8,0
6,25,4,9,0
6,25,4,10,0
6,25,4,11,31
6,25,4,12,14
6,25,4,13,14
6,25,4,14,14
6,25,4,15,12
6,25,4,16,28
6,25,4,17,16
6,25,4,18,16
6,25,4,19,30
6,25,4,20,24
6,25,4,21,26
6,25,4,22,22
6,25,4,23,22
6,25,4,24,21
6,25,4,25,15
6,25,4,26,18
6,25,4,27,78
6,25,4,28,21
6,25,4,29,85
6,25,4,30,23
6,25,4,31,80
6,25,4,32,78
6,25,4,33,21
6,25,4,34,17
6,25,4,35,66
6,25,4,36,14
6,25,4,37,68
6,25,4,38,69
6,25,4,39,46
6,25,4,40,65
6,25,4,41,69
6,25,4,42,64
6,25,4,43,66
6,25,4,44,62
6,25,4,45,58
6,25,4,46,59
6,25,4,47,59
6,25,4,48,60
6,25,4,49,59
6,25,4,50,57
6,25,4,51,56
6,25,4,52,53
6,25,4,53,48
6,25,4,54,55
6,25,4,55,29
6,25,4,56,52
6,25,4,57,48
6,25,4,58,50
6,25,4,59,51
6,25,4,60,49
6,25,4,61,49
6,25,4,62,47
6,25,4,63,48
6,25,4,64,47
6,25,4,65,46
6,25,4,66,49
6,25,4,67,49
6,25,4,68,47
6,25,4,69,43
6,25,4,70,44
6,25,4,71,47
6,25,4,72,39
6,25,4,73,43
6,25,4,74,42
6,25,4,75,43
6,25,4,76,44
6,25,4,77,43
6,25,4,78,40
6,25,4,79,39
6,25,4,80,38
6,25,4,81,37
6,25,4,82,37
6,25,4,83,35
6,25,4,84,36
6,25,4,85,36
6,25,4,86,36
6,25,4,87,32
6,25,4,88,33
6,25,4,89,29
6,25,4,90,32
6,25,4,91,32
6,25,4,92,30
6,25,4,93,29
6,25,4,94,30
6,25,4,95,30
6,25,4,96,29
6,25,4,97,27
6,25,4,98,26
6,25,4,99,23
6,25,4,100,24
6,25,4,101,26
6,25,4,102,22
6,25,4,103,22
6,25,4,104,23
6,25,4,105,20
6,25,4,106,20
6,25,4,107,19
6,25,4,108,20
6,25,4,109,19
6,25,4,110,19
6,25,4,111,16
6,25,4,112,16
6,25,4,113,18
6,25,4,114,16
6,25,4,115,15
6,25,4,116,16
6,25,4,117,16
6,25,4,118,15
6,25,4,119,16
6,25,4,120,15
6,25,4,121,13
6,25,4,122,12
6,25,4,123,12
6,25,4,124,10
6,25,4,125,13
6,25,4,126,14
6,25,4,127,10
6,25,4,128,10
6,25,4,129,11
6,25,4,130,9
6,25,4,131,9
6,25,4,132,10
6,25,4,133,10
6,25,4,134,7
6,25,4,135,8
6,25,4,136,7
6,25,4,137,7
6,25,4,138,8
6,25,4,139,8
6,25,4,140,8
6,25,4,141,6
6,25,4,142,5
6,25,4,143,6
6,25,4,144,6
6,25,4,145,6
6,25,4,146,5
6,25,4,147,7
6,25,4,148,6
6,25,4,149,5
6,25,4,150,5
6,25,4,151,5
6,25,4,152,5
6,25,4,153,3
6,25,4,154,4
6,25,4,155,2
6,25,4,156,3
6,25,4,157,2
6,25,4,158,1
6,25,5,0,0
6,25,5,1,0
6,25,5,2,0
6,25,5,3,0
6,25,5,4,0
6,25,5,5,0
6,25,5,6,0
6,25,5,7,0
6,25,5,8,26
6,25,5,9,0
6,25,5,10,4
6,25,5,11,29
6,25,5,12,29
6,25,5,13,4
6,25,5,14,11
6,25,5,15,31
6,25,5,16,27
6,25,5,17,21
6,25,5,18,29
6,25,5,19,25
6,25,5,20,22
6,25,5,21,20
6,25,5,22,27
6,25,5,23,24
6,25,5,24,15
6,25,5,25,23
6,25,5,26,20
6,25,5,27,15
6,25,5,28,49
6,25,5,29,47
6,25,5,30,19
6,25,5,31,20
6,25,5,32,23
6,25,5,33,21
6,25,5,34,75
6,25,5,35,21
6,25,5,36,67
6,25,5,37,19
6,25,5,38,45
6,25,5,39,12
6,25,5,40,66
6,25,5,41,37
6,25,5,42,61
6,25,5,43,40
6,25,5,44,60
6,25,5,45,57
6,25,5,46,16
6,25,5,47,58
6,25,5,48,57
6,25,5,49,57
6,25,5,50,59
6,25,5,51,58
6,25,5,52,51
6,25,5,53,58
6,25,5,54,60
6,25,5,55,42
6,25,5,56,38
6,25,5,57,53
6,25,5,58,53
6,25,5,59,48
6,25,5,60,56
6,25,5,61,47
6,25,5,62,50
6,25,5,63,50
6,25,5,64,49
6,25,5,65,45
6,25,5,66,46
6,25,5,67,47
6,25,5,68,36
6,25,5,69,50
6,25,5,70,46
6,25,5,71,49
6,25,5,72,44
6,25,5,73,45
6,25,5,74,43
6,25,5,75,37
6,25,5,76,40
6,25,5,77,37
6,25,5,78,41
6,25,5,79,38
6,25,5,80,35
6,25,5,81,37
6,25,5,82,36
6,25,5,83,33
6,25,5,84,32
6,25,5,85,34
6,25,5,86,36
6,25,5,87,34
6,25,5,88,31
6,25,5,89,30
6,25,5,90,29
6,25,5,91,32
6,25,5,92,24
6,25,5,93,31
6,25,5,94,21
6,25,5,95,26
6,25,5,96,27
6,25,5,97,26
6,25,5,98,28
6,25,5,99,25
6,25,5,100,26
6,25,5,101,22
6,25,5,102,22
6,25,5,103,23
6,25,5,104,21
6,25,5,105,21
6,25,5,106,19
6,25,5,107,15
6,25,5,108,20
6,25,5,109,20
6,25,5,110,19
6,25,5,111,14
6,25,5,112,15
6,25,5,113,16
6,25,5,114,16
6,25,5,115,13
6,25,5,116,13
6,25,5,117,13
6,25,5,118,12
6,25,5,119,13
6,25,5,120,14
6,25,5,121,14
6,25,5,122,15
6,25,5,123,14
6,25,5,124,13
6,25,5,125,12
6,25,5,126,12
6,25,5,127,10
6,25,5,128,11
6,25,5,129,13
6,25,5,130,11
6,25,5,131,9
6,25,5,132,10
6,25,5,133,10
6,25,5,134,11
6,25,5,135,8
6,25,5,136,9
6,25,5,137,9
6,25,5,138,10
6,25,5,139,10
6,25,5,140,9
6,25,5,141,9
6,25,5,142,7
6,25,5,143,5
6,25,5,144,4
6,25,5,145,7
6,25,5,146,4
6,25,5,147,7
6,25,5,148,5
6,25,5,149,7
6,25,5,150,6
6,25,5,151,4
6,25,5,152,5
6,25,5,153,5
6,25,5,154,2
6,25,5,155,1
6,25,5,156,0
6,25,5,157,2
6,25,5,158,1
6,25,5,159,1
6,25,6,0,0
6,25,6,1,0
6,25,6,2,0
6,25,6,3,0
6,25,6,4,0
6,25,6,5,0
6,25,6,6,1
6,25,6,7,2
6,25,6,8,1
6,25,6,9,0
6,25,6,10,1
6,25,6,11,0
6,25,6,12,6
6,25,6,13,21
6,25,6,14,18
6,25,6,15,4
6,25,6,16,32
6,25,6,17,18
6,25,6,18,33
6,25,6,19,29
6,25,6,20,27
6,25,6,21,28
6,25,6,22,24
6,25,6,23,17
6,25,6,24,60
6,25,6,25,16
6,25,6,26,22
6,25,6,27,22
6,25,6,28,12
6,25,6,29,20
6,25,6,30,20
6,25,6,31,77
6,25,6,32,76
6,25,6,33,73
6,25,6,34,79
6,25,6,35,71
6,25,6,36,13
6,25,6,37,15
6,25,6,38,64
6,25,6,39,12
6,25,6,40,63
6,25,6,41,66
6,25,6,42,13
6,25,6,43,59
6,25,6,44,59
6,25,6,45,60
6,25,6,46,57
6,25,6,47,17
6,25,6,48,56
6,25,6,49,57
6,25,6,50,53
6,25,6,51,55
6,25,6,52,56
6,25,6,53,59
6,25,6,54,55
6,25,6,55,53
6,25,6,56,53
6,25,6,57,51
6,25,6,58,53
6,25,6,59,50
6,25,6,60,48
6,25,6,61,53
6,25,6,62,56
6,25,6,63,50
6,25,6,64,47
6,25,6,65,41
6,25,6,66,45
6,25,6,67,44
6,25,6,68,43
6,25,6,69,40
6,25,6,70,43
6,25,6,71,40
6,25,6,72,40
6,25,6,73,39
6,25,6,74,40
6,25,6,75,33
6,25,6,76,34
6,25,6,77,34
6,25,6,78,38
6,25,6,79,39
6,25,6,80,37
6,25,6,81,37
6,25,6,82,33
6,25,6,83,34
6,25,6,84,33
6,25,6,85,35
6,25,6,86,34
6,25,6,87,32
6,25,6,88,29
6,25,6,89,35
6,25,6,90,33
6,25,6,91,30
6,25,6,92,29
6,25,6,93,28
6,25,6,94,26
6,25,6,95,29
6,25,6,96,23
6,25,6,97,28
6,25,6,98,26
6,25,6,99,23
6,25,6,100,25
6,25,6,101,26
6,25,6,102,24
6,25,6,103,25
6,25,6,104,25
6,25,6,105,23
6,25,6,106,22
6,25,6,107,21
6,25,6,108,21
6,25,6,109,20
6,25,6,110,23
6,25,6,111,19
6,25,6,112,18
6,25,6,113,19
6,25,6,114,19
6,25,6,115,21
6,25,6,116,19
6,25,6,117,15
6,25,6,118,17
6,25,6,119,17
6,25,6,120,15
6,25,6,121,14
6,25,6,122,16
6,25,6,123,15
6,25,6,124,13
6,25,6,125,14
6,25,6,126,12
6,25,6,127,12
6,25,6,128,11
6,25,6,129,14
6,25,6,130,11
6,25,6,131,12
6,25,6,132,10
6,25,6,133,9
6,25,6,134,11
6,25,6,135,10
6,25,6,136,8
6,25,6,137,10
6,25,6,138,8
6,25,6,139,6
6,25,6,140,8
6,25,6,141,8
6,25,6,142,6
6,25,6,143,5
6,25,6,144,8
6,25,6,145,7
6,25,6,146,6
6,25,6,147,7
6,25,6,148,6
6,25,6,149,7
6,25,6,150,5
6,25,6,151,3
6,25,6,152,6
6,25,6,153,3
6,25,6,154,2
6,25,6,155,3
6,25,6,156,0
6,25,6,157,0
6,25,6,158,2
6,25,6,159,0
6,25,6,160,0
6,25,6,161,1
6,25,7,0,0
6,25,7,1,0
6,25,7,2,0
6,25,7,3,0
6,25,7,4,0
6,25,7,5,0
6,25,7,6,0
6,25,7,7,6
6,25,7,8,16
6,25,7,9,13
6,25,7,10,11
6,25,7,11,26
6,25,7,12,11
6,25,7,13,0
6,25,7,14,18
6,25,7,15,24
6,25,7,16,31
6,25,7,17,15
6,25,7,18,27
6,25,7,19,20
6,25,7,20,24
6,25,7,21,25
6,25,7,22,16
6,25,7,23,20
6,25,7,24,22
6,25,7,25,80
6,25,7,26,51
6,25,7,27,48
6,25,7,28,51
6,25,7,29,53
6,25,7,30,14
6,25,7,31,45
6,25,7,32,50
6,25,7,33,49
6,25,7,34,74
6,25,7,35,76
6,25,7,36,71
6,25,7,37,67
6,25,7,38,67
6,25,7,39,65
6,25,7,40,64
6,25,7,41,40
6,25,7,42,53
6,25,7,43,55
6,25,7,44,54
6,25,7,45,54
6,25,7,46,57
6,25,7,47,56
6,25,7,48,55
6,25,7,49,56
6,25,7,50,56
6,25,7,51,54
6,25,7,52,57
6,25,7,53,58
6,25,7,54,55
6,25,7,55,53
6,25,7,56,53
6,25,7,57,50
6,25,7,58,45
6,25,7,59,47
6,25,7,60,45
6,25,7,61,43
6,25,7,62,49
6,25,7,63,49
6,25,7,64,46
6,25,7,65,49
6,25,7,66,50
6,25,7,67,47
6,25,7,68,44
6,25,7,69,43
6,25,7,70,42
6,25,7,71,40
6,25,7,72,40
6,25,7,73,36
6,25,7,74,36
6,25,7,75,35
6,25,7,76,39
6,25,7,77,34
6,25,7,78,34
6,25,7,79,35
6,25,7,80,39
6,25,7,81,37
6,25,7,82,36
6,25,7,83,33
6,25,7,84,30
6,25,7,85,33
6,25,7,86,31
6,25,7,87,30
6,25,7,88,31
6,25,7,89,29
6,25,7,90,28
6,25,7,91,26
6,25,7,92,28
6,25,7,93,28
6,25,7,94,29
6,25,7,95,26
6,25,7,96,26
6,25,7,97,25
6,25,7,98,26
6,25,7,99,24
6,25,7,100,24
6,25,7,101,23
6,25,7,102,22
6,25,7,103,22
6,25,7,104,20
6,25,7,105,20
6,25,7,106,21
6,25,7,107,19
6,25,7,108,19
6,25,7,109,19
6,25,7,110,17
6,25,7,111,18
6,25,7,112,13
6,25,7,113,12
6,25,7,114,14
6,25,7,115,14
6,25,7,116,13
6,25,7,117,13
6,25,7,118,16
6,25,7,119,13
6,25,7,120,15
6,25,7,121,15
6,25,7,122,14
6,25,7,123,13
6,25,7,124,13
6,25,7,125,13
6,25,7,126,12
6,25,7,127,11
6,25,7,128,12
6,25,7,129,10
6,25,7,130,10
6,25,7,131,9
6,25,7,132,8
6,25,7,133,9
6,25,7,134,9
6,25,7,135,8
6,25,7,136,7
6,25,7,137,7
6,25,7,138,8
6,25,7,139,8
6,25,7,140,8
6,25,7,141,9
6,25,7,142,8
6,25,7,143,8
6,25,7,144,6
6,25,7,145,5
6,25,7,146,5
6,25,7,147,5
6,25,7,148,3
6,25,7,149,5
6,25,7,150,6
6,25,7,151,5
6,25,7,152,3
6,25,7,153,3
6,25,7,154,3
6,25,7,155,2
6,25,7,156,1
6,25,8,0,0
6,25,8,1,0
6,25,8,2,0
6,25,8,3,0
6,25,8,4,0
6,25,8,5,0
6,25,8,6,0
6,25,8,7,2
6,25,8,8,0
6,25,8,9,0
6,25,8,10,24
6,25,8,11,15
6,25,8,12,11
6,25,8,13,13
6,25,8,14,22
6,25,8,15,19
6,25,8,16,17
6,25,8,17,13
6,25,8,18,26
6,25,8,19,23
6,25,8,20,24
6,25,8,21,22
6,25,8,22,22
6,25,8,23,27
6,25,8,24,27
6,25,8,25,21
6,25,8,26,21
6,25,8,27,82
6,25,8,28,23
6,25,8,29,57
6,25,8,30,18
6,25,8,31,74
6,25,8,32,21
6,25,8,33,26
6,25,8,34,70
6,25,8,35,16
6,25,8,36,64
6,25,8,37,65
6,25,8,38,18
6,25,8,39,63
6,25,8,40,64
6,25,8,41,59
6,25,8,42,59
6,25,8,43,45
6,25,8,44,63
6,25,8,45,55
6,25,8,46,58
6,25,8,47,56
6,25,8,48,56
6,25,8,49,46
6,25,8,50,47
6,25,8,51,55
6,25,8,52,51
6,25,8,53,56
6,25,8,54,54
6,25,8,55,53
6,25,8,56,53
6,25,8,57,50
6,25,8,58,49
6,25,8,59,45
6,25,8,60,42
6,25,8,61,52
6,25,8,62,47
6,25,8,63,48
6,25,8,64,42
6,25,8,65,42
6,25,8,66,43
6,25,8,67,44
6,25,8,68,44
6,25,8,69,38
6,25,8,70,41
6,25,8,71,45
6,25,8,72,40
6,25,8,73,37
6,25,8,74,37
6,25,8,75,39
6,25,8,76,40
6,25,8,77,37
6,25,8,78,36
6,25,8,79,34
6,25,8,80,34
6,25,8,81,33
6,25,8,82,34
6,25,8,83,34
6,25,8,84,36
6,25,8,85,31
6,25,8,86,33
6,25,8,87,30
6,25,8,88,28
6,25,8,89,27
6,25,8,90,31
6,25,8,91,31
6,25,8,92,28
6,25,8,93,26
6,25,8,94,25
6,25,8,95,25
6,25,8,96,25
6,25,8,97,28
6,25,8,98,27
6,25,8,99,25
6,25,8,100,25
6,25,8,101,25
6,25,8,102,21
6,25,8,103,19
6,25,8,104,19
6,25,8,105,23
6,25,8,106,22
6,25,8,107,20
6,25,8,108,19
6,25,8,109,18
6,25,8,110,18
6,25,8,111,15
6,25,8,112,14
6,25,8,113,14
6,25,8,114,16
6,25,8,115,14
6,25,8,116,12
6,25,8,117,11
6,25,8,118,11
6,25,8,119,11
6,25,8,120,11
6,25,8,121,11
6,25,8,122,12
6,25,8,123,12
6,25,8,124,11
6,25,8,125,10
6,25,8,126,11
6,25,8,127,9
6,25,8,128,8
6,25,8,129,10
6,25,8,130,9
6,25,8,131,9
6,25,8,132,8
6,25,8,133,8
6,25,8,134,8
6,25,8,135,9
6,25,8,136,10
6,25,8,137,8
6,25,8,138,10
6,25,8,139,11
6,25,8,140,11
6,25,8,141,10
6,25,8,142,10
6,25,8,143,10
6,25,8,144,9
6,25,8,145,8
6,25,8,146,7
6,25,8,147,7
6,25,8,148,5
6,25,8,149,5
6,25,8,150,4
6,25,8,151,2
6,25,8,152,5
6,25,8,153,3
6,25,8,154,3
6,25,8,155,2
6,25,8,156,0
6,25,8,157,0
6,25,8,158,1
6,25,8,159,0
6,25,8,160,1
6,25,8,161,1
6,25,9,0,0
6,25,9,1,0
6,25,9,2,0
6,25,9,3,0
6,25,9,4,0
6,25,9,5,2
6,25,9,6,1
6,25,9,7,0
6,25,9,8,0
6,25,9,9,3
6,25,9,10,2
6,25,9,11,1
6,25,9,12,0
6,25,9,13,2
6,25,9,14,19
6,25,9,15,9
6,25,9,16,17
6,25,9,17,28
6,25,9,18,26
6,25,9,19,15
6,25,9,20,15
6,25,9,21,23
6,25,9,22,16
6,25,9,23,20
6,25,9,24,15
6,25,9,25,23
6,25,9,26,20
6,25,9,27,18
6,25,9,28,52
6,25,9,29,19
6,25,9,30,20
6,25,9,31,22
6,25,9,32,21
6,25,9,33,80
6,25,9,34,76
6,25,9,35,21
6,25,9,36,19
6,25,9,37,76
6,25,9,38,69
6,25,9,39,65
6,25,9,40,63
6,25,9,41,60
6,25,9,42,63
6,25,9,43,71
6,25,9,44,63
6,25,9,45,18
6,25,9,46,61
6,25,9,47,60
6,25,9,48,56
6,25,9,49,63
6,25,9,50,60
6,25,9,51,54
6,25,9,52,54
6,25,9,53,46
6,25,9,54,55
6,25,9,55,58
6,25,9,56,15
6,25,9,57,48
6,25,9,58,53
6,25,9,59,50
6,25,9,60,47
6,25,9,61,52
6,25,9,62,46
6,25,9,63,42
6,25,9,64,43
6,25,9,65,45
6,25,9,66,45
6,25,9,67,46
6,25,9,68,44
6,25,9,69,38
6,25,9,70,39
6,25,9,71,43
6,25,9,72,41
6,25,9,73,20
6,25,9,74,40
6,25,9,75,38
6,25,9,76,36
6,25,9,77,40
6,25,9,78,40
6,25,9,79,34
6,25,9,80,35
6,25,9,81,36
6,25,9,82,32
6,25,9,83,34
6,25,9,84,30
6,25,9,85,29
6,25,9,86,30
6,25,9,87,31
6,25,9,88,31
6,25,9,89,29
6,25,9,90,31
6,25,9,91,29
6,25,9,92,26
6,25,9,93,27
6,25,9,94,28
6,25,9,95,30
6,25,9,96,29
6,25,9,97,27
6,25,9,98,26
6,25,9,99,24
6,25,9,100,24
6,25,9,101,22
6,25,9,102,22
6,25,9,103,22
6,25,9,104,22
6,25,9,105,22
6,25,9,106,21
6,25,9,107,21
6,25,9,108,21
6,25,9,109,19
6,25,9,110,20
6,25,9,111,20
6,25,9,112,16
6,25,9,113,16
6,25,9,114,17
6,25,9,115,18
6,25,9,116,17
6,25,9,117,15
6,25,9,118,17
6,25,9,119,15
6,25,9,120,15
6,25,9,121,13
6,25,9,122,13
6,25,9,123,11
6,25,9,124,14
6,25,9,125,11
6,25,9,126,12
6,25,9,127,9
6,25,9,128,9
6,25,9,129,10
6,25,9,130,10
6,25,9,131,9
6,25,9,132,9
6,25,9,133,9
6,25,9,134,8
6,25,9,135,7
6,25,9,136,7
6,25,9,137,8
6,25,9,138,7
6,25,9,139,6
6,25,9,140,6
6,25,9,141,8
6,25,9,142,8
6,25,9,143,6
6,25,9,144,4
6,25,9,145,6
6,25,9,146,7
6,25,9,147,5
6,25,9,148,4
6,25,9,149,5
6,25,9,150,4
6,25,9,151,3
6,25,9,152,4
6,25,9,153,3
6,25,9,154,3
6,25,9,155,2
6,25,9,156,0
6,25,9,157,0
6,25,9,158,1
6,25,10,0,0
6,25,10,1,0
6,25,10,2,0
6,25,10,3,0
6,25,10,4,0
6,25,10,5,0
6,25,10,6,4
6,25,10,7,3
6,25,10,8,16
6,25,10,9,10
6,25,10,10,7
6,25,10,11,26
6,25,10,12,7
6,25,10,13,30
6,25,10,14,20
6,25,10,15,29
6,25,10,16,26
6,25,10,17,27
6,25,10,18,23
6,25,10,19,26
6,25,10,20,22
6,25,10,21,24
6,25,10,22,54
6,25,10,23,24
6,25,10,24,23
6,25,10,25,21
6,25,10,26,20
6,25,10,27,21
6,25,10,28,17
6,25,10,29,18
6,25,10,30,19
6,25,10,31,15
6,25,10,32,41
6,25,10,33,69
6,25,10,34,12
6,25,10,35,65
6,25,10,36,12
6,25,10,37,64
6,25,10,38,60
6,25,10,39,13
6,25,10,40,57
6,25,10,41,63
6,25,10,42,58
6,25,10,43,56
6,25,10,44,57
6,25,10,45,60
6,25,10,46,22
6,25,10,47,56
6,25,10,48,55
6,25,10,49,52
6,25,10,50,37
6,25,10,51,51
6,25,10,52,55
6,25,10,53,50
6,25,10,54,57
6,25,10,55,55
6,25,10,56,58
6,25,10,57,55
6,25,10,58,55
6,25,10,59,37
6,25,10,60,52
6,25,10,61,50
6,25,10,62,48
6,25,10,63,35
6,25,10,64,49
6,25,10,65,46
6,25,10,66,49
6,25,10,67,49
6,25,10,68,48
6,25,10,69,47
6,25,10,70,46
6,25,10,71,40
6,25,10,72,40
6,25,10,73,37
6,25,10,74,40
6,25,10,75,37
6,25,10,76,37
6,25,10,77,33
6,25,10,78,35
6,25,10,79,38
6,25,10,80,39
6,25,10,81,38
6,25,10,82,36
6,25,10,83,35
6,25,10,84,36
6,25,10,85,33
6,25,10,86,31
6,25,10,87,34
6,25,10,88,33
6,25,10,89,28
6,25,10,90,28
6,25,10,91,32
6,25,10,92,28
6,25,10,93,28
6,25,10,94,24
6,25,10,95,24
6,25,10,96,27
6,25,10,97,24
6,25,10,98,23
6,25,10,99,26
6,25,10,100,25
6,25,10,101,23
6,25,10,102,24
6,25,10,103,21
6,25,10,104,20
6,25,10,105,24
6,25,10,106,21
6,25,10,107,20
6,25,10,108,18
6,25,10,109,19
6,25,10,110,17
6,25,10,111,18
6,25,10,112,16
6,25,10,113,15
6,25,10,114,15
6,25,10,115,14
6,25,10,116,16
6,25,10,117,15
6,25,10,118,15
6,25,10,119,15
6,25,10,120,15
6,25,10,121,12
6,25,10,122,15
6,25,10,123,13
6,25,10,124,13
6,25,10,125,9
6,25,10,126,11
6,25,10,127,11
6,25,10,128,11
6,25,10,129,12
6,25,10,130,10
6,25,10,131,9
6,25,10,132,9
6,25,10,133,9
6,25,10,134,10
6,25,10,135,10
6,25,10,136,9
6,25,10,137,9
6,25,10,138,9
6,25,10,139,8
6,25,10,140,8
6,25,10,141,7
6,25,10,142,8
6,25,10,143,7
6,25,10,144,6
6,25,10,145,7
6,25,10,146,6
6,25,10,147,4
6,25,10,148,3
6,25,10,149,3
6,25,10,150,4
6,25,10,151,4
6,25,10,152,2
6,25,10,153,1
6,25,10,154,0
6,25,10,155,1
6,25,11,0,0
6,25,11,1,0
6,25,11,2,0
6,25,11,3,0
6,25,11,4,0
6,25,11,5,0
6,25,11,6,0
6,25,11,7,3
6,25,11,8,5
6,25,11,9,10
6,25,11,10,24
6,25,11,11,18
6,25,11,12,16
6,25,11,13,15
6,25,11,14,30
6,25,11,15,26
6,25,11,16,23
6,25,11,17,22
6,25,11,18,24
6,25,11,19,23
6,25,11,20,20
6,25,11,21,25
6,25,11,22,21
6,25,11,23,23
6,25,11,24,53
6,25,11,25,21
6,25,11,26,56
6,25,11,27,17
6,25,11,28,16
6,25,11,29,46
6,25,11,30,52
6,25,11,31,20
6,25,11,32,48
6,25,11,33,47
6,25,11,34,49
6,25,11,35,42
6,25,11,36,63
6,25,11,37,64
6,25,11,38,40
6,25,11,39,48
6,25,11,40,59
6,25,11,41,40
6,25,11,42,63
6,25,11,43,43
6,25,11,44,58
6,25,11,45,14
6,25,11,46,59
6,25,11,47,42
6,25,11,48,61
6,25,11,49,60
6,25,11,50,41
6,25,11,51,39
6,25,11,52,51
6,25,11,53,47
6,25,11,54,50
6,25,11,55,48
6,25,11,56,53
6,25,11,57,54
6,25,11,58,56
6,25,11,59,54
6,25,11,60,52
6,25,11,61,53
6,25,11,62,50
6,25,11,63,46
6,25,11,64,44
6,25,11,65,46
6,25,11,66,43
6,25,11,67,41
6,25,11,68,41
6,25,11,69,41
6,25,11,70,44
6,25,11,71,44
6,25,11,72,44
6,25,11,73,44
6,25,11,74,40
6,25,11,75,38
6,25,11,76,40
6,25,11,77,39
6,25,11,78,36
6,25,11,79,37
6,25,11,80,23
6,25,11,81,37
6,25,11,82,36
6,25,11,83,36
6,25,11,84,32
6,25,11,85,36
6,25,11,86,36
6,25,11,87,32
6,25,11,88,27
6,25,11,89,28
6,25,11,90,32
6,25,11,91,32
6,25,11,92,31
6,25,11,93,31
6,25,11,94,25
6,25,11,95,25
6,25,11,96,20
6,25,11,97,21
6,25,11,98,22
6,25,11,99,26
6,25,11,100,24
6,25,11,101,21
6,25,11,102,22
6,25,11,103,21
6,25,11,104,22
6,25,11,105,18
6,25,11,106,21
6,25,11,107,23
6,25,11,108,16
6,25,11,109,23
6,25,11,110,20
6,25,11,111,18
6,25,11,112,15
6,25,11,113,11
6,25,11,114,16
6,25,11,115,16
6,25,11,116,16
6,25,11,117,13
6,25,11,118,12
6,25,11,119,14
6,25,11,120,14
6,25,11,121,16
6,25,11,122,13
6,25,11,123,11
6,25,11,124,14
6,25,11,125,13
6,25,11,126,11
6,25,11,127,10
6,25,11,128,9
6,25,11,129,6
6,25,11,130,10
6,25,11,131,10
6,25,11,132,10
6,25,11,133,11
6,25,11,134,9
6,25,11,135,12
6,25,11,136,10
6,25,11,137,10
6,25,11,138,9
6,25,11,139,8
6,25,11,140,8
6,25,11,141,8
6,25,11,142,8
6,25,11,143,6
6,25,11,144,5
6,25,11,145,7
6,25,11,146,6
6,25,11,147,5
6,25,11,148,5
6,25,11,149,5
6,25,11,150,4
6,25,11,151,4
6,25,11,152,4
6,25,11,153,3
6,25,11,154,2
6,25,11,155,1
6,25,12,0,0
6,25,12,1,0
6,25,12,2,0
6,25,12,3,0
6,25,12,4,0
6,25,12,5,0
6,25,12,6,0
6,25,12,7,0
6,25,12,8,0
6,25,12,9,21
6,25,12,10,8
6,25,12,11,7
6,25,12,12,11
6,25,12,13,4
6,25,12,14,2
6,25,12,15,19
6,25,12,16,29
6,25,12,17,14
6,25,12,18,33
6,25,12,19,26
6,25,12,20,22
6,25,12,21,26
6,25,12,22,24
6,25,12,23,23
6,25,12,24,24
6,25,12,25,53
6,25,12,26,23
6,25,12,27,31
6,25,12,28,30
6,25,12,29,53
6,25,12,30,21
6,25,12,31,52
6,25,12,32,64
6,25,12,33,76
6,25,12,34,66
6,25,12,35,68
6,25,12,36,67
6,25,12,37,19
6,25,12,38,65
6,25,12,39,65
6,25,12,40,15
6,25,12,41,16
6,25,12,42,70
6,25,12,43,51
6,25,12,44,62
6,25,12,45,60
6,25,12,46,23
6,25,12,47,58
6,25,12,48,57
6,25,12,49,55
6,25,12,50,54
6,25,12,51,49
6,25,12,52,52
6,25,12,53,16
6,25,12,54,50
6,25,12,55,53
6,25,12,56,53
6,25,12,57,54
6,25,12,58,46
6,25,12,59,56
6,25,12,60,49
6,25,12,61,55
6,25,12,62,53
6,25,12,63,44
6,25,12,64,43
6,25,12,65,44
6,25,12,66,49
6,25,12,67,43
6,25,12,68,41
6,25,12,69,42
6,25,12,70,46
6,25,12,71,44
6,25,12,72,35
6,25,12,73,38
6,25,12,74,32
6,25,12,75,45
6,25,12,76,40
6,25,12,77,40
6,25,12,78,41
6,25,12,79,38
6,25,12,80,38
6,25,12,81,38
6,25,12,82,34
6,25,12,83,34
6,25,12,84,36
6,25,12,85,33
6,25,12,86,29
6,25,12,87,31
6,25,12,88,32
6,25,12,89,28
6,25,12,90,30
6,25,12,91,31
6,25,12,92,28
6,25,12,93,27
6,25,12,94,26
6,25,12,95,26
6,25,12,96,27
6,25,12,97,26
6,25,12,98,28
6,25,12,99,25
6,25,12,100,21
6,25,12,101,24
6,25,12,102,25
6,25,12,103,24
6,25,12,104,22
6,25,12,105,22
6,25,12,106,22
6,25,12,107,22
6,25,12,108,20
6,25,12,109,21
6,25,12,110,18
6,25,12,111,15
6,25,12,112,16
6,25,12,113,19
6,25,12,114,17
6,25,12,115,14
6,25,12,116,15
6,25,12,117,14
6,25,12,118,13
6,25,12,119,13
6,25,12,120,9
6,25,12,121,10
6,25,12,122,12
6,25,12,123,12
6,25,12,124,11
6,25,12,125,11
6,25,12,126,8
6,25,12,127,11
6,25,12,128,9
6,25,12,129,9
6,25,12,130,10
6,25,12,131,10
6,25,12,132,10
6,25,12,133,10
6,25,12,134,9
6,25,12,135,9
6,25,12,136,9
6,25,12,137,7
6,25,12,138,7
6,25,12,139,8
6,25,12,140,9
6,25,12,141,7
6,25,12,142,4
6,25,12,143,6
6,25,12,144,7
6,25,12,145,9
6,25,12,146,6
6,25,12,147,7
6,25,12,148,7
6,25,12,149,7
6,25,12,150,4
6,25,12,151,4
6,25,12,152,5
6,25,12,153,4
6,25,12,154,3
6,25,12,155,0
6,25,12,156,3
6,25,12,157,2
6,25,12,158,1
8,5,1,0,0
8,5,1,1,0
8,5,1,2,0
8,5,1,3,0
8,5,1,4,0
8,5,1,5,0
8,5,1,6,0
8,5,1,7,0
8,5,1,8,0
8,5,1,9,0
8,5,1,10,0
8,5,1,11,0
8,5,1,12,1
8,5,1,13,0
8,5,1,14,0
8,5,1,15,0
8,5,1,16,2
8,5,1,17,1
8,5,1,18,0
8,5,1,19,1
8,5,1,20,0
8,5,1,21,0
8,5,1,22,0
8,5,1,23,0
8,5,1,24,0
8,5,1,25,2
8,5,1,26,1
8,5,1,27,0
8,5,1,28,3
8,5,1,29,2
8,5,1,30,1
8,5,1,31,0
8,5,1,32,3
8,5,1,33,2
8,5,1,34,1
8,5,1,35,1
8,5,1,36,0
8,5,1,37,1
8,5,1,38,0
8,5,1,39,0
8,5,1,40,2
8,5,1,41,1
8,5,1,42,0
8,5,1,43,1
8,5,1,44,0
8,5,1,45,0
8,5,1,46,5
8,5,1,47,3
8,5,1,48,0
8,5,1,49,3
8,5,1,50,0
8,5,1,51,0
8,5,1,52,1
8,5,1,53,0
8,5,1,54,2
8,5,1,55,0
8,5,1,56,0
8,5,1,57,1
8,5,1,58,7
8,5,1,59,0
8,5,1,60,0
8,5,1,61,0
8,5,1,62,2
8,5,1,63,1
8,5,1,64,0
8,5,1,65,0
8,5,1,66,7
8,5,1,67,6
8,5,1,68,0
8,5,1,69,0
8,5,1,70,1
8,5,1,71,0
8,5,1,72,5
8,5,1,73,4
8,5,1,74,1
8,5,1,75,0
8,5,1,76,3
8,5,1,77,2
8,5,1,78,0
8,5,1,79,0
8,5,1,80,0
8,5,1,81,2
8,5,1,82,1
8,5,1,83,0
8,5,1,84,0
8,5,1,85,0
8,5,1,86,1
8,5,1,87,0
8,5,1,88,3
8,5,1,89,2
8,5,1,90,1
8,5,1,91,0
8,5,1,92,0
8,5,1,93,0
8,5,1,94,0
8,5,1,95,0
8,5,1,96,0
8,5,1,97,0
8,5,1,98,1
8,5,1,99,0
8,5,1,100,0
8,5,1,101,0
8,5,1,102,0
8,5,1,103,1
8,5,2,0,0
8,5,2,1,0
8,5,2,2,0
8,5,2,3,0
8,5,2,4,0
8,5,2,5,0
8,5,2,6,0
8,5,2,7,0
8,5,2,8,0
8,5,2,9,0
8,5,2,10,1
8,5,2,11,0
8,5,2,12,0
8,5,2,13,0
8,5,2,14,0
8,5,2,15,0
8,5,2,16,0
8,5,2,17,4
8,5,2,18,0
8,5,2,19,2
8,5,2,20,6
8,5,2,21,4
8,5,2,22,3
8,5,2,23,2
8,5,2,24,1
8,5,2,25,0
8,5,2,26,0
8,5,2,27,2
8,5,2,28,1
8,5,2,29,0
8,5,2,30,2
8,5,2,31,1
8,5,2,32,3
8,5,2,33,3
8,5,2,34,0
8,5,2,35,0
8,5,2,36,2
8,5,2,37,1
8,5,2,38,0
8,5,2,39,4
8,5,2,40,2
8,5,2,41,1
8,5,2,42,0
8,5,2,43,1
8,5,2,44,1
8,5,2,45,0
8,5,2,46,0
8,5,2,47,0
8,5,2,48,0
8,5,2,49,0
8,5,2,50,0
8,5,2,51,3
8,5,2,52,0
8,5,2,53,0
8,5,2,54,1
8,5,2,55,0
8,5,2,56,0
8,5,2,57,1
8,5,2,58,0
8,5,2,59,2
8,5,2,60,0
8,5,2,61,0
8,5,2,62,0
8,5,2,63,0
8,5,2,64,1
8,5,2,65,0
8,5,2,66,1
8,5,2,67,0
8,5,2,68,0
8,5,2,69,0
8,5,2,70,0
8,5,2,71,0
8,5,2,72,0
8,5,2,73,0
8,5,2,74,0
8,5,2,75,3
8,5,2,76,8
8,5,2,77,5
8,5,2,78,5
8,5,2,79,5
8,5,2,80,5
8,5,2,81,4
8,5,2,82,1
8,5,2,83,0
8,5,2,84,1
8,5,2,85,0
8,5,2,86,0
8,5,2,87,0
8,5,2,88,0
8,5,2,89,0
8,5,2,90,0
8,5,2,91,6
8,5,2,92,0
8,5,2,93,5
8,5,2,94,1
8,5,2,95,0
8,5,2,96,0
8,5,2,97,3
8,5,2,98,2
8,5,2,99,1
8,5,2,100,0
8,5,2,101,0
8,5,2,102,0
8,5,2,103,0
8,5,2,104,0
8,5,2,105,0
8,5,2,106,0
8,5,2,107,0
8,5,2,108,0
8,5,2,109,0
8,5,2,110,0
8,5,2,111,0
8,5,2,112,0
8,5,2,113,0
8,5,2,114,0
8,5,2,115,0
8,5,2,116,0
8,5,2,117,0
8,5,2,118,0
8,5,2,119,0
8,5,2,120,0
8,5,2,121,0
8,5,2,122,0
8,5,2,123,0
8,5,2,124,0
8,5,2,125,0
8,5,2,126,0
8,5,2,127,0
8,5,2,128,0
8,5,2,129,0
8,5,2,130,1
8,5,3,0,0
8,5,3,1,0
8,5,3,2,0
8,5,3,3,0
8,5,3,4,0
8,5,3,5,0
8,5,3,6,0
8,5,3,7,0
8,5,3,8,0
8,5,3,9,0
8,5,3,10,0
8,5,3,11,0
8,5,3,12,0
8,5,3,13,0
8,5,3,14,0
8,5,3,15,0
8,5,3,16,2
8,5,3,17,0
8,5,3,18,0
8,5,3,19,1
8,5,3,20,0
8,5,3,21,0
8,5,3,22,6
8,5,3,23,6
8,5,3,24,6
8,5,3,25,5
8,5,3,26,4
8,5,3,27,0
8,5,3,28,6
8,5,3,29,4
8,5,3,30,8
8,5,3,31,2
8,5,3,32,1
8,5,3,33,0
8,5,3,34,5
8,5,3,35,2
8,5,3,36,1
8,5,3,37,6
8,5,3,38,1
8,5,3,39,0
8,5,3,40,3
8,5,3,41,5
8,5,3,42,0
8,5,3,43,3
8,5,3,44,2
8,5,3,45,0
8,5,3,46,0
8,5,3,47,1
8,5,3,48,0
8,5,3,49,0
8,5,3,50,0
8,5,3,51,0
8,5,3,52,0
8,5,3,53,1
8,5,3,54,0
8,5,3,55,0
8,5,3,56,2
8,5,3,57,1
8,5,3,58,0
8,5,3,59,0
8,5,3,60,0
8,5,3,61,1
8,5,3,62,0
8,5,3,63,0
8,5,3,64,7
8,5,3,65,5
8,5,3,66,5
8,5,3,67,4
8,5,3,68,2
8,5,3,69,3
8,5,3,70,3
8,5,3,71,1
8,5,3,72,1
8,5,3,73,2
8,5,3,74,1
8,5,3,75,1
8,5,3,76,0
8,5,3,77,0
8,5,3,78,0
8,5,3,79,0
8,5,3,80,0
8,5,3,81,0
8,5,3,82,0
8,5,3,83,0
8,5,3,84,2
8,5,3,85,1
8,5,3,86,0
8,5,3,87,3
8,5,3,88,2
8,5,3,89,1
8,5,3,90,0
8,5,3,91,0
8,5,3,92,0
8,5,3,93,0
8,5,3,94,0
8,5,3,95,0
8,5,3,96,1
8,5,3,97,0
8,5,3,98,0
8,5,3,99,0
8,5,3,100,0
8,5,3,101,0
8,5,3,102,0
8,5,3,103,0
8,5,3,104,0
8,5,3,105,0
8,5,3,106,0
8,5,3,107,0
8,5,3,108,0
8,5,3,109,0
8,5,3,110,0
8,5,3,111,0
8,5,3,112,0
8,5,3,113,1
8,5,4,0,0
8,5,4,1,0
8,5,4,2,0
8,5,4,3,0
8,5,4,4,0
8,5,4,5,0
8,5,4,6,0
8,5,4,7,0
8,5,4,8,0
8,5,4,9,0
8,5,4,10,0
8,5,4,11,0
8,5,4,12,1
8,5,4,13,0
8,5,4,14,0
8,5,4,15,0
8,5,4,16,3
8,5,4,17,4
8,5,4,18,0
8,5,4,19,3
8,5,4,20,0
8,5,4,21,3
8,5,4,22,3
8,5,4,23,2
8,5,4,24,1
8,5,4,25,2
8,5,4,26,0
8,5,4,27,0
8,5,4,28,0
8,5,4,29,4
8,5,4,30,8
8,5,4,31,2
8,5,4,32,2
8,5,4,33,1
8,5,4,34,0
8,5,4,35,1
8,5,4,36,0
8,5,4,37,0
8,5,4,38,5
8,5,4,39,4
8,5,4,40,3
8,5,4,41,0
8,5,4,42,0
8,5,4,43,9
8,5,4,44,3
8,5,4,45,1
8,5,4,46,0
8,5,4,47,1
8,5,4,48,0
8,5,4,49,3
8,5,4,50,0
8,5,4,51,1
8,5,4,52,0
8,5,4,53,3
8,5,4,54,1
8,5,4,55,0
8,5,4,56,0
8,5,4,57,2
8,5,4,58,1
8,5,4,59,0
8,5,4,60,0
8,5,4,61,0
8,5,4,62,0
8,5,4,63,1
8,5,4,64,0
8,5,4,65,0
8,5,4,66,1
8,5,4,67,0
8,5,4,68,0
8,5,4,69,0
8,5,4,70,0
8,5,4,71,0
8,5,4,72,0
8,5,4,73,1
8,5,4,74,0
8,5,4,75,0
8,5,4,76,0
8,5,4,77,0
8,5,4,78,0
8,5,4,79,2
8,5,4,80,3
8,5,4,81,0
8,5,4,82,2
8,5,4,83,2
8,5,4,84,1
8,5,4,85,0
8,5,4,86,0
8,5,4,87,4
8,5,4,88,4
8,5,4,89,3
8,5,4,90,0
8,5,4,91,2
8,5,4,92,0
8,5,4,93,0
8,5,4,94,1
8,5,5,0,0
8,5,5,1,0
8,5,5,2,0
8,5,5,3,0
8,5,5,4,0
8,5,5,5,0
8,5,5,6,0
8,5,5,7,0
8,5,5,8,1
8,5,5,9,0
8,5,5,10,0
8,5,5,11,0
8,5,5,12,0
8,5,5,13,1
8,5,5,14,0
8,5,5,15,0
8,5,5,16,0
8,5,5,17,2
8,5,5,18,1
8,5,5,19,0
8,5,5,20,2
8,5,5,21,1
8,5,5,22,0
8,5,5,23,0
8,5,5,24,0
8,5,5,25,0
8,5,5,26,3
8,5,5,27,3
8,5,5,28,5
8,5,5,29,3
8,5,5,30,2
8,5,5,31,0
8,5,5,32,0
8,5,5,33,2
8,5,5,34,3
8,5,5,35,0
8,5,5,36,0
8,5,5,37,3
8,5,5,38,2
8,5,5,39,2
8,5,5,40,0
8,5,5,41,0
8,5,5,42,2
8,5,5,43,1
8,5,5,44,3
8,5,5,45,2
8,5,5,46,1
8,5,5,47,1
8,5,5,48,0
8,5,5,49,2
8,5,5,50,0
8,5,5,51,0
8,5,5,52,1
8,5,5,53,0
8,5,5,54,0
8,5,5,55,1
8,5,5,56,1
8,5,5,57,0
8,5,5,58,0
8,5,5,59,0
8,5,5,60,1
8,5,5,61,0
8,5,5,62,0
8,5,5,63,0
8,5,5,64,0
8,5,5,65,3
8,5,5,66,2
8,5,5,67,1
8,5,5,68,0
8,5,5,69,0
8,5,5,70,0
8,5,5,71,0
8,5,5,72,2
8,5,5,73,1
8,5,5,74,2
8,5,5,75,0
8,5,5,76,0
8,5,5,77,1
8,5,5,78,0
8,5,5,79,2
8,5,5,80,1
8,5,5,81,0
8,5,5,82,0
8,5,5,83,0
8,5,5,84,0
8,5,5,85,1
8,5,5,86,0
8,5,5,87,0
8,5,5,88,2
8,5,5,89,0
8,5,5,90,0
8,5,5,91,0
8,5,5,92,4
8,5,5,93,0
8,5,5,94,4
8,5,5,95,0
8,5,5,96,5
8,5,5,97,3
8,5,5,98,3
8,5,5,99,0
8,5,5,100,0
8,5,5,101,0
8,5,5,102,1
8,5,5,103,0
8,5,5,104,0
8,5,5,105,1
8,5,5,106,1
8,5,6,0,0
8,5,6,1,0
8,5,6,2,0
8,5,6,3,0
8,5,6,4,0
8,5,6,5,0
8,5,6,6,0
8,5,6,7,0
8,5,6,8,0
8,5,6,9,0
8,5,6,10,1
8,5,6,11,0
8,5,6,12,0
8,5,6,13,3
8,5,6,14,2
8,5,6,15,0
8,5,6,16,0
8,5,6,17,2
8,5,6,18,1
8,5,6,19,0
8,5,6,20,3
8,5,6,21,0
8,5,6,22,0
8,5,6,23,3
8,5,6,24,3
8,5,6,25,1
8,5,6,26,0
8,5,6,27,0
8,5,6,28,2
8,5,6,29,0
8,5,6,30,0
8,5,6,31,2
8,5,6,32,1
8,5,6,33,0
8,5,6,34,0
8,5,6,35,0
8,5,6,36,1
8,5,6,37,0
8,5,6,38,0
8,5,6,39,1
8,5,6,40,0
8,5,6,41,0
8,5,6,42,0
8,5,6,43,7
8,5,6,44,0
8,5,6,45,6
8,5,6,46,0
8,5,6,47,0
8,5,6,48,4
8,5,6,49,5
8,5,6,50,6
8,5,6,51,4
8,5,6,52,1
8,5,6,53,0
8,5,6,54,0
8,5,6,55,0
8,5,6,56,0
8,5,6,57,3
8,5,6,58,4
8,5,6,59,2
8,5,6,60,2
8,5,6,61,1
8,5,6,62,0
8,5,6,63,0
8,5,6,64,0
8,5,6,65,0
8,5,6,66,0
8,5,6,67,0
8,5,6,68,0
8,5,6,69,0
8,5,6,70,0
8,5,6,71,0
8,5,6,72,0
8,5,6,73,0
8,5,6,74,0
8,5,6,75,1
8,5,6,76,0
8,5,6,77,0
8,5,6,78,2
8,5,6,79,1
8,5,6,80,0
8,5,6,81,0
8,5,6,82,0
8,5,6,83,0
8,5,6,84,7
8,5,6,85,0
8,5,6,86,1
8,5,6,87,0
8,5,6,88,5
8,5,6,89,0
8,5,6,90,1
8,5,6,91,6
8,5,6,92,0
8,5,6,93,3
8,5,6,94,3
8,5,6,95,3
8,5,6,96,0
8,5,6,97,0
8,5,6,98,1
8,5,6,99,0
8,5,6,100,2
8,5,6,101,1
8,5,7,0,0
8,5,7,1,0
8,5,7,2,0
8,5,7,3,0
8,5,7,4,0
8,5,7,5,0
8,5,7,6,0
8,5,7,7,0
8,5,7,8,1
8,5,7,9,0
8,5,7,10,0
8,5,7,11,0
8,5,7,12,0
8,5,7,13,0
8,5,7,14,0
8,5,7,15,2
8,5,7,16,1
8,5,7,17,0
8,5,7,18,0
8,5,7,19,0
8,5,7,20,1
8,5,7,21,0
8,5,7,22,5
8,5,7,23,3
8,5,7,24,2
8,5,7,25,2
8,5,7,26,1
8,5,7,27,0
8,5,7,28,3
8,5,7,29,3
8,5,7,30,2
8,5,7,31,1
8,5,7,32,0
8,5,7,33,1
8,5,7,34,0
8,5,7,35,0
8,5,7,36,1
8,5,7,37,0
8,5,7,38,3
8,5,7,39,1
8,5,7,40,0
8,5,7,41,2
8,5,7,42,1
8,5,7,43,0
8,5,7,44,0
8,5,7,45,1
8,5,7,46,0
8,5,7,47,0
8,5,7,48,0
8,5,7,49,2
8,5,7,50,1
8,5,7,51,0
8,5,7,52,0
8,5,7,53,0
8,5,7,54,0
8,5,7,55,0
8,5,7,56,0
8,5,7,57,0
8,5,7,58,0
8,5,7,59,0
8,5,7,60,0
8,5,7,61,0
8,5,7,62,0
8,5,7,63,6
8,5,7,64,4
8,5,7,65,3
8,5,7,66,0
8,5,7,67,0
8,5,7,68,2
8,5,7,69,1
8,5,7,70,0
8,5,7,71,1
8,5,7,72,0
8,5,7,73,1
8,5,7,74,0
8,5,7,75,0
8,5,7,76,0
8,5,7,77,2
8,5,7,78,0
8,5,7,79,0
8,5,7,80,1
8,5,7,81,0
8,5,7,82,1
8,5,7,83,0
8,5,7,84,0
8,5,7,85,3
8,5,7,86,2
8,5,7,87,1
8,5,7,88,0
8,5,7,89,1
8,5,7,90,0
8,5,7,91,5
8,5,7,92,4
8,5,7,93,2
8,5,7,94,1
8,5,8,0,0
8,5,8,1,0
8,5,8,2,0
8,5,8,3,0
8,5,8,4,0
8,5,8,5,0
8,5,8,6,0
8,5,8,7,0
8,5,8,8,0
8,5,8,9,0
8,5,8,10,0
8,5,8,11,0
8,5,8,12,1
8,5,8,13,1
8,5,8,14,0
8,5,8,15,0
8,5,8,16,1
8,5,8,17,4
8,5,8,18,2
8,5,8,19,6
8,5,8,20,0
8,5,8,21,5
8,5,8,22,7
8,5,8,23,4
8,5,8,24,4
8,5,8,25,5
8,5,8,26,4
8,5,8,27,0
8,5,8,28,2
8,5,8,29,1
8,5,8,30,2
8,5,8,31,1
8,5,8,32,0
8,5,8,33,0
8,5,8,34,0
8,5,8,35,1
8,5,8,36,0
8,5,8,37,0
8,5,8,38,2
8,5,8,39,1
8,5,8,40,0
8,5,8,41,0
8,5,8,42,0
8,5,8,43,2
8,5,8,44,6
8,5,8,45,7
8,5,8,46,2
8,5,8,47,1
8,5,8,48,0
8,5,8,49,1
8,5,8,50,0
8,5,8,51,2
8,5,8,52,1
8,5,8,53,0
8,5,8,54,1
8,5,8,55,0
8,5,8,56,0
8,5,8,57,2
8,5,8,58,1
8,5,8,59,0
8,5,8,60,0
8,5,8,61,0
8,5,8,62,0
8,5,8,63,4
8,5,8,64,2
8,5,8,65,1
8,5,8,66,0
8,5,8,67,0
8,5,8,68,0
8,5,8,69,0
8,5,8,70,0
8,5,8,71,4
8,5,8,72,1
8,5,8,73,1
8,5,8,74,0
8,5,8,75,3
8,5,8,76,4
8,5,8,77,3
8,5,8,78,1
8,5,8,79,0
8,5,8,80,0
8,5,8,81,0
8,5,8,82,0
8,5,8,83,1
8,5,8,84,1
8,5,8,85,0
8,5,8,86,0
8,5,8,87,0
8,5,8,88,0
8,5,8,89,1
8,5,8,90,2
8,5,8,91,0
8,5,8,92,0
8,5,8,93,0
8,5,8,94,0
8,5,8,95,1
8,5,8,96,0
8,5,8,97,0
8,5,8,98,0
8,5,8,99,0
8,5,8,100,1
8,5,9,0,0
8,5,9,1,0
8,5,9,2,0
8,5,9,3,0
8,5,9,4,0
8,5,9,5,0
8,5,9,6,0
8,5,9,7,0
8,5,9,8,0
8,5,9,9,0
8,5,9,10,0
8,5,9,11,0
8,5,9,12,1
8,5,9,13,0
8,5,9,14,0
8,5,9,15,2
8,5,9,16,1
8,5,9,17,0
8,5,9,18,1
8,5,9,19,1
8,5,9,20,0
8,5,9,21,0
8,5,9,22,3
8,5,9,23,4
8,5,9,24,3
8,5,9,25,4
8,5,9,26,4
8,5,9,27,0
8,5,9,28,2
8,5,9,29,1
8,5,9,30,0
8,5,9,31,5
8,5,9,32,4
8,5,9,33,3
8,5,9,34,1
8,5,9,35,0
8,5,9,36,0
8,5,9,37,3
8,5,9,38,1
8,5,9,39,0
8,5,9,40,2
8,5,9,41,1
8,5,9,42,1
8,5,9,43,0
8,5,9,44,1
8,5,9,45,0
8,5,9,46,0
8,5,9,47,0
8,5,9,48,1
8,5,9,49,0
8,5,9,50,0
8,5,9,51,0
8,5,9,52,0
8,5,9,53,0
8,5,9,54,0
8,5,9,55,0
8,5,9,56,0
8,5,9,57,0
8,5,9,58,0
8,5,9,59,3
8,5,9,60,0
8,5,9,61,2
8,5,9,62,0
8,5,9,63,0
8,5,9,64,1
8,5,9,65,0
8,5,9,66,1
8,5,9,67,0
8,5,9,68,0
8,5,9,69,3
8,5,9,70,3
8,5,9,71,0
8,5,9,72,2
8,5,9,73,1
8,5,9,74,0
8,5,9,75,0
8,5,9,76,0
8,5,9,77,1
8,5,9,78,0
8,5,9,79,3
8,5,9,80,2
8,5,9,81,1
8,5,9,82,0
8,5,9,83,0
8,5,9,84,0
8,5,9,85,0
8,5,9,86,0
8,5,9,87,2
8,5,9,88,1
8,5,9,89,0
8,5,9,90,0
8,5,9,91,0
8,5,9,92,3
8,5,9,93,2
8,5,9,94,1
8,5,9,95,0
8,5,9,96,0
8,5,9,97,0
8,5,9,98,0
8,5,9,99,0
8,5,9,100,0
8,5,9,101,0
8,5,9,102,0
8,5,9,103,0
8,5,9,104,1
8,5,10,0,0
8,5,10,1,0
8,5,10,2,0
8,5,10,3,0
8,5,10,4,0
8,5,10,5,0
8,5,10,6,0
8,5,10,7,0
8,5,10,8,0
8,5,10,9,0
8,5,10,10,1
8,5,10,11,0
8,5,10,12,0
8,5,10,13,0
8,5,10,14,2
8,5,10,15,0
8,5,10,16,0
8,5,10,17,2
8,5,10,18,1
8,5,10,19,3
8,5,10,20,2
8,5,10,21,0
8,5,10,22,0
8,5,10,23,0
8,5,10,24,4
8,5,10,25,2
8,5,10,26,3
8,5,10,27,2
8,5,10,28,1
8,5,10,29,0
8,5,10,30,0
8,5,10,31,0
8,5,10,32,0
8,5,10,33,0
8,5,10,34,4
8,5,10,35,8
8,5,10,36,5
8,5,10,37,3
8,5,10,38,2
8,5,10,39,5
8,5,10,40,4
8,5,10,41,3
8,5,10,42,3
8,5,10,43,1
8,5,10,44,0
8,5,10,45,0
8,5,10,46,1
8,5,10,47,0
8,5,10,48,2
8,5,10,49,0
8,5,10,50,0
8,5,10,51,1
8,5,10,52,0
8,5,10,53,0
8,5,10,54,0
8,5,10,55,0
8,5,10,56,0
8,5,10,57,1
8,5,10,58,0
8,5,10,59,0
8,5,10,60,0
8,5,10,61,0
8,5,10,62,2
8,5,10,63,1
8,5,10,64,4
8,5,10,65,5
8,5,10,66,1
8,5,10,67,0
8,5,10,68,0
8,5,10,69,3
8,5,10,70,2
8,5,10,71,1
8,5,10,72,1
8,5,10,73,5
8,5,10,74,2
8,5,10,75,1
8,5,10,76,0
8,5,10,77,2
8,5,10,78,1
8,5,10,79,0
8,5,10,80,0
8,5,10,81,0
8,5,10,82,0
8,5,10,83,0
8,5,10,84,0
8,5,10,85,3
8,5,10,86,1
8,5,10,87,0
8,5,10,88,0
8,5,10,89,0
8,5,10,90,1
8,5,10,91,0
8,5,10,92,0
8,5,10,93,0
8,5,10,94,1
8,5,10,95,0
8,5,10,96,0
8,5,10,97,0
8,5,10,98,0
8,5,10,99,0
8,5,10,100,0
8,5,10,101,0
8,5,10,102,0
8,5,10,103,1
8,5,11,0,0
8,5,11,1,0
8,5,11,2,0
8,5,11,3,0
8,5,11,4,0
8,5,11,5,0
8,5,11,6,0
8,5,11,7,0
8,5,11,8,1
8,5,11,9,0
8,5,11,10,0
8,5,11,11,0
8,5,11,12,0
8,5,11,13,0
8,5,11,14,0
8,5,11,15,0
8,5,11,16,1
8,5,11,17,0
8,5,11,18,4
8,5,11,19,3
8,5,11,20,6
8,5,11,21,5
8,5,11,22,5
8,5,11,23,3
8,5,11,24,6
8,5,11,25,5
8,5,11,26,4
8,5,11,27,1
8,5,11,28,2
8,5,11,29,1
8,5,11,30,0
8,5,11,31,0
8,5,11,32,1
8,5,11,33,0
8,5,11,34,0
8,5,11,35,0
8,5,11,36,1
8,5,11,37,0
8,5,11,38,0
8,5,11,39,1
8,5,11,40,0
8,5,11,41,0
8,5,11,42,0
8,5,11,43,3
8,5,11,44,0
8,5,11,45,0
8,5,11,46,0
8,5,11,47,2
8,5,11,48,0
8,5,11,49,0
8,5,11,50,0
8,5,11,51,3
8,5,11,52,2
8,5,11,53,1
8,5,11,54,0
8,5,11,55,0
8,5,11,56,0
8,5,11,57,0
8,5,11,58,0
8,5,11,59,1
8,5,11,60,0
8,5,11,61,0
8,5,11,62,1
8,5,11,63,0
8,5,11,64,3
8,5,11,65,2
8,5,11,66,1
8,5,11,67,0
8,5,11,68,0
8,5,11,69,0
8,5,11,70,2
8,5,11,71,0
8,5,11,72,0
8,5,11,73,1
8,5,11,74,0
8,5,11,75,0
8,5,11,76,6
8,5,11,77,3
8,5,11,78,4
8,5,11,79,0
8,5,11,80,1
8,5,11,81,0
8,5,11,82,0
8,5,11,83,0
8,5,11,84,3
8,5,11,85,0
8,5,11,86,4
8,5,11,87,4
8,5,11,88,0
8,5,11,89,0
8,5,11,90,0
8,5,11,91,0
8,5,11,92,3
8,5,11,93,3
8,5,11,94,2
8,5,11,95,1
8,5,11,96,0
8,5,11,97,0
8,5,11,98,0
8,5,11,99,0
8,5,11,100,0
8,5,11,101,0
8,5,11,102,0
8,5,11,103,1
8,5,11,104,0
8,5,11,105,0
8,5,11,106,1
8,5,12,0,0
8,5,12,1,0
8,5,12,2,0
8,5,12,3,0
8,5,12,4,0
8,5,12,5,0
8,5,12,6,0
8,5,12,7,0
8,5,12,8,1
8,5,12,9,0
8,5,12,10,0
8,5,12,11,0
8,5,12,12,0
8,5,12,13,0
8,5,12,14,0
8,5,12,15,0
8,5,12,16,0
8,5,12,17,1
8,5,12,18,0
8,5,12,19,1
8,5,12,20,0
8,5,12,21,0
8,5,12,22,4
8,5,12,23,5
8,5,12,24,3
8,5,12,25,2
8,5,12,26,2
8,5,12,27,1
8,5,12,28,0
8,5,12,29,0
8,5,12,30,0
8,5,12,31,0
8,5,12,32,5
8,5,12,33,0
8,5,12,34,3
8,5,12,35,2
8,5,12,36,1
8,5,12,37,0
8,5,12,38,0
8,5,12,39,2
8,5,12,40,1
8,5,12,41,0
8,5,12,42,0
8,5,12,43,0
8,5,12,44,0
8,5,12,45,3
8,5,12,46,2
8,5,12,47,4
8,5,12,48,3
8,5,12,49,0
8,5,12,50,0
8,5,12,51,1
8,5,12,52,0
8,5,12,53,0
8,5,12,54,0
8,5,12,55,2
8,5,12,56,1
8,5,12,57,0
8,5,12,58,0
8,5,12,59,1
8,5,12,60,0
8,5,12,61,0
8,5,12,62,0
8,5,12,63,0
8,5,12,64,1
8,5,12,65,0
8,5,12,66,2
8,5,12,67,3
8,5,12,68,1
8,5,12,69,0
8,5,12,70,3
8,5,12,71,1
8,5,12,72,0
8,5,12,73,3
8,5,12,74,1
8,5,12,75,0
8,5,12,76,0
8,5,12,77,3
8,5,12,78,1
8,5,12,79,0
8,5,12,80,2
8,5,12,81,2
8,5,12,82,1
8,5,12,83,0
8,5,12,84,1
8,5,12,85,0
8,5,12,86,0
8,5,12,87,0
8,5,12,88,0
8,5,12,89,0
8,5,12,90,0
8,5,12,91,1
8,5,12,92,1
8,5,12,93,0
8,5,12,94,0
8,5,12,95,0
8,5,12,96,0
8,5,12,97,0
8,5,12,98,0
8,5,12,99,1
8,5,12,100,1
8,5,12,101,0
8,5,12,102,0
8,5,12,103,0
8,5,12,104,1
8,10,1,0,0
8,10,1,1,0
8,10,1,2,0
8,10,1,3,0
8,10,1,4,0
8,10,1,5,0
8,10,1,6,0
8,10,1,7,1
8,10,1,8,1
8,10,1,9,0
8,10,1,10,0
8,10,1,11,0
8,10,1,12,6
8,10,1,13,5
8,10,1,14,4
8,10,1,15,7
8,10,1,16,3
8,10,1,17,6
8,10,1,18,5
8,10,1,19,2
8,10,1,20,1
8,10,1,21,0
8,10,1,22,0
8,10,1,23,7
8,10,1,24,7
8,10,1,25,7
8,10,1,26,11
8,10,1,27,10
8,10,1,28,22
8,10,1,29,7
8,10,1,30,7
8,10,1,31,6
8,10,1,32,0
8,10,1,33,8
8,10,1,34,6
8,10,1,35,8
8,10,1,36,6
8,10,1,37,17
8,10,1,38,4
8,10,1,39,3
8,10,1,40,2
8,10,1,41,5
8,10,1,42,4
8,10,1,43,2
8,10,1,44,1
8,10,1,45,0
8,10,1,46,1
8,10,1,47,0
8,10,1,48,0
8,10,1,49,7
8,10,1,50,0
8,10,1,51,4
8,10,1,52,0
8,10,1,53,3
8,10,1,54,3
8,10,1,55,27
8,10,1,56,0
8,10,1,57,10
8,10,1,58,8
8,10,1,59,7
8,10,1,60,14
8,10,1,61,6
8,10,1,62,32
8,10,1,63,6
8,10,1,64,0
8,10,1,65,5
8,10,1,66,22
8,10,1,67,2
8,10,1,68,1
8,10,1,69,0
8,10,1,70,11
8,10,1,71,1
8,10,1,72,0
8,10,1,73,0
8,10,1,74,24
8,10,1,75,2
8,10,1,76,2
8,10,1,77,1
8,10,1,78,0
8,10,1,79,11
8,10,1,80,1
8,10,1,81,0
8,10,1,82,18
8,10,1,83,17
8,10,1,84,6
8,10,1,85,5
8,10,1,86,4
8,10,1,87,2
8,10,1,88,11
8,10,1,89,6
8,10,1,90,1
8,10,1,91,0
8,10,1,92,12
8,10,1,93,9
8,10,1,94,9
8,10,1,95,1
8,10,1,96,0
8,10,1,97,0
8,10,1,98,11
8,10,1,99,10
8,10,1,100,5
8,10,1,101,6
8,10,1,102,5
8,10,1,103,4
8,10,1,104,4
8,10,1,105,8
8,10,1,106,1
8,10,1,107,0
8,10,1,108,4
8,10,1,109,2
8,10,1,110,0
8,10,1,111,4
8,10,1,112,3
8,10,1,113,1
8,10,1,114,0
8,10,1,115,0
8,10,1,116,0
8,10,1,117,1
8,10,2,0,0
8,10,2,1,0
8,10,2,2,0
8,10,2,3,0
8,10,2,4,0
8,10,2,5,0
8,10,2,6,0
8,10,2,7,2
8,10,2,8,1
8,10,2,9,0
8,10,2,10,0
8,10,2,11,4
8,10,2,12,3
8,10,2,13,3
8,10,2,14,5
8,10,2,15,4
8,10,2,16,3
8,10,2,17,1
8,10,2,18,0
8,10,2,19,9
8,10,2,20,4
8,10,2,21,6
8,10,2,22,0
8,10,2,23,0
8,10,2,24,0
8,10,2,25,11
8,10,2,26,10
8,10,2,27,8
8,10,2,28,0
8,10,2,29,9
8,10,2,30,9
8,10,2,31,12
8,10,2,32,12
8,10,2,33,11
8,10,2,34,4
8,10,2,35,7
8,10,2,36,13
8,10,2,37,11
8,10,2,38,11
8,10,2,39,10
8,10,2,40,7
8,10,2,41,8
8,10,2,42,13
8,10,2,43,15
8,10,2,44,6
8,10,2,45,3
8,10,2,46,2
8,10,2,47,10
8,10,2,48,0
8,10,2,49,5
8,10,2,50,11
8,10,2,51,10
8,10,2,52,8
8,10,2,53,1
8,10,2,54,1
8,10,2,55,0
8,10,2,56,0
8,10,2,57,0
8,10,2,58,11
8,10,2,59,8
8,10,2,60,6
8,10,2,61,0
8,10,2,62,0
8,10,2,63,8
8,10,2,64,4
8,10,2,65,0
8,10,2,66,6
8,10,2,67,2
8,10,2,68,6
8,10,2,69,5
8,10,2,70,1
8,10,2,71,0
8,10,2,72,1
8,10,2,73,1
8,10,2,74,0
8,10,2,75,0
8,10,2,76,0
8,10,2,77,0
8,10,2,78,2
8,10,2,79,0
8,10,2,80,0
8,10,2,81,20
8,10,2,82,8
8,10,2,83,20
8,10,2,84,14
8,10,2,85,0
8,10,2,86,18
8,10,2,87,6
8,10,2,88,16
8,10,2,89,15
8,10,2,90,2
8,10,2,91,14
8,10,2,92,9
8,10,2,93,8
8,10,2,94,7
8,10,2,95,8
8,10,2,96,9
8,10,2,97,7
8,10,2,98,7
8,10,2,99,6
8,10,2,100,5
8,10,2,101,4
8,10,2,102,4
8,10,2,103,3
8,10,2,104,2
8,10,2,105,1
8,10,2,106,0
8,10,2,107,0
8,10,2,108,0
8,10,2,109,0
8,10,2,110,0
8,10,2,111,1
8,10,2,112,0
8,10,2,113,4
8,10,2,114,0
8,10,2,115,2
8,10,2,116,0
8,10,2,117,0
8,10,2,118,2
8,10,2,119,0
8,10,2,120,0
8,10,2,121,1
8,10,3,0,0
8,10,3,1,0
8,10,3,2,0
8,10,3,3,0
8,10,3,4,0
8,10,3,5,1
8,10,3,6,0
8,10,3,7,0
8,10,3,8,0
8,10,3,9,0
8,10,3,10,0
8,10,3,11,0
8,10,3,12,1
8,10,3,13,0
8,10,3,14,1
8,10,3,15,0
8,10,3,16,0
8,10,3,17,0
8,10,3,18,9
8,10,3,19,11
8,10,3,20,9
8,10,3,21,8
8,10,3,22,12
8,10,3,23,8
8,10,3,24,7
8,10,3,25,8
8,10,3,26,9
8,10,3,27,7
8,10,3,28,7
8,10,3,29,7
8,10,3,30,9
8,10,3,31,7
8,10,3,32,7
8,10,3,33,5
8,10,3,34,4
8,10,3,35,38
8,10,3,36,38
8,10,3,37,10
8,10,3,38,25
8,10,3,39,12
8,10,3,40,9
8,10,3,41,9
8,10,3,42,9
8,10,3,43,5
8,10,3,44,7
8,10,3,45,7
8,10,3,46,5
8,10,3,47,4
8,10,3,48,11
8,10,3,49,4
8,10,3,50,4
8,10,3,51,3
8,10,3,52,1
8,10,3,53,2
8,10,3,54,1
8,10,3,55,0
8,10,3,56,0
8,10,3,57,0
8,10,3,58,0
8,10,3,59,6
8,10,3,60,3
8,10,3,61,3
8,10,3,62,3
8,10,3,63,0
8,10,3,64,0
8,10,3,65,3
8,10,3,66,8
8,10,3,67,0
8,10,3,68,0
8,10,3,69,29
8,10,3,70,9
8,10,3,71,26
8,10,3,72,0
8,10,3,73,0
8,10,3,74,0
8,10,3,75,13
8,10,3,76,8
8,10,3,77,5
8,10,3,78,3
8,10,3,79,16
8,10,3,80,12
8,10,3,81,0
8,10,3,82,8
8,10,3,83,6
8,10,3,84,17
8,10,3,85,8
8,10,3,86,12
8,10,3,87,11
8,10,3,88,0
8,10,3,89,3
8,10,3,90,2
8,10,3,91,2
8,10,3,92,1
8,10,3,93,0
8,10,3,94,1
8,10,3,95,0
8,10,3,96,0
8,10,3,97,0
8,10,3,98,0
8,10,3,99,12
8,10,3,100,6
8,10,3,101,7
8,10,3,102,2
8,10,3,103,1
8,10,3,104,0
8,10,3,105,0
8,10,3,106,1
8,10,3,107,0
8,10,3,108,6
8,10,3,109,5
8,10,3,110,4
8,10,3,111,4
8,10,3,112,3
8,10,3,113,1
8,10,3,114,0
8,10,3,115,0
8,10,3,116,3
8,10,3,117,1
8,10,3,118,0
8,10,3,119,1
8,10,4,0,0
8,10,4,1,0
8,10,4,2,0
8,10,4,3,0
8,10,4,4,0
8,10,4,5,0
8,10,4,6,0
8,10,4,7,1
8,10,4,8,0
8,10,4,9,1
8,10,4,10,0
8,10,4,11,0
8,10,4,12,0
8,10,4,13,0
8,10,4,14,4
8,10,4,15,4
8,10,4,16,7
8,10,4,17,6
8,10,4,18,5
8,10,4,19,5
8,10,4,20,9
8,10,4,21,0
8,10,4,22,6
8,10,4,23,7
8,10,4,24,8
8,10,4,25,9
8,10,4,26,9
8,10,4,27,6
8,10,4,28,8
8,10,4,29,4
8,10,4,30,12
8,10,4,31,11
8,10,4,32,8
8,10,4,33,0
8,10,4,34,6
8,10,4,35,19
8,10,4,36,7
8,10,4,37,3
8,10,4,38,13
8,10,4,39,0
8,10,4,40,0
8,10,4,41,8
8,10,4,42,8
8,10,4,43,0
8,10,4,44,15
8,10,4,45,15
8,10,4,46,14
8,10,4,47,5
8,10,4,48,20
8,10,4,49,0
8,10,4,50,2
8,10,4,51,8
8,10,4,52,6
8,10,4,53,11
8,10,4,54,4
8,10,4,55,3
8,10,4,56,0
8,10,4,57,7
8,10,4,58,1
8,10,4,59,0
8,10,4,60,1
8,10,4,61,0
8,10,4,62,0
8,10,4,63,23
8,10,4,64,4
8,10,4,65,5
8,10,4,66,3
8,10,4,67,1
8,10,4,68,0
8,10,4,69,0
8,10,4,70,9
8,10,4,71,4
8,10,4,72,1
8,10,4,73,0
8,10,4,74,8
8,10,4,75,0
8,10,4,76,0
8,10,4,77,4
8,10,4,78,5
8,10,4,79,4
8,10,4,80,11
8,10,4,81,0
8,10,4,82,0
8,10,4,83,10
8,10,4,84,9
8,10,4,85,20
8,10,4,86,5
8,10,4,87,5
8,10,4,88,0
8,10,4,89,0
8,10,4,90,16
8,10,4,91,6
8,10,4,92,8
8,10,4,93,6
8,10,4,94,7
8,10,4,95,4
8,10,4,96,3
8,10,4,97,2
8,10,4,98,1
8,10,4,99,0
8,10,4,100,0
8,10,4,101,0
8,10,4,102,0
8,10,4,103,0
8,10,4,104,2
8,10,4,105,10
8,10,4,106,4
8,10,4,107,3
8,10,4,108,3
8,10,4,109,2
8,10,4,110,2
8,10,4,111,1
8,10,4,112,0
8,10,4,113,0
8,10,4,114,0
8,10,4,115,0
8,10,4,116,1
8,10,4,117,0
8,10,4,118,0
8,10,4,119,0
8,10,4,120,0
8,10,4,121,3
8,10,4,122,0
8,10,4,123,0
8,10,4,124,2
8,10,4,125,1
8,10,5,0,0
8,10,5,1,0
8,10,5,2,0
8,10,5,3,0
8,10,5,4,0
8,10,5,5,0
8,10,5,6,0
8,10,5,7,1
8,10,5,8,0
8,10,5,9,0
8,10,5,10,2
8,10,5,11,1
8,10,5,12,0
8,10,5,13,8
8,10,5,14,5
8,10,5,15,7
8,10,5,16,6
8,10,5,17,5
8,10,5,18,9
8,10,5,19,12
8,10,5,20,0
8,10,5,21,11
8,10,5,22,8
8,10,5,23,8
8,10,5,24,7
8,10,5,25,7
8,10,5,26,6
8,10,5,27,5
8,10,5,28,5
8,10,5,29,8
8,10,5,30,6
8,10,5,31,3
8,10,5,32,18
8,10,5,33,3
8,10,5,34,0
8,10,5,35,8
8,10,5,36,21
8,10,5,37,19
8,10,5,38,0
8,10,5,39,18
8,10,5,40,12
8,10,5,41,14
8,10,5,42,1
8,10,5,43,0
8,10,5,44,10
8,10,5,45,16
8,10,5,46,15
8,10,5,47,8
8,10,5,48,32
8,10,5,49,7
8,10,5,50,0
8,10,5,51,1
8,10,5,52,0
8,10,5,53,0
8,10,5,54,0
8,10,5,55,10
8,10,5,56,6
8,10,5,57,9
8,10,5,58,8
8,10,5,59,9
8,10,5,60,4
8,10,5,61,3
8,10,5,62,2
8,10,5,63,23
8,10,5,64,4
8,10,5,65,3
8,10,5,66,2
8,10,5,67,0
8,10,5,68,0
8,10,5,69,5
8,10,5,70,4
8,10,5,71,5
8,10,5,72,23
8,10,5,73,16
8,10,5,74,16
8,10,5,75,2
8,10,5,76,1
8,10,5,77,0
8,10,5,78,0
8,10,5,79,2
8,10,5,80,1
8,10,5,81,0
8,10,5,82,0
8,10,5,83,0
8,10,5,84,0
8,10,5,85,2
8,10,5,86,18
8,10,5,87,19
8,10,5,88,19
8,10,5,89,0
8,10,5,90,0
8,10,5,91,13
8,10,5,92,14
8,10,5,93,3
8,10,5,94,10
8,10,5,95,6
8,10,5,96,10
8,10,5,97,9
8,10,5,98,8
8,10,5,99,6
8,10,5,100,5
8,10,5,101,5
8,10,5,102,3
8,10,5,103,4
8,10,5,104,1
8,10,5,105,0
8,10,5,106,2
8,10,5,107,0
8,10,5,108,0
8,10,5,109,3
8,10,5,110,2
8,10,5,111,1
8,10,5,112,0
8,10,5,113,1
8,10,5,114,0
8,10,5,115,0
8,10,5,116,1
8,10,5,117,1
8,10,6,0,0
8,10,6,1,0
8,10,6,2,0
8,10,6,3,0
8,10,6,4,0
8,10,6,5,0
8,10,6,6,0
8,10,6,7,1
8,10,6,8,0
8,10,6,9,0
8,10,6,10,0
8,10,6,11,0
8,10,6,12,9
8,10,6,13,7
8,10,6,14,6
8,10,6,15,8
8,10,6,16,5
8,10,6,17,6
8,10,6,18,5
8,10,6,19,7
8,10,6,20,3
8,10,6,21,3
8,10,6,22,6
8,10,6,23,4
8,10,6,24,0
8,10,6,25,11
8,10,6,26,1
8,10,6,27,0
8,10,6,28,0
8,10,6,29,38
8,10,6,30,5
8,10,6,31,17
8,10,6,32,1
8,10,6,33,0
8,10,6,34,0
8,10,6,35,26
8,10,6,36,4
8,10,6,37,3
8,10,6,38,9
8,10,6,39,2
8,10,6,40,1
8,10,6,41,11
8,10,6,42,8
8,10,6,43,0
8,10,6,44,20
8,10,6,45,21
8,10,6,46,19
8,10,6,47,11
8,10,6,48,1
8,10,6,49,4
8,10,6,50,2
8,10,6,51,6
8,10,6,52,0
8,10,6,53,0
8,10,6,54,23
8,10,6,55,9
8,10,6,56,20
8,10,6,57,5
8,10,6,58,35
8,10,6,59,5
8,10,6,60,3
8,10,6,61,3
8,10,6,62,6
8,10,6,63,6
8,10,6,64,3
8,10,6,65,1
8,10,6,66,0
8,10,6,67,24
8,10,6,68,13
8,10,6,69,0
8,10,6,70,13
8,10,6,71,5
8,10,6,72,4
8,10,6,73,14
8,10,6,74,23
8,10,6,75,10
8,10,6,76,11
8,10,6,77,2
8,10,6,78,1
8,10,6,79,0
8,10,6,80,0
8,10,6,81,7
8,10,6,82,0
8,10,6,83,0
8,10,6,84,2
8,10,6,85,3
8,10,6,86,4
8,10,6,87,2
8,10,6,88,1
8,10,6,89,0
8,10,6,90,2
8,10,6,91,1
8,10,6,92,0
8,10,6,93,2
8,10,6,94,2
8,10,6,95,1
8,10,6,96,1
8,10,6,97,0
8,10,6,98,0
8,10,6,99,0
8,10,6,100,0
8,10,6,101,1
8,10,6,102,0
8,10,6,103,0
8,10,6,104,0
8,10,6,105,9
8,10,6,106,7
8,10,6,107,5
8,10,6,108,6
8,10,6,109,0
8,10,6,110,0
8,10,6,111,0
8,10,6,112,6
8,10,6,113,5
8,10,6,114,4
8,10,6,115,3
8,10,6,116,2
8,10,6,117,0
8,10,6,118,2
8,10,6,119,0
8,10,6,120,0
8,10,6,121,1
8,10,7,0,0
8,10,7,1,0
8,10,7,2,0
8,10,7,3,0
8,10,7,4,0
8,10,7,5,1
8,10,7,6,0
8,10,7,7,0
8,10,7,8,0
8,10,7,9,0
8,10,7,10,0
8,10,7,11,0
8,10,7,12,2
8,10,7,13,0
8,10,7,14,3
8,10,7,15,1
8,10,7,16,0
8,10,7,17,9
8,10,7,18,8
8,10,7,19,8
8,10,7,20,0
8,10,7,21,11
8,10,7,22,21
8,10,7,23,16
8,10,7,24,12
8,10,7,25,14
8,10,7,26,9
8,10,7,27,9
8,10,7,28,7
8,10,7,29,20
8,10,7,30,6
8,10,7,31,5
8,10,7,32,21
8,10,7,33,4
8,10,7,34,14
8,10,7,35,5
8,10,7,36,14
8,10,7,37,18
8,10,7,38,9
8,10,7,39,6
8,10,7,40,12
8,10,7,41,14
8,10,7,42,13
8,10,7,43,12
8,10,7,44,4
8,10,7,45,0
8,10,7,46,2
8,10,7,47,8
8,10,7,48,8
8,10,7,49,1
8,10,7,50,0
8,10,7,51,8
8,10,7,52,7
8,10,7,53,6
8,10,7,54,7
8,10,7,55,6
8,10,7,56,1
8,10,7,57,0
8,10,7,58,4
8,10,7,59,1
8,10,7,60,0
8,10,7,61,0
8,10,7,62,8
8,10,7,63,2
8,10,7,64,1
8,10,7,65,0
8,10,7,66,4
8,10,7,67,1
8,10,7,68,0
8,10,7,69,0
8,10,7,70,0
8,10,7,71,3
8,10,7,72,2
8,10,7,73,1
8,10,7,74,0
8,10,7,75,0
8,10,7,76,0
8,10,7,77,0
8,10,7,78,2
8,10,7,79,1
8,10,7,80,0
8,10,7,81,1
8,10,7,82,0
8,10,7,83,0
8,10,7,84,0
8,10,7,85,14
8,10,7,86,15
8,10,7,87,2
8,10,7,88,1
8,10,7,89,0
8,10,7,90,1
8,10,7,91,0
8,10,7,92,0
8,10,7,93,0
8,10,7,94,1
8,10,7,95,0
8,10,7,96,3
8,10,7,97,11
8,10,7,98,5
8,10,7,99,14
8,10,7,100,1
8,10,7,101,0
8,10,7,102,0
8,10,7,103,8
8,10,7,104,13
8,10,7,105,8
8,10,7,106,11
8,10,7,107,7
8,10,7,108,3
8,10,7,109,7
8,10,7,110,9
8,10,7,111,8
8,10,7,112,2
8,10,7,113,0
8,10,7,114,7
8,10,7,115,6
8,10,7,116,1
8,10,7,117,0
8,10,7,118,4
8,10,7,119,4
8,10,7,120,0
8,10,7,121,0
8,10,7,122,2
8,10,7,123,2
8,10,7,124,1
8,10,8,0,0
8,10,8,1,0
8,10,8,2,0
8,10,8,3,0
8,10,8,4,0
8,10,8,5,0
8,10,8,6,0
8,10,8,7,1
8,10,8,8,0
8,10,8,9,0
8,10,8,10,0
8,10,8,11,3
8,10,8,12,2
8,10,8,13,1
8,10,8,14,0
8,10,8,15,8
8,10,8,16,0
8,10,8,17,5
8,10,8,18,4
8,10,8,19,21
8,10,8,20,0
8,10,8,21,5
8,10,8,22,14
8,10,8,23,8
8,10,8,24,16
8,10,8,25,18
8,10,8,26,22
8,10,8,27,5
8,10,8,28,15
8,10,8,29,20
8,10,8,30,21
8,10,8,31,19
8,10,8,32,18
8,10,8,33,17
8,10,8,34,17
8,10,8,35,17
8,10,8,36,15
8,10,8,37,4
8,10,8,38,4
8,10,8,39,11
8,10,8,40,13
8,10,8,41,3
8,10,8,42,13
8,10,8,43,14
8,10,8,44,12
8,10,8,45,12
8,10,8,46,11
8,10,8,47,1
8,10,8,48,0
8,10,8,49,10
8,10,8,50,0
8,10,8,51,9
8,10,8,52,7
8,10,8,53,1
8,10,8,54,0
8,10,8,55,5
8,10,8,56,4
8,10,8,57,4
8,10,8,58,4
8,10,8,59,3
8,10,8,60,1
8,10,8,61,0
8,10,8,62,0
8,10,8,63,2
8,10,8,64,1
8,10,8,65,0
8,10,8,66,0
8,10,8,67,11
8,10,8,68,4
8,10,8,69,9
8,10,8,70,1
8,10,8,71,0
8,10,8,72,1
8,10,8,73,0
8,10,8,74,0
8,10,8,75,0
8,10,8,76,8
8,10,8,77,0
8,10,8,78,0
8,10,8,79,6
8,10,8,80,0
8,10,8,81,0
8,10,8,82,5
8,10,8,83,5
8,10,8,84,4
8,10,8,85,3
8,10,8,86,3
8,10,8,87,2
8,10,8,88,1
8,10,8,89,0
8,10,8,90,9
8,10,8,91,14
8,10,8,92,0
8,10,8,93,1
8,10,8,94,5
8,10,8,95,14
8,10,8,96,14
8,10,8,97,7
8,10,8,98,4
8,10,8,99,3
8,10,8,100,3
8,10,8,101,2
8,10,8,102,1
8,10,8,103,0
8,10,8,104,0
8,10,8,105,0
8,10,8,106,1
8,10,8,107,1
8,10,8,108,0
8,10,8,109,7
8,10,8,110,5
8,10,8,111,0
8,10,8,112,4
8,10,8,113,6
8,10,8,114,5
8,10,8,115,4
8,10,8,116,0
8,10,8,117,3
8,10,8,118,1
8,10,8,119,0
8,10,8,120,0
8,10,8,121,1
8,10,9,0,0
8,10,9,1,0
8,10,9,2,0
8,10,9,3,0
8,10,9,4,0
8,10,9,5,1
8,10,9,6,1
8,10,9,7,0
8,10,9,8,0
8,10,9,9,0
8,10,9,10,0
8,10,9,11,6
8,10,9,12,4
8,10,9,13,0
8,10,9,14,2
8,10,9,15,3
8,10,9,16,4
8,10,9,17,8
8,10,9,18,9
8,10,9,19,0
8,10,9,20,9
8,10,9,21,8
8,10,9,22,6
8,10,9,23,7
8,10,9,24,11
8,10,9,25,6
8,10,9,26,7
8,10,9,27,10
8,10,9,28,9
8,10,9,29,8
8,10,9,30,7
8,10,9,31,19
8,10,9,32,0
8,10,9,33,6
8,10,9,34,24
8,10,9,35,13
8,10,9,36,20
8,10,9,37,2
8,10,9,38,11
8,10,9,39,0
8,10,9,40,0
8,10,9,41,11
8,10,9,42,10
8,10,9,43,10
8,10,9,44,8
8,10,9,45,3
8,10,9,46,8
8,10,9,47,0
8,10,9,48,11
8,10,9,49,13
8,10,9,50,0
8,10,9,51,16
8,10,9,52,0
8,10,9,53,6
8,10,9,54,5
8,10,9,55,12
8,10,9,56,10
8,10,9,57,11
8,10,9,58,10
8,10,9,59,9
8,10,9,60,5
8,10,9,61,6
8,10,9,62,4
8,10,9,63,6
8,10,9,64,5
8,10,9,65,3
8,10,9,66,2
8,10,9,67,2
8,10,9,68,1
8,10,9,69,1
8,10,9,70,0
8,10,9,71,0
8,10,9,72,0
8,10,9,73,0
8,10,9,74,2
8,10,9,75,1
8,10,9,76,0
8,10,9,77,1
8,10,9,78,0
8,10,9,79,0
8,10,9,80,16
8,10,9,81,0
8,10,9,82,18
8,10,9,83,14
8,10,9,84,5
8,10,9,85,3
8,10,9,86,2
8,10,9,87,18
8,10,9,88,16
8,10,9,89,4
8,10,9,90,11
8,10,9,91,2
8,10,9,92,0
8,10,9,93,0
8,10,9,94,0
8,10,9,95,0
8,10,9,96,8
8,10,9,97,12
8,10,9,98,8
8,10,9,99,7
8,10,9,100,8
8,10,9,101,6
8,10,9,102,4
8,10,9,103,4
8,10,9,104,5
8,10,9,105,4
8,10,9,106,4
8,10,9,107,1
8,10,9,108,0
8,10,9,109,1
8,10,9,110,0
8,10,9,111,0
8,10,9,112,0
8,10,9,113,0
8,10,9,114,1
8,10,10,0,0
8,10,10,1,0
8,10,10,2,0
8,10,10,3,0
8,10,10,4,0
8,10,10,5,0
8,10,10,6,0
8,10,10,7,3
8,10,10,8,1
8,10,10,9,0
8,10,10,10,2
8,10,10,11,1
8,10,10,12,0
8,10,10,13,0
8,10,10,14,0
8,10,10,15,3
8,10,10,16,6
8,10,10,17,6
8,10,10,18,3
8,10,10,19,5
8,10,10,20,4
8,10,10,21,8
8,10,10,22,4
8,10,10,23,8
8,10,10,24,7
8,10,10,25,13
8,10,10,26,16
8,10,10,27,8
8,10,10,28,10
8,10,10,29,14
8,10,10,30,16
8,10,10,31,4
8,10,10,32,17
8,10,10,33,4
8,10,10,34,21
8,10,10,35,4
8,10,10,36,12
8,10,10,37,15
8,10,10,38,11
8,10,10,39,10
8,10,10,40,10
8,10,10,41,8
8,10,10,42,5
8,10,10,43,4
8,10,10,44,5
8,10,10,45,5
8,10,10,46,4
8,10,10,47,3
8,10,10,48,1
8,10,10,49,2
8,10,10,50,1
8,10,10,51,0
8,10,10,52,4
8,10,10,53,0
8,10,10,54,3
8,10,10,55,1
8,10,10,56,0
8,10,10,57,1
8,10,10,58,0
8,10,10,59,0
8,10,10,60,0
8,10,10,61,1
8,10,10,62,0
8,10,10,63,0
8,10,10,64,0
8,10,10,65,0
8,10,10,66,9
8,10,10,67,30
8,10,10,68,30
8,10,10,69,23
8,10,10,70,24
8,10,10,71,1
8,10,10,72,0
8,10,10,73,2
8,10,10,74,1
8,10,10,75,0
8,10,10,76,3
8,10,10,77,11
8,10,10,78,8
8,10,10,79,5
8,10,10,80,4
8,10,10,81,14
8,10,10,82,13
8,10,10,83,5
8,10,10,84,3
8,10,10,85,2
8,10,10,86,0
8,10,10,87,0
8,10,10,88,11
8,10,10,89,10
8,10,10,90,0
8,10,10,91,2
8,10,10,92,1
8,10,10,93,0
8,10,10,94,0
8,10,10,95,2
8,10,10,96,1
8,10,10,97,0
8,10,10,98,0
8,10,10,99,0
8,10,10,100,1
8,10,10,101,9
8,10,10,102,0
8,10,10,103,11
8,10,10,104,6
8,10,10,105,5
8,10,10,106,3
8,10,10,107,1
8,10,10,108,0
8,10,10,109,6
8,10,10,110,2
8,10,10,111,1
8,10,10,112,1
8,10,10,113,0
8,10,10,114,0
8,10,10,115,2
8,10,10,116,1
8,10,10,117,0
8,10,10,118,0
8,10,10,119,0
8,10,10,120,0
8,10,10,121,1
8,10,10,122,0
8,10,10,123,0
8,10,10,124,0
8,10,10,125,0
8,10,10,126,0
8,10,10,127,0
8,10,10,128,1
8,10,11,0,0
8,10,11,1,0
8,10,11,2,0
8,10,11,3,0
8,10,11,4,0
8,10,11,5,1
8,10,11,6,0
8,10,11,7,2
8,10,11,8,1
8,10,11,9,0
8,10,11,10,0
8,10,11,11,0
8,10,11,12,1
8,10,11,13,0
8,10,11,14,0
8,10,11,15,0
8,10,11,16,3
8,10,11,17,6
8,10,11,18,5
8,10,11,19,9
8,10,11,20,5
8,10,11,21,3
8,10,11,22,1
8,10,11,23,0
8,10,11,24,6
8,10,11,25,9
8,10,11,26,6
8,10,11,27,11
8,10,11,28,10
8,10,11,29,10
8,10,11,30,9
8,10,11,31,0
8,10,11,32,20
8,10,11,33,10
8,10,11,34,19
8,10,11,35,17
8,10,11,36,2
8,10,11,37,2
8,10,11,38,0
8,10,11,39,13
8,10,11,40,5
8,10,11,41,2
8,10,11,42,17
8,10,11,43,19
8,10,11,44,15
8,10,11,45,14
8,10,11,46,2
8,10,11,47,20
8,10,11,48,10
8,10,11,49,0
8,10,11,50,14
8,10,11,51,2
8,10,11,52,1
8,10,11,53,0
8,10,11,54,0
8,10,11,55,0
8,10,11,56,0
8,10,11,57,0
8,10,11,58,0
8,10,11,59,15
8,10,11,60,0
8,10,11,61,4
8,10,11,62,17
8,10,11,63,0
8,10,11,64,21
8,10,11,65,18
8,10,11,66,15
8,10,11,67,21
8,10,11,68,5
8,10,11,69,14
8,10,11,70,17
8,10,11,71,17
8,10,11,72,13
8,10,11,73,12
8,10,11,74,13
8,10,11,75,13
8,10,11,76,11
8,10,11,77,10
8,10,11,78,17
8,10,11,79,9
8,10,11,80,0
8,10,11,81,9
8,10,11,82,9
8,10,11,83,7
8,10,11,84,6
8,10,11,85,9
8,10,11,86,13
8,10,11,87,11
8,10,11,88,2
8,10,11,89,6
8,10,11,90,1
8,10,11,91,0
8,10,11,92,8
8,10,11,93,7
8,10,11,94,3
8,10,11,95,2
8,10,11,96,8
8,10,11,97,1
8,10,11,98,0
8,10,11,99,6
8,10,11,100,6
8,10,11,101,5
8,10,11,102,3
8,10,11,103,5
8,10,11,104,3
8,10,11,105,2
8,10,11,106,1
8,10,11,107,0
8,10,11,108,2
8,10,11,109,1
8,10,11,110,0
8,10,11,111,0
8,10,11,112,0
8,10,11,113,0
8,10,11,114,0
8,10,11,115,0
8,10,11,116,0
8,10,11,117,0
8,10,11,118,1
8,10,12,0,0
8,10,12,1,0
8,10,12,2,0
8,10,12,3,0
8,10,12,4,0
8,10,12,5,1
8,10,12,6,0
8,10,12,7,0
8,10,12,8,0
8,10,12,9,0
8,10,12,10,0
8,10,12,11,2
8,10,12,12,1
8,10,12,13,0
8,10,12,14,4
8,10,12,15,3
8,10,12,16,4
8,10,12,17,1
8,10,12,18,0
8,10,12,19,3
8,10,12,20,2
8,10,12,21,5
8,10,12,22,7
8,10,12,23,21
8,10,12,24,0
8,10,12,25,17
8,10,12,26,7
8,10,12,27,4
8,10,12,28,6
8,10,12,29,23
8,10,12,30,0
8,10,12,31,20
8,10,12,32,18
8,10,12,33,18
8,10,12,34,2
8,10,12,35,1
8,10,12,36,0
8,10,12,37,0
8,10,12,38,0
8,10,12,39,18
8,10,12,40,16
8,10,12,41,11
8,10,12,42,12
8,10,12,43,10
8,10,12,44,1
8,10,12,45,0
8,10,12,46,9
8,10,12,47,0
8,10,12,48,9
8,10,12,49,8
8,10,12,50,22
8,10,12,51,4
8,10,12,52,3
8,10,12,53,1
8,10,12,54,0
8,10,12,55,17
8,10,12,56,2
8,10,12,57,18
8,10,12,58,11
8,10,12,59,18
8,10,12,60,17
8,10,12,61,1
8,10,12,62,0
8,10,12,63,6
8,10,12,64,5
8,10,12,65,11
8,10,12,66,10
8,10,12,67,7
8,10,12,68,11
8,10,12,69,3
8,10,12,70,5
8,10,12,71,3
8,10,12,72,3
8,10,12,73,10
8,10,12,74,3
8,10,12,75,2
8,10,12,76,1
8,10,12,77,0
8,10,12,78,5
8,10,12,79,3
8,10,12,80,0
8,10,12,81,0
8,10,12,82,0
8,10,12,83,20
8,10,12,84,3
8,10,12,85,5
8,10,12,86,5
8,10,12,87,13
8,10,12,88,5
8,10,12,89,2
8,10,12,90,1
8,10,12,91,0
8,10,12,92,1
8,10,12,93,0
8,10,12,94,0
8,10,12,95,7
8,10,12,96,6
8,10,12,97,5
8,10,12,98,3
8,10,12,99,2
8,10,12,100,2
8,10,12,101,0
8,10,12,102,0
8,10,12,103,1
8,10,12,104,0
8,10,12,105,0
8,10,12,106,0
8,10,12,107,0
8,10,12,108,2
8,10,12,109,4
8,10,12,110,4
8,10,12,111,0
8,10,12,112,1
8,10,12,113,0
8,10,12,114,0
8,10,12,115,0
8,10,12,116,0
8,10,12,117,1
8,10,12,118,0
8,10,12,119,0
8,10,12,120,1
8,15,1,0,0
8,15,1,1,0
8,15,1,2,0
8,15,1,3,0
8,15,1,4,0
8,15,1,5,0
8,15,1,6,0
8,15,1,7,3
8,15,1,8,2
8,15,1,9,1
8,15,1,10,0
8,15,1,11,0
8,15,1,12,1
8,15,1,13,0
8,15,1,14,0
8,15,1,15,16
8,15,1,16,15
8,15,1,17,18
8,15,1,18,10
8,15,1,19,10
8,15,1,20,8
8,15,1,21,15
8,15,1,22,17
8,15,1,23,12
8,15,1,24,14
8,15,1,25,13
8,15,1,26,16
8,15,1,27,64
8,15,1,28,69
8,15,1,29,29
8,15,1,30,20
8,15,1,31,23
8,15,1,32,16
8,15,1,33,20
8,15,1,34,31
8,15,1,35,6
8,15,1,36,18
8,15,1,37,62
8,15,1,38,30
8,15,1,39,26
8,15,1,40,59
8,15,1,41,61
8,15,1,42,63
8,15,1,43,25
8,15,1,44,14
8,15,1,45,61
8,15,1,46,7
8,15,1,47,17
8,15,1,48,59
8,15,1,49,7
8,15,1,50,55
8,15,1,51,60
8,15,1,52,6
8,15,1,53,33
8,15,1,54,15
8,15,1,55,52
8,15,1,56,51
8,15,1,57,39
8,15,1,58,49
8,15,1,59,37
8,15,1,60,13
8,15,1,61,22
8,15,1,62,20
8,15,1,63,48
8,15,1,64,14
8,15,1,65,47
8,15,1,66,16
8,15,1,67,26
8,15,1,68,46
8,15,1,69,43
8,15,1,70,15
8,15,1,71,45
8,15,1,72,45
8,15,1,73,12
8,15,1,74,9
8,15,1,75,21
8,15,1,76,20
8,15,1,77,19
8,15,1,78,17
8,15,1,79,15
8,15,1,80,31
8,15,1,81,31
8,15,1,82,33
8,15,1,83,36
8,15,1,84,36
8,15,1,85,33
8,15,1,86,39
8,15,1,87,33
8,15,1,88,35
8,15,1,89,15
8,15,1,90,10
8,15,1,91,17
8,15,1,92,32
8,15,1,93,14
8,15,1,94,30
8,15,1,95,16
8,15,1,96,28
8,15,1,97,24
8,15,1,98,25
8,15,1,99,23
8,15,1,100,21
8,15,1,101,13
8,15,1,102,10
8,15,1,103,20
8,15,1,104,20
8,15,1,105,19
8,15,1,106,16
8,15,1,107,16
8,15,1,108,16
8,15,1,109,15
8,15,1,110,12
8,15,1,111,0
8,15,1,112,10
8,15,1,113,12
8,15,1,114,11
8,15,1,115,11
8,15,1,116,13
8,15,1,117,10
8,15,1,118,11
8,15,1,119,11
8,15,1,120,5
8,15,1,121,6
8,15,1,122,6
8,15,1,123,6
8,15,1,124,4
8,15,1,125,5
8,15,1,126,2
8,15,1,127,3
8,15,1,128,1
8,15,1,129,0
8,15,1,130,0
8,15,1,131,2
8,15,1,132,1
8,15,2,0,0
8,15,2,1,0
8,15,2,2,0
8,15,2,3,0
8,15,2,4,0
8,15,2,5,0
8,15,2,6,1
8,15,2,7,3
8,15,2,8,4
8,15,2,9,3
8,15,2,10,6
8,15,2,11,4
8,15,2,12,4
8,15,2,13,0
8,15,2,14,2
8,15,2,15,0
8,15,2,16,0
8,15,2,17,20
8,15,2,18,10
8,15,2,19,12
8,15,2,20,12
8,15,2,21,6
8,15,2,22,10
8,15,2,23,76
8,15,2,24,0
8,15,2,25,16
8,15,2,26,14
8,15,2,27,29
8,15,2,28,34
8,15,2,29,10
8,15,2,30,11
8,15,2,31,34
8,15,2,32,11
8,15,2,33,33
8,15,2,34,41
8,15,2,35,62
8,15,2,36,62
8,15,2,37,32
8,15,2,38,14
8,15,2,39,53
8,15,2,40,32
8,15,2,41,58
8,15,2,42,46
8,15,2,43,39
8,15,2,44,38
8,15,2,45,41
8,15,2,46,57
8,15,2,47,8
8,15,2,48,53
8,15,2,49,13
8,15,2,50,20
8,15,2,51,57
8,15,2,52,5
8,15,2,53,15
8,15,2,54,14
8,15,2,55,51
8,15,2,56,53
8,15,2,57,52
8,15,2,58,42
8,15,2,59,41
8,15,2,60,38
8,15,2,61,13
8,15,2,62,38
8,15,2,63,38
8,15,2,64,34
8,15,2,65,35
8,15,2,66,41
8,15,2,67,38
8,15,2,68,6
8,15,2,69,5
8,15,2,70,2
8,15,2,71,43
8,15,2,72,39
8,15,2,73,39
8,15,2,74,37
8,15,2,75,2
8,15,2,76,28
8,15,2,77,0
8,15,2,78,27
8,15,2,79,0
8,15,2,80,27
8,15,2,81,32
8,15,2,82,29
8,15,2,83,34
8,15,2,84,29
8,15,2,85,34
8,15,2,86,30
8,15,2,87,32
8,15,2,88,0
8,15,2,89,0
8,15,2,90,30
8,15,2,91,27
8,15,2,92,22
8,15,2,93,8
8,15,2,94,27
8,15,2,95,0
8,15,2,96,0
8,15,2,97,17
8,15,2,98,24
8,15,2,99,26
8,15,2,100,25
8,15,2,101,22
8,15,2,102,24
8,15,2,103,14
8,15,2,104,13
8,15,2,105,21
8,15,2,106,15
8,15,2,107,16
8,15,2,108,14
8,15,2,109,18
8,15,2,110,19
8,15,2,111,14
8,15,2,112,14
8,15,2,113,19
8,15,2,114,15
8,15,2,115,17
8,15,2,116,12
8,15,2,117,11
8,15,2,118,12
8,15,2,119,11
8,15,2,120,10
8,15,2,121,9
8,15,2,122,9
8,15,2,123,8
8,15,2,124,7
8,15,2,125,7
8,15,2,126,6
8,15,2,127,8
8,15,2,128,6
8,15,2,129,8
8,15,2,130,7
8,15,2,131,2
8,15,2,132,4
8,15,2,133,3
8,15,2,134,2
8,15,2,135,0
8,15,2,136,2
8,15,2,137,1
8,15,3,0,0
8,15,3,1,0
8,15,3,2,0
8,15,3,3,0
8,15,3,4,0
8,15,3,5,0
8,15,3,6,1
8,15,3,7,0
8,15,3,8,0
8,15,3,9,3
8,15,3,10,4
8,15,3,11,11
8,15,3,12,8
8,15,3,13,11
8,15,3,14,5
8,15,3,15,9
8,15,3,16,8
8,15,3,17,10
8,15,3,18,10
8,15,3,19,14
8,15,3,20,8
8,15,3,21,7
8,15,3,22,9
8,15,3,23,8
8,15,3,24,13
8,15,3,25,8
8,15,3,26,12
8,15,3,27,56
8,15,3,28,62
8,15,3,29,6
8,15,3,30,75
8,15,3,31,57
8,15,3,32,8
8,15,3,33,6
8,15,3,34,7
8,15,3,35,7
8,15,3,36,6
8,15,3,37,13
8,15,3,38,7
8,15,3,39,44
8,15,3,40,46
8,15,3,41,46
8,15,3,42,28
8,15,3,43,7
8,15,3,44,7
8,15,3,45,42
8,15,3,46,5
8,15,3,47,43
8,15,3,48,34
8,15,3,49,40
8,15,3,50,5
8,15,3,51,34
8,15,3,52,0
8,15,3,53,60
8,15,3,54,3
8,15,3,55,0
8,15,3,56,1
8,15,3,57,0
8,15,3,58,0
8,15,3,59,33
8,15,3,60,34
8,15,3,61,2
8,15,3,62,53
8,15,3,63,38
8,15,3,64,1
8,15,3,65,0
8,15,3,66,1
8,15,3,67,0
8,15,3,68,35
8,15,3,69,36
8,15,3,70,1
8,15,3,71,0
8,15,3,72,47
8,15,3,73,35
8,15,3,74,1
8,15,3,75,0
8,15,3,76,39
8,15,3,77,42
8,15,3,78,0
8,15,3,79,37
8,15,3,80,30
8,15,3,81,35
8,15,3,82,38
8,15,3,83,40
8,15,3,84,36
8,15,3,85,36
8,15,3,86,30
8,15,3,87,29
8,15,3,88,35
8,15,3,89,11
8,15,3,90,29
8,15,3,91,11
8,15,3,92,34
8,15,3,93,33
8,15,3,94,31
8,15,3,95,31
8,15,3,96,12
8,15,3,97,29
8,15,3,98,27
8,15,3,99,24
8,15,3,100,26
8,15,3,101,6
8,15,3,102,25
8,15,3,103,26
8,15,3,104,24
8,15,3,105,19
8,15,3,106,20
8,15,3,107,19
8,15,3,108,16
8,15,3,109,6
8,15,3,110,22
8,15,3,111,21
8,15,3,112,13
8,15,3,113,17
8,15,3,114,17
8,15,3,115,17
8,15,3,116,19
8,15,3,117,16
8,15,3,118,15
8,15,3,119,13
8,15,3,120,11
8,15,3,121,11
8,15,3,122,11
8,15,3,123,9
8,15,3,124,8
8,15,3,125,8
8,15,3,126,7
8,15,3,127,5
8,15,3,128,6
8,15,3,129,5
8,15,3,130,2
8,15,3,131,3
8,15,3,132,4
8,15,3,133,3
8,15,3,134,2
8,15,3,135,1
8,15,3,136,0
8,15,3,137,0
8,15,3,138,0
8,15,3,139,0
8,15,3,140,0
8,15,3,141,1
8,15,4,0,0
8,15,4,1,0
8,15,4,2,0
8,15,4,3,0
8,15,4,4,0
8,15,4,5,0
8,15,4,6,0
8,15,4,7,0
8,15,4,8,0
8,15,4,9,0
8,15,4,10,1
8,15,4,11,0
8,15,4,12,6
8,15,4,13,14
8,15,4,14,8
8,15,4,15,7
8,15,4,16,4
8,15,4,17,1
8,15,4,18,0
8,15,4,19,9
8,15,4,20,11
8,15,4,21,10
8,15,4,22,9
8,15,4,23,37
8,15,4,24,19
8,15,4,25,10
8,15,4,26,13
8,15,4,27,40
8,15,4,28,15
8,15,4,29,15
8,15,4,30,14
8,15,4,31,15
8,15,4,32,12
8,15,4,33,37
8,15,4,34,15
8,15,4,35,13
8,15,4,36,10
8,15,4,37,27
8,15,4,38,31
8,15,4,39,28
8,15,4,40,17
8,15,4,41,67
8,15,4,42,64
8,15,4,43,51
8,15,4,44,29
8,15,4,45,60
8,15,4,46,57
8,15,4,47,6
8,15,4,48,47
8,15,4,49,23
8,15,4,50,26
8,15,4,51,21
8,15,4,52,22
8,15,4,53,44
8,15,4,54,35
8,15,4,55,17
8,15,4,56,14
8,15,4,57,13
8,15,4,58,16
8,15,4,59,14
8,15,4,60,22
8,15,4,61,46
8,15,4,62,19
8,15,4,63,44
8,15,4,64,42
8,15,4,65,42
8,15,4,66,45
8,15,4,67,43
8,15,4,68,38
8,15,4,69,36
8,15,4,70,40
8,15,4,71,18
8,15,4,72,5
8,15,4,73,20
8,15,4,74,37
8,15,4,75,9
8,15,4,76,29
8,15,4,77,31
8,15,4,78,14
8,15,4,79,39
8,15,4,80,37
8,15,4,81,13
8,15,4,82,34
8,15,4,83,29
8,15,4,84,13
8,15,4,85,12
8,15,4,86,32
8,15,4,87,32
8,15,4,88,28
8,15,4,89,29
8,15,4,90,30
8,15,4,91,30
8,15,4,92,30
8,15,4,93,27
8,15,4,94,17
8,15,4,95,0
8,15,4,96,17
8,15,4,97,25
8,15,4,98,28
8,15,4,99,24
8,15,4,100,11
8,15,4,101,23
8,15,4,102,25
8,15,4,103,0
8,15,4,104,25
8,15,4,105,21
8,15,4,106,19
8,15,4,107,3
8,15,4,108,2
8,15,4,109,4
8,15,4,110,7
8,15,4,111,5
8,15,4,112,8
8,15,4,113,14
8,15,4,114,1
8,15,4,115,0
8,15,4,116,13
8,15,4,117,5
8,15,4,118,0
8,15,4,119,3
8,15,4,120,9
8,15,4,121,8
8,15,4,122,6
8,15,4,123,12
8,15,4,124,11
8,15,4,125,0
8,15,4,126,0
8,15,4,127,8
8,15,4,128,5
8,15,4,129,5
8,15,4,130,3
8,15,4,131,2
8,15,4,132,1
8,15,4,133,0
8,15,4,134,4
8,15,4,135,3
8,15,4,136,2
8,15,4,137,2
8,15,4,138,1
8,15,5,0,0
8,15,5,1,0
8,15,5,2,0
8,15,5,3,0
8,15,5,4,0
8,15,5,5,2
8,15,5,6,1
8,15,5,7,0
8,15,5,8,1
8,15,5,9,0
8,15,5,10,2
8,15,5,11,0
8,15,5,12,0
8,15,5,13,9
8,15,5,14,3
8,15,5,15,6
8,15,5,16,10
8,15,5,17,5
8,15,5,18,5
8,15,5,19,5
8,15,5,20,8
8,15,5,21,10
8,15,5,22,5
8,15,5,23,12
8,15,5,24,12
8,15,5,25,38
8,15,5,26,35
8,15,5,27,11
8,15,5,28,21
8,15,5,29,13
8,15,5,30,28
8,15,5,31,10
8,15,5,32,8
8,15,5,33,47
8,15,5,34,10
8,15,5,35,9
8,15,5,36,8
8,15,5,37,63
8,15,5,38,60
8,15,5,39,9
8,15,5,40,59
8,15,5,41,65
8,15,5,42,56
8,15,5,43,30
8,15,5,44,28
8,15,5,45,29
8,15,5,46,51
8,15,5,47,58
8,15,5,48,6
8,15,5,49,56
8,15,5,50,29
8,15,5,51,25
8,15,5,52,48
8,15,5,53,53
8,15,5,54,53
8,15,5,55,45
8,15,5,56,45
8,15,5,57,52
8,15,5,58,51
8,15,5,59,18
8,15,5,60,43
8,15,5,61,39
8,15,5,62,46
8,15,5,63,41
8,15,5,64,48
8,15,5,65,43
8,15,5,66,43
8,15,5,67,43
8,15,5,68,16
8,15,5,69,13
8,15,5,70,19
8,15,5,71,40
8,15,5,72,18
8,15,5,73,14
8,15,5,74,37
8,15,5,75,12
8,15,5,76,41
8,15,5,77,33
8,15,5,78,31
8,15,5,79,26
8,15,5,80,34
8,15,5,81,39
8,15,5,82,36
8,15,5,83,31
8,15,5,84,20
8,15,5,85,18
8,15,5,86,33
8,15,5,87,29
8,15,5,88,26
8,15,5,89,31
8,15,5,90,31
8,15,5,91,31
8,15,5,92,21
8,15,5,93,0
8,15,5,94,22
8,15,5,95,22
8,15,5,96,25
8,15,5,97,23
8,15,5,98,23
8,15,5,99,21
8,15,5,100,8
8,15,5,101,5
8,15,5,102,9
8,15,5,103,19
8,15,5,104,20
8,15,5,105,19
8,15,5,106,18
8,15,5,107,16
8,15,5,108,13
8,15,5,109,14
8,15,5,110,13
8,15,5,111,11
8,15,5,112,12
8,15,5,113,13
8,15,5,114,13
8,15,5,115,11
8,15,5,116,8
8,15,5,117,10
8,15,5,118,9
8,15,5,119,7
8,15,5,120,4
8,15,5,121,9
8,15,5,122,7
8,15,5,123,0
8,15,5,124,0
8,15,5,125,4
8,15,5,126,2
8,15,5,127,5
8,15,5,128,4
8,15,5,129,3
8,15,5,130,2
8,15,5,131,1
8,15,6,0,0
8,15,6,1,0
8,15,6,2,0
8,15,6,3,0
8,15,6,4,0
8,15,6,5,2
8,15,6,6,1
8,15,6,7,0
8,15,6,8,2
8,15,6,9,3
8,15,6,10,2
8,15,6,11,2
8,15,6,12,1
8,15,6,13,0
8,15,6,14,0
8,15,6,15,1
8,15,6,16,0
8,15,6,17,0
8,15,6,18,0
8,15,6,19,0
8,15,6,20,17
8,15,6,21,12
8,15,6,22,42
8,15,6,23,15
8,15,6,24,39
8,15,6,25,17
8,15,6,26,13
8,15,6,27,12
8,15,6,28,13
8,15,6,29,33
8,15,6,30,10
8,15,6,31,69
8,15,6,32,32
8,15,6,33,10
8,15,6,34,37
8,15,6,35,49
8,15,6,36,49
8,15,6,37,11
8,15,6,38,23
8,15,6,39,44
8,15,6,40,46
8,15,6,41,43
8,15,6,42,58
8,15,6,43,44
8,15,6,44,60
8,15,6,45,52
8,15,6,46,58
8,15,6,47,57
8,15,6,48,54
8,15,6,49,48
8,15,6,50,57
8,15,6,51,39
8,15,6,52,53
8,15,6,53,49
8,15,6,54,53
8,15,6,55,56
8,15,6,56,53
8,15,6,57,17
8,15,6,58,54
8,15,6,59,14
8,15,6,60,14
8,15,6,61,47
8,15,6,62,0
8,15,6,63,43
8,15,6,64,46
8,15,6,65,46
8,15,6,66,46
8,15,6,67,38
8,15,6,68,15
8,15,6,69,43
8,15,6,70,36
8,15,6,71,44
8,15,6,72,38
8,15,6,73,36
8,15,6,74,15
8,15,6,75,25
8,15,6,76,33
8,15,6,77,22
8,15,6,78,35
8,15,6,79,21
8,15,6,80,34
8,15,6,81,19
8,15,6,82,21
8,15,6,83,33
8,15,6,84,27
8,15,6,85,15
8,15,6,86,19
8,15,6,87,24
8,15,6,88,29
8,15,6,89,23
8,15,6,90,24
8,15,6,91,32
8,15,6,92,31
8,15,6,93,26
8,15,6,94,27
8,15,6,95,9
8,15,6,96,8
8,15,6,97,25
8,15,6,98,25
8,15,6,99,23
8,15,6,100,20
8,15,6,101,6
8,15,6,102,9
8,15,6,103,17
8,15,6,104,17
8,15,6,105,19
8,15,6,106,20
8,15,6,107,21
8,15,6,108,18
8,15,6,109,14
8,15,6,110,15
8,15,6,111,15
8,15,6,112,14
8,15,6,113,15
8,15,6,114,11
8,15,6,115,8
8,15,6,116,11
8,15,6,117,8
8,15,6,118,7
8,15,6,119,7
8,15,6,120,7
8,15,6,121,5
8,15,6,122,6
8,15,6,123,5
8,15,6,124,6
8,15,6,125,4
8,15,6,126,3
8,15,6,127,3
8,15,6,128,1
8,15,6,129,0
8,15,6,130,2
8,15,6,131,1
8,15,6,132,0
8,15,6,133,0
8,15,6,134,0
8,15,6,135,0
8,15,6,136,0
8,15,6,137,0
8,15,6,138,0
8,15,6,139,0
8,15,6,140,0
8,15,6,141,0
8,15,6,142,0
8,15,6,143,0
8,15,6,144,0
8,15,6,145,0
8,15,6,146,0
8,15,6,147,0
8,15,6,148,0
8,15,6,149,1
8,15,7,0,0
8,15,7,1,0
8,15,7,2,0
8,15,7,3,0
8,15,7,4,0
8,15,7,5,0
8,15,7,6,0
8,15,7,7,2
8,15,7,8,2
8,15,7,9,2
8,15,7,10,1
8,15,7,11,0
8,15,7,12,0
8,15,7,13,0
8,15,7,14,13
8,15,7,15,1
8,15,7,16,0
8,15,7,17,13
8,15,7,18,14
8,15,7,19,18
8,15,7,20,14
8,15,7,21,8
8,15,7,22,12
8,15,7,23,12
8,15,7,24,14
8,15,7,25,13
8,15,7,26,8
8,15,7,27,9
8,15,7,28,11
8,15,7,29,11
8,15,7,30,14
8,15,7,31,12
8,15,7,32,12
8,15,7,33,11
8,15,7,34,33
8,15,7,35,70
8,15,7,36,33
8,15,7,37,32
8,15,7,38,37
8,15,7,39,60
8,15,7,40,43
8,15,7,41,10
8,15,7,42,29
8,15,7,43,62
8,15,7,44,9
8,15,7,45,21
8,15,7,46,56
8,15,7,47,16
8,15,7,48,34
8,15,7,49,36
8,15,7,50,18
8,15,7,51,36
8,15,7,52,56
8,15,7,53,56
8,15,7,54,30
8,15,7,55,26
8,15,7,56,27
8,15,7,57,27
8,15,7,58,25
8,15,7,59,25
8,15,7,60,53
8,15,7,61,17
8,15,7,62,49
8,15,7,63,27
8,15,7,64,25
8,15,7,65,26
8,15,7,66,27
8,15,7,67,49
8,15,7,68,50
8,15,7,69,42
8,15,7,70,42
8,15,7,71,19
8,15,7,72,44
8,15,7,73,17
8,15,7,74,15
8,15,7,75,30
8,15,7,76,16
8,15,7,77,15
8,15,7,78,31
8,15,7,79,18
8,15,7,80,12
8,15,7,81,33
8,15,7,82,14
8,15,7,83,26
8,15,7,84,9
8,15,7,85,13
8,15,7,86,7
8,15,7,87,8
8,15,7,88,8
8,15,7,89,9
8,15,7,90,26
8,15,7,91,30
8,15,7,92,8
8,15,7,93,7
8,15,7,94,24
8,15,7,95,23
8,15,7,96,8
8,15,7,97,20
8,15,7,98,20
8,15,7,99,6
8,15,7,100,3
8,15,7,101,25
8,15,7,102,4
8,15,7,103,4
8,15,7,104,4
8,15,7,105,10
8,15,7,106,18
8,15,7,107,7
8,15,7,108,0
8,15,7,109,18
8,15,7,110,16
8,15,7,111,19
8,15,7,112,15
8,15,7,113,10
8,15,7,114,9
8,15,7,115,7
8,15,7,116,5
8,15,7,117,14
8,15,7,118,10
8,15,7,119,4
8,15,7,120,2
8,15,7,121,6
8,15,7,122,6
8,15,7,123,0
8,15,7,124,1
8,15,7,125,0
8,15,7,126,1
8,15,7,127,0
8,15,7,128,0
8,15,7,129,4
8,15,7,130,4
8,15,7,131,0
8,15,7,132,2
8,15,7,133,2
8,15,7,134,1
8,15,7,135,0
8,15,7,136,0
8,15,7,137,0
8,15,7,138,0
8,15,7,139,0
8,15,7,140,0
8,15,7,141,0
8,15,7,142,1
8,15,8,0,0
8,15,8,1,0
8,15,8,2,0
8,15,8,3,0
8,15,8,4,0
8,15,8,5,0
8,15,8,6,1
8,15,8,7,0
8,15,8,8,0
8,15,8,9,4
8,15,8,10,3
8,15,8,11,0
8,15,8,12,0
8,15,8,13,0
8,15,8,14,6
8,15,8,15,7
8,15,8,16,0
8,15,8,17,7
8,15,8,18,10
8,15,8,19,10
8,15,8,20,5
8,15,8,21,16
8,15,8,22,13
8,15,8,23,12
8,15,8,24,8
8,15,8,25,16
8,15,8,26,16
8,15,8,27,14
8,15,8,28,14
8,15,8,29,28
8,15,8,30,41
8,15,8,31,36
8,15,8,32,14
8,15,8,33,10
8,15,8,34,45
8,15,8,35,65
8,15,8,36,62
8,15,8,37,9
8,15,8,38,69
8,15,8,39,37
8,15,8,40,16
8,15,8,41,62
8,15,8,42,63
8,15,8,43,63
8,15,8,44,54
8,15,8,45,46
8,15,8,46,16
8,15,8,47,37
8,15,8,48,55
8,15,8,49,16
8,15,8,50,13
8,15,8,51,39
8,15,8,52,55
8,15,8,53,55
8,15,8,54,53
8,15,8,55,13
8,15,8,56,52
8,15,8,57,13
8,15,8,58,11
8,15,8,59,13
8,15,8,60,49
8,15,8,61,49
8,15,8,62,41
8,15,8,63,10
8,15,8,64,39
8,15,8,65,48
8,15,8,66,12
8,15,8,67,15
8,15,8,68,50
8,15,8,69,11
8,15,8,70,49
8,15,8,71,10
8,15,8,72,42
8,15,8,73,10
8,15,8,74,41
8,15,8,75,7
8,15,8,76,7
8,15,8,77,6
8,15,8,78,35
8,15,8,79,23
8,15,8,80,36
8,15,8,81,33
8,15,8,82,21
8,15,8,83,34
8,15,8,84,34
8,15,8,85,29
8,15,8,86,16
8,15,8,87,6
8,15,8,88,29
8,15,8,89,31
8,15,8,90,15
8,15,8,91,5
8,15,8,92,27
8,15,8,93,28
8,15,8,94,23
8,15,8,95,26
8,15,8,96,21
8,15,8,97,25
8,15,8,98,19
8,15,8,99,5
8,15,8,100,24
8,15,8,101,23
8,15,8,102,22
8,15,8,103,4
8,15,8,104,2
8,15,8,105,2
8,15,8,106,1
8,15,8,107,0
8,15,8,108,19
8,15,8,109,19
8,15,8,110,17
8,15,8,111,13
8,15,8,112,13
8,15,8,113,13
8,15,8,114,14
8,15,8,115,5
8,15,8,116,16
8,15,8,117,6
8,15,8,118,8
8,15,8,119,4
8,15,8,120,4
8,15,8,121,2
8,15,8,122,9
8,15,8,123,6
8,15,8,124,0
8,15,8,125,0
8,15,8,126,7
8,15,8,127,6
8,15,8,128,5
8,15,8,129,4
8,15,8,130,1
8,15,8,131,0
8,15,8,132,0
8,15,8,133,0
8,15,8,134,3
8,15,8,135,2
8,15,8,136,0
8,15,8,137,0
8,15,8,138,0
8,15,8,139,0
8,15,8,140,1
8,15,9,0,0
8,15,9,1,0
8,15,9,2,0
8,15,9,3,0
8,15,9,4,0
8,15,9,5,0
8,15,9,6,1
8,15,9,7,0
8,15,9,8,0
8,15,9,9,0
8,15,9,10,0
8,15,9,11,6
8,15,9,12,0
8,15,9,13,4
8,15,9,14,17
8,15,9,15,11
8,15,9,16,10
8,15,9,17,6
8,15,9,18,11
8,15,9,19,16
8,15,9,20,13
8,15,9,21,18
8,15,9,22,7
8,15,9,23,12
8,15,9,24,8
8,15,9,25,18
8,15,9,26,42
8,15,9,27,13
8,15,9,28,11
8,15,9,29,11
8,15,9,30,16
8,15,9,31,71
8,15,9,32,17
8,15,9,33,29
8,15,9,34,13
8,15,9,35,15
8,15,9,36,9
8,15,9,37,62
8,15,9,38,13
8,15,9,39,9
8,15,9,40,9
8,15,9,41,63
8,15,9,42,59
8,15,9,43,60
8,15,9,44,32
8,15,9,45,60
8,15,9,46,20
8,15,9,47,4
8,15,9,48,35
8,15,9,49,60
8,15,9,50,53
8,15,9,51,33
8,15,9,52,54
8,15,9,53,17
8,15,9,54,50
8,15,9,55,47
8,15,9,56,45
8,15,9,57,17
8,15,9,58,0
8,15,9,59,0
8,15,9,60,52
8,15,9,61,20
8,15,9,62,17
8,15,9,63,16
8,15,9,64,38
8,15,9,65,48
8,15,9,66,48
8,15,9,67,20
8,15,9,68,44
8,15,9,69,46
8,15,9,70,20
8,15,9,71,45
8,15,9,72,40
8,15,9,73,44
8,15,9,74,42
8,15,9,75,42
8,15,9,76,40
8,15,9,77,8
8,15,9,78,36
8,15,9,79,25
8,15,9,80,43
8,15,9,81,5
8,15,9,82,33
8,15,9,83,36
8,15,9,84,36
8,15,9,85,34
8,15,9,86,37
8,15,9,87,37
8,15,9,88,10
8,15,9,89,30
8,15,9,90,26
8,15,9,91,26
8,15,9,92,24
8,15,9,93,22
8,15,9,94,13
8,15,9,95,21
8,15,9,96,21
8,15,9,97,21
8,15,9,98,25
8,15,9,99,21
8,15,9,100,15
8,15,9,101,14
8,15,9,102,11
8,15,9,103,12
8,15,9,104,7
8,15,9,105,11
8,15,9,106,9
8,15,9,107,22
8,15,9,108,8
8,15,9,109,7
8,15,9,110,6
8,15,9,111,5
8,15,9,112,6
8,15,9,113,16
8,15,9,114,18
8,15,9,115,9
8,15,9,116,8
8,15,9,117,6
8,15,9,118,6
8,15,9,119,7
8,15,9,120,8
8,15,9,121,1
8,15,9,122,12
8,15,9,123,5
8,15,9,124,4
8,15,9,125,7
8,15,9,126,6
8,15,9,127,6
8,15,9,128,6
8,15,9,129,5
8,15,9,130,4
8,15,9,131,2
8,15,9,132,1
8,15,9,133,0
8,15,9,134,0
8,15,9,135,0
8,15,9,136,0
8,15,9,137,0
8,15,9,138,0
8,15,9,139,0
8,15,9,140,1
8,15,10,0,0
8,15,10,1,0
8,15,10,2,0
8,15,10,3,0
8,15,10,4,0
8,15,10,5,0
8,15,10,6,0
8,15,10,7,4
8,15,10,8,2
8,15,10,9,3
8,15,10,10,2
8,15,10,11,1
8,15,10,12,0
8,15,10,13,1
8,15,10,14,0
8,15,10,15,0
8,15,10,16,3
8,15,10,17,10
8,15,10,18,0
8,15,10,19,0
8,15,10,20,0
8,15,10,21,16
8,15,10,22,12
8,15,10,23,15
8,15,10,24,13
8,15,10,25,13
8,15,10,26,16
8,15,10,27,32
8,15,10,28,34
8,15,10,29,15
8,15,10,30,27
8,15,10,31,6
8,15,10,32,8
8,15,10,33,31
8,15,10,34,29
8,15,10,35,66
8,15,10,36,16
8,15,10,37,17
8,15,10,38,12
8,15,10,39,10
8,15,10,40,65
8,15,10,41,8
8,15,10,42,8
8,15,10,43,20
8,15,10,44,48
8,15,10,45,63
8,15,10,46,62
8,15,10,47,55
8,15,10,48,48
8,15,10,49,42
8,15,10,50,41
8,15,10,51,40
8,15,10,52,12
8,15,10,53,47
8,15,10,54,41
8,15,10,55,49
8,15,10,56,55
8,15,10,57,19
8,15,10,58,22
8,15,10,59,55
8,15,10,60,18
8,15,10,61,14
8,15,10,62,50
8,15,10,63,41
8,15,10,64,39
8,15,10,65,41
8,15,10,66,40
8,15,10,67,34
8,15,10,68,35
8,15,10,69,35
8,15,10,70,34
8,15,10,71,33
8,15,10,72,36
8,15,10,73,4
8,15,10,74,39
8,15,10,75,4
8,15,10,76,33
8,15,10,77,40
8,15,10,78,37
8,15,10,79,35
8,15,10,80,37
8,15,10,81,33
8,15,10,82,33
8,15,10,83,31
8,15,10,84,7
8,15,10,85,7
8,15,10,86,0
8,15,10,87,31
8,15,10,88,28
8,15,10,89,31
8,15,10,90,0
8,15,10,91,30
8,15,10,92,32
8,15,10,93,10
8,15,10,94,29
8,15,10,95,7
8,15,10,96,7
8,15,10,97,21
8,15,10,98,21
8,15,10,99,30
8,15,10,100,4
8,15,10,101,26
8,15,10,102,11
8,15,10,103,23
8,15,10,104,22
8,15,10,105,18
8,15,10,106,19
8,15,10,107,15
8,15,10,108,17
8,15,10,109,16
8,15,10,110,15
8,15,10,111,16
8,15,10,112,15
8,15,10,113,14
8,15,10,114,15
8,15,10,115,13
8,15,10,116,11
8,15,10,117,12
8,15,10,118,12
8,15,10,119,9
8,15,10,120,9
8,15,10,121,11
8,15,10,122,10
8,15,10,123,7
8,15,10,124,7
8,15,10,125,6
8,15,10,126,6
8,15,10,127,5
8,15,10,128,4
8,15,10,129,3
8,15,10,130,4
8,15,10,131,2
8,15,10,132,2
8,15,10,133,1
8,15,11,0,0
8,15,11,1,0
8,15,11,2,0
8,15,11,3,0
8,15,11,4,0
8,15,11,5,2
8,15,11,6,1
8,15,11,7,0
8,15,11,8,0
8,15,11,9,0
8,15,11,10,0
8,15,11,11,6
8,15,11,12,4
8,15,11,13,10
8,15,11,14,7
8,15,11,15,16
8,15,11,16,12
8,15,11,17,4
8,15,11,18,2
8,15,11,19,1
8,15,11,20,0
8,15,11,21,16
8,15,11,22,16
8,15,11,23,9
8,15,11,24,0
8,15,11,25,12
8,15,11,26,15
8,15,11,27,12
8,15,11,28,14
8,15,11,29,10
8,15,11,30,8
8,15,11,31,54
8,15,11,32,56
8,15,11,33,7
8,15,11,34,9
8,15,11,35,17
8,15,11,36,30
8,15,11,37,67
8,15,11,38,8
8,15,11,39,16
8,15,11,40,33
8,15,11,41,32
8,15,11,42,6
8,15,11,43,45
8,15,11,44,4
8,15,11,45,6
8,15,11,46,11
8,15,11,47,61
8,15,11,48,6
8,15,11,49,11
8,15,11,50,51
8,15,11,51,6
8,15,11,52,57
8,15,11,53,38
8,15,11,54,44
8,15,11,55,52
8,15,11,56,8
8,15,11,57,30
8,15,11,58,9
8,15,11,59,8
8,15,11,60,10
8,15,11,61,9
8,15,11,62,8
8,15,11,63,8
8,15,11,64,36
8,15,11,65,36
8,15,11,66,36
8,15,11,67,45
8,15,11,68,46
8,15,11,69,40
8,15,11,70,4
8,15,11,71,6
8,15,11,72,28
8,15,11,73,44
8,15,11,74,35
8,15,11,75,40
8,15,11,76,33
8,15,11,77,29
8,15,11,78,27
8,15,11,79,0
8,15,11,80,26
8,15,11,81,0
8,15,11,82,0
8,15,11,83,37
8,15,11,84,37
8,15,11,85,26
8,15,11,86,24
8,15,11,87,0
8,15,11,88,28
8,15,11,89,30
8,15,11,90,6
8,15,11,91,31
8,15,11,92,29
8,15,11,93,27
8,15,11,94,23
8,15,11,95,4
8,15,11,96,24
8,15,11,97,22
8,15,11,98,25
8,15,11,99,24
8,15,11,100,26
8,15,11,101,0
8,15,11,102,23
8,15,11,103,19
8,15,11,104,21
8,15,11,105,21
8,15,11,106,24
8,15,11,107,20
8,15,11,108,10
8,15,11,109,16
8,15,11,110,17
8,15,11,111,20
8,15,11,112,19
8,15,11,113,15
8,15,11,114,19
8,15,11,115,15
8,15,11,116,4
8,15,11,117,4
8,15,11,118,17
8,15,11,119,14
8,15,11,120,12
8,15,11,121,9
8,15,11,122,11
8,15,11,123,3
8,15,11,124,9
8,15,11,125,10
8,15,11,126,2
8,15,11,127,1
8,15,11,128,0
8,15,11,129,2
8,15,11,130,1
8,15,11,131,0
8,15,11,132,0
8,15,11,133,0
8,15,11,134,3
8,15,11,135,2
8,15,11,136,1
8,15,11,137,0
8,15,11,138,0
8,15,11,139,0
8,15,11,140,0
8,15,11,141,0
8,15,11,142,0
8,15,11,143,0
8,15,11,144,0
8,15,11,145,2
8,15,11,146,1
8,15,12,0,0
8,15,12,1,0
8,15,12,2,0
8,15,12,3,0
8,15,12,4,0
8,15,12,5,0
8,15,12,6,1
8,15,12,7,0
8,15,12,8,2
8,15,12,9,1
8,15,12,10,0
8,15,12,11,0
8,15,12,12,1
8,15,12,13,0
8,15,12,14,8
8,15,12,15,1
8,15,12,16,0
8,15,12,17,0
8,15,12,18,12
8,15,12,19,12
8,15,12,20,5
8,15,12,21,11
8,15,12,22,17
8,15,12,23,15
8,15,12,24,14
8,15,12,25,30
8,15,12,26,11
8,15,12,27,36
8,15,12,28,38
8,15,12,29,11
8,15,12,30,37
8,15,12,31,57
8,15,12,32,12
8,15,12,33,38
8,15,12,34,67
8,15,12,35,30
8,15,12,36,69
8,15,12,37,11
8,15,12,38,50
8,15,12,39,60
8,15,12,40,13
8,15,12,41,10
8,15,12,42,66
8,15,12,43,66
8,15,12,44,13
8,15,12,45,61
8,15,12,46,13
8,15,12,47,62
8,15,12,48,56
8,15,12,49,64
8,15,12,50,20
8,15,12,51,25
8,15,12,52,30
8,15,12,53,29
8,15,12,54,26
8,15,12,55,11
8,15,12,56,27
8,15,12,57,48
8,15,12,58,27
8,15,12,59,51
8,15,12,60,29
8,15,12,61,27
8,15,12,62,27
8,15,12,63,50
8,15,12,64,25
8,15,12,65,37
8,15,12,66,45
8,15,12,67,38
8,15,12,68,29
8,15,12,69,48
8,15,12,70,24
8,15,12,71,44
8,15,12,72,23
8,15,12,73,40
8,15,12,74,43
8,15,12,75,0
8,15,12,76,32
8,15,12,77,20
8,15,12,78,35
8,15,12,79,36
8,15,12,80,8
8,15,12,81,37
8,15,12,82,37
8,15,12,83,34
8,15,12,84,35
8,15,12,85,24
8,15,12,86,15
8,15,12,87,36
8,15,12,88,12
8,15,12,89,32
8,15,12,90,11
8,15,12,91,11
8,15,12,92,34
8,15,12,93,9
8,15,12,94,30
8,15,12,95,13
8,15,12,96,6
8,15,12,97,8
8,15,12,98,23
8,15,12,99,18
8,15,12,100,18
8,15,12,101,23
8,15,12,102,18
8,15,12,103,18
8,15,12,104,24
8,15,12,105,22
8,15,12,106,17
8,15,12,107,5
8,15,12,108,15
8,15,12,109,0
8,15,12,110,9
8,15,12,111,16
8,15,12,112,3
8,15,12,113,13
8,15,12,114,0
8,15,12,115,16
8,15,12,116,5
8,15,12,117,14
8,15,12,118,14
8,15,12,119,13
8,15,12,120,11
8,15,12,121,10
8,15,12,122,3
8,15,12,123,10
8,15,12,124,10
8,15,12,125,4
8,15,12,126,2
8,15,12,127,0
8,15,12,128,0
8,15,12,129,2
8,15,12,130,0
8,15,12,131,4
8,15,12,132,3
8,15,12,133,3
8,15,12,134,2
8,15,12,135,1
8,15,12,136,0
8,15,12,137,0
8,15,12,138,1
8,20,1,0,0
8,20,1,1,0
8,20,1,2,0
8,20,1,3,0
8,20,1,4,0
8,20,1,5,2
8,20,1,6,1
8,20,1,7,0
8,20,1,8,2
8,20,1,9,1
8,20,1,10,0
8,20,1,11,2
8,20,1,12,0
8,20,1,13,0
8,20,1,14,18
8,20,1,15,23
8,20,1,16,20
8,20,1,17,20
8,20,1,18,21
8,20,1,19,18
8,20,1,20,18
8,20,1,21,14
8,20,1,22,17
8,20,1,23,28
8,20,1,24,22
8,20,1,25,27
8,20,1,26,39
8,20,1,27,20
8,20,1,28,14
8,20,1,29,17
8,20,1,30,15
8,20,1,31,14
8,20,1,32,14
8,20,1,33,13
8,20,1,34,34
8,20,1,35,36
8,20,1,36,82
8,20,1,37,74
8,20,1,38,43
8,20,1,39,16
8,20,1,40,75
8,20,1,41,81
8,20,1,42,78
8,20,1,43,80
8,20,1,44,63
8,20,1,45,79
8,20,1,46,76
8,20,1,47,67
8,20,1,48,74
8,20,1,49,69
8,20,1,50,71
8,20,1,51,71
8,20,1,52,72
8,20,1,53,73
8,20,1,54,65
8,20,1,55,63
8,20,1,56,72
8,20,1,57,69
8,20,1,58,64
8,20,1,59,66
8,20,1,60,61
8,20,1,61,52
8,20,1,62,60
8,20,1,63,61
8,20,1,64,63
8,20,1,65,62
8,20,1,66,63
8,20,1,67,63
8,20,1,68,61
8,20,1,69,65
8,20,1,70,54
8,20,1,71,56
8,20,1,72,55
8,20,1,73,51
8,20,1,74,53
8,20,1,75,55
8,20,1,76,54
8,20,1,77,44
8,20,1,78,52
8,20,1,79,49
8,20,1,80,51
8,20,1,81,51
8,20,1,82,52
8,20,1,83,49
8,20,1,84,48
8,20,1,85,53
8,20,1,86,46
8,20,1,87,45
8,20,1,88,23
8,20,1,89,42
8,20,1,90,41
8,20,1,91,40
8,20,1,92,42
8,20,1,93,44
8,20,1,94,44
8,20,1,95,20
8,20,1,96,40
8,20,1,97,38
8,20,1,98,42
8,20,1,99,39
8,20,1,100,38
8,20,1,101,35
8,20,1,102,38
8,20,1,103,36
8,20,1,104,30
8,20,1,105,36
8,20,1,106,31
8,20,1,107,31
8,20,1,108,29
8,20,1,109,30
8,20,1,110,29
8,20,1,111,35
8,20,1,112,27
8,20,1,113,25
8,20,1,114,30
8,20,1,115,29
8,20,1,116,28
8,20,1,117,25
8,20,1,118,25
8,20,1,119,28
8,20,1,120,26
8,20,1,121,20
8,20,1,122,24
8,20,1,123,23
8,20,1,124,22
8,20,1,125,24
8,20,1,126,24
8,20,1,127,22
8,20,1,128,21
8,20,1,129,20
8,20,1,130,19
8,20,1,131,20
8,20,1,132,19
8,20,1,133,16
8,20,1,134,17
8,20,1,135,10
8,20,1,136,16
8,20,1,137,16
8,20,1,138,15
8,20,1,139,10
8,20,1,140,17
8,20,1,141,16
8,20,1,142,15
8,20,1,143,16
8,20,1,144,14
8,20,1,145,12
8,20,1,146,11
8,20,1,147,12
8,20,1,148,12
8,20,1,149,9
8,20,1,150,10
8,20,1,151,9
8,20,1,152,9
8,20,1,153,6
8,20,1,154,7
8,20,1,155,9
8,20,1,156,7
8,20,1,157,8
8,20,1,158,6
8,20,1,159,5
8,20,1,160,6
8,20,1,161,4
8,20,1,162,3
8,20,1,163,3
8,20,1,164,3
8,20,1,165,3
8,20,1,166,2
8,20,1,167,0
8,20,1,168,0
8,20,1,169,1
8,20,2,0,0
8,20,2,1,0
8,20,2,2,0
8,20,2,3,0
8,20,2,4,0
8,20,2,5,2
8,20,2,6,1
8,20,2,7,0
8,20,2,8,0
8,20,2,9,9
8,20,2,10,4
8,20,2,11,3
8,20,2,12,3
8,20,2,13,1
8,20,2,14,21
8,20,2,15,20
8,20,2,16,2
8,20,2,17,20
8,20,2,18,22
8,20,2,19,20
8,20,2,20,7
8,20,2,21,18
8,20,2,22,19
8,20,2,23,12
8,20,2,24,18
8,20,2,25,16
8,20,2,26,16
8,20,2,27,10
8,20,2,28,18
8,20,2,29,14
8,20,2,30,13
8,20,2,31,11
8,20,2,32,73
8,20,2,33,64
8,20,2,34,63
8,20,2,35,79
8,20,2,36,16
8,20,2,37,14
8,20,2,38,80
8,20,2,39,35
8,20,2,40,65
8,20,2,41,30
8,20,2,42,76
8,20,2,43,69
8,20,2,44,77
8,20,2,45,80
8,20,2,46,75
8,20,2,47,72
8,20,2,48,74
8,20,2,49,74
8,20,2,50,70
8,20,2,51,71
8,20,2,52,69
8,20,2,53,73
8,20,2,54,27
8,20,2,55,66
8,20,2,56,72
8,20,2,57,61
8,20,2,58,50
8,20,2,59,68
8,20,2,60,60
8,20,2,61,68
8,20,2,62,66
8,20,2,63,63
8,20,2,64,58
8,20,2,65,62
8,20,2,66,52
8,20,2,67,50
8,20,2,68,60
8,20,2,69,57
8,20,2,70,63
8,20,2,71,57
8,20,2,72,56
8,20,2,73,51
8,20,2,74,53
8,20,2,75,49
8,20,2,76,56
8,20,2,77,57
8,20,2,78,53
8,20,2,79,47
8,20,2,80,49
8,20,2,81,21
8,20,2,82,47
8,20,2,83,43
8,20,2,84,48
8,20,2,85,54
8,20,2,86,51
8,20,2,87,43
8,20,2,88,48
8,20,2,89,43
8,20,2,90,53
8,20,2,91,49
8,20,2,92,47
8,20,2,93,45
8,20,2,94,42
8,20,2,95,34
8,20,2,96,39
8,20,2,97,32
8,20,2,98,42
8,20,2,99,40
8,20,2,100,36
8,20,2,101,37
8,20,2,102,35
8,20,2,103,35
8,20,2,104,32
8,20,2,105,33
8,20,2,106,31
8,20,2,107,32
8,20,2,108,31
8,20,2,109,35
8,20,2,110,30
8,20,2,111,28
8,20,2,112,26
8,20,2,113,24
8,20,2,114,22
8,20,2,115,25
8,20,2,116,23
8,20,2,117,24
8,20,2,118,22
8,20,2,119,21
8,20,2,120,26
8,20,2,121,22
8,20,2,122,20
8,20,2,123,19
8,20,2,124,21
8,20,2,125,20
8,20,2,126,21
8,20,2,127,20
8,20,2,128,20
8,20,2,129,19
8,20,2,130,20
8,20,2,131,16
8,20,2,132,18
8,20,2,133,14
8,20,2,134,18
8,20,2,135,15
8,20,2,136,13
8,20,2,137,13
8,20,2,138,13
8,20,2,139,12
8,20,2,140,13
8,20,2,141,14
8,20,2,142,13
8,20,2,143,11
8,20,2,144,10
8,20,2,145,9
8,20,2,146,9
8,20,2,147,8
8,20,2,148,6
8,20,2,149,9
8,20,2,150,10
8,20,2,151,8
8,20,2,152,7
8,20,2,153,9
8,20,2,154,6
8,20,2,155,7
8,20,2,156,7
8,20,2,157,4
8,20,2,158,7
8,20,2,159,5
8,20,2,160,7
8,20,2,161,5
8,20,2,162,4
8,20,2,163,3
8,20,2,164,2
8,20,2,165,2
8,20,2,166,1
8,20,3,0,0
8,20,3,1,0
8,20,3,2,0
8,20,3,3,0
8,20,3,4,0
8,20,3,5,0
8,20,3,6,1
8,20,3,7,0
8,20,3,8,0
8,20,3,9,1
8,20,3,10,0
8,20,3,11,0
8,20,3,12,16
8,20,3,13,3
8,20,3,14,27
8,20,3,15,23
8,20,3,16,13
8,20,3,17,20
8,20,3,18,12
8,20,3,19,9
8,20,3,20,20
8,20,3,21,14
8,20,3,22,21
8,20,3,23,20
8,20,3,24,18
8,20,3,25,71
8,20,3,26,16
8,20,3,27,22
8,20,3,28,76
8,20,3,29,90
8,20,3,30,18
8,20,3,31,84
8,20,3,32,88
8,20,3,33,76
8,20,3,34,12
8,20,3,35,64
8,20,3,36,65
8,20,3,37,79
8,20,3,38,40
8,20,3,39,8
8,20,3,40,74
8,20,3,41,74
8,20,3,42,79
8,20,3,43,73
8,20,3,44,79
8,20,3,45,77
8,20,3,46,76
8,20,3,47,76
8,20,3,48,69
8,20,3,49,70
8,20,3,50,72
8,20,3,51,75
8,20,3,52,69
8,20,3,53,61
8,20,3,54,58
8,20,3,55,67
8,20,3,56,55
8,20,3,57,61
8,20,3,58,59
8,20,3,59,67
8,20,3,60,61
8,20,3,61,60
8,20,3,62,64
8,20,3,63,64
8,20,3,64,57
8,20,3,65,60
8,20,3,66,59
8,20,3,67,62
8,20,3,68,61
8,20,3,69,62
8,20,3,70,54
8,20,3,71,54
8,20,3,72,55
8,20,3,73,57
8,20,3,74,55
8,20,3,75,51
8,20,3,76,49
8,20,3,77,44
8,20,3,78,47
8,20,3,79,50
8,20,3,80,48
8,20,3,81,51
8,20,3,82,48
8,20,3,83,52
8,20,3,84,50
8,20,3,85,48
8,20,3,86,47
8,20,3,87,38
8,20,3,88,45
8,20,3,89,42
8,20,3,90,43
8,20,3,91,40
8,20,3,92,41
8,20,3,93,40
8,20,3,94,42
8,20,3,95,39
8,20,3,96,39
8,20,3,97,35
8,20,3,98,34
8,20,3,99,36
8,20,3,100,35
8,20,3,101,32
8,20,3,102,34
8,20,3,103,33
8,20,3,104,33
8,20,3,105,33
8,20,3,106,32
8,20,3,107,30
8,20,3,108,33
8,20,3,109,32
8,20,3,110,32
8,20,3,111,32
8,20,3,112,30
8,20,3,113,30
8,20,3,114,28
8,20,3,115,23
8,20,3,116,26
8,20,3,117,22
8,20,3,118,21
8,20,3,119,18
8,20,3,120,21
8,20,3,121,18
8,20,3,122,24
8,20,3,123,22
8,20,3,124,21
8,20,3,125,19
8,20,3,126,20
8,20,3,127,17
8,20,3,128,16
8,20,3,129,16
8,20,3,130,16
8,20,3,131,16
8,20,3,132,16
8,20,3,133,17
8,20,3,134,12
8,20,3,135,10
8,20,3,136,11
8,20,3,137,12
8,20,3,138,12
8,20,3,139,12
8,20,3,140,14
8,20,3,141,14
8,20,3,142,13
8,20,3,143,12
8,20,3,144,10
8,20,3,145,9
8,20,3,146,10
8,20,3,147,8
8,20,3,148,9
8,20,3,149,7
8,20,3,150,7
8,20,3,151,7
8,20,3,152,7
8,20,3,153,8
8,20,3,154,7
8,20,3,155,5
8,20,3,156,6
8,20,3,157,7
8,20,3,158,6
8,20,3,159,5
8,20,3,160,4
8,20,3,161,5
8,20,3,162,5
8,20,3,163,3
8,20,3,164,5
8,20,3,165,3
8,20,3,166,3
8,20,3,167,2
8,20,3,168,1
8,20,4,0,0
8,20,4,1,0
8,20,4,2,0
8,20,4,3,0
8,20,4,4,0
8,20,4,5,1
8,20,4,6,0
8,20,4,7,0
8,20,4,8,3
8,20,4,9,6
8,20,4,10,4
8,20,4,11,3
8,20,4,12,1
8,20,4,13,0
8,20,4,14,24
8,20,4,15,0
8,20,4,16,21
8,20,4,17,18
8,20,4,18,16
8,20,4,19,15
8,20,4,20,43
8,20,4,21,39
8,20,4,22,47
8,20,4,23,13
8,20,4,24,45
8,20,4,25,15
8,20,4,26,42
8,20,4,27,19
8,20,4,28,17
8,20,4,29,16
8,20,4,30,16
8,20,4,31,63
8,20,4,32,79
8,20,4,33,15
8,20,4,34,11
8,20,4,35,36
8,20,4,36,81
8,20,4,37,85
8,20,4,38,83
8,20,4,39,7
8,20,4,40,79
8,20,4,41,71
8,20,4,42,71
8,20,4,43,73
8,20,4,44,25
8,20,4,45,73
8,20,4,46,74
8,20,4,47,76
8,20,4,48,69
8,20,4,49,68
8,20,4,50,70
8,20,4,51,73
8,20,4,52,62
8,20,4,53,64
8,20,4,54,61
8,20,4,55,62
8,20,4,56,63
8,20,4,57,63
8,20,4,58,65
8,20,4,59,65
8,20,4,60,63
8,20,4,61,17
8,20,4,62,65
8,20,4,63,63
8,20,4,64,63
8,20,4,65,65
8,20,4,66,19
8,20,4,67,20
8,20,4,68,61
8,20,4,69,59
8,20,4,70,19
8,20,4,71,28
8,20,4,72,58
8,20,4,73,57
8,20,4,74,23
8,20,4,75,53
8,20,4,76,51
8,20,4,77,53
8,20,4,78,52
8,20,4,79,50
8,20,4,80,55
8,20,4,81,17
8,20,4,82,52
8,20,4,83,51
8,20,4,84,45
8,20,4,85,14
8,20,4,86,11
8,20,4,87,48
8,20,4,88,23
8,20,4,89,45
8,20,4,90,48
8,20,4,91,16
8,20,4,92,16
8,20,4,93,18
8,20,4,94,41
8,20,4,95,40
8,20,4,96,13
8,20,4,97,36
8,20,4,98,13
8,20,4,99,33
8,20,4,100,38
8,20,4,101,13
8,20,4,102,11
8,20,4,103,35
8,20,4,104,39
8,20,4,105,38
8,20,4,106,42
8,20,4,107,38
8,20,4,108,33
8,20,4,109,33
8,20,4,110,30
8,20,4,111,29
8,20,4,112,33
8,20,4,113,29
8,20,4,114,31
8,20,4,115,29
8,20,4,116,29
8,20,4,117,28
8,20,4,118,29
8,20,4,119,25
8,20,4,120,26
8,20,4,121,14
8,20,4,122,25
8,20,4,123,22
8,20,4,124,23
8,20,4,125,25
8,20,4,126,25
8,20,4,127,17
8,20,4,128,22
8,20,4,129,21
8,20,4,130,21
8,20,4,131,20
8,20,4,132,16
8,20,4,133,17
8,20,4,134,19
8,20,4,135,18
8,20,4,136,18
8,20,4,137,16
8,20,4,138,16
8,20,4,139,15
8,20,4,140,14
8,20,4,141,12
8,20,4,142,13
8,20,4,143,13
8,20,4,144,14
8,20,4,145,10
8,20,4,146,11
8,20,4,147,11
8,20,4,148,12
8,20,4,149,11
8,20,4,150,10
8,20,4,151,8
8,20,4,152,8
8,20,4,153,7
8,20,4,154,8
8,20,4,155,7
8,20,4,156,6
8,20,4,157,5
8,20,4,158,7
8,20,4,159,6
8,20,4,160,5
8,20,4,161,4
8,20,4,162,5
8,20,4,163,4
8,20,4,164,1
8,20,4,165,0
8,20,4,166,1
8,20,4,167,3
8,20,4,168,2
8,20,4,169,0
8,20,4,170,0
8,20,4,171,0
8,20,4,172,0
8,20,4,173,0
8,20,4,174,0
8,20,4,175,0
8,20,4,176,0
8,20,4,177,1
8,20,5,0,0
8,20,5,1,0
8,20,5,2,0
8,20,5,3,0
8,20,5,4,0
8,20,5,5,2
8,20,5,6,0
8,20,5,7,0
8,20,5,8,1
8,20,5,9,0
8,20,5,10,0
8,20,5,11,8
8,20,5,12,0
8,20,5,13,14
8,20,5,14,14
8,20,5,15,17
8,20,5,16,16
8,20,5,17,9
8,20,5,18,19
8,20,5,19,16
8,20,5,20,15
8,20,5,21,14
8,20,5,22,19
8,20,5,23,22
8,20,5,24,15
8,20,5,25,11
8,20,5,26,14
8,20,5,27,13
8,20,5,28,9
8,20,5,29,17
8,20,5,30,16
8,20,5,31,16
8,20,5,32,14
8,20,5,33,38
8,20,5,34,45
8,20,5,35,42
8,20,5,36,61
8,20,5,37,85
8,20,5,38,78
8,20,5,39,39
8,20,5,40,80
8,20,5,41,39
8,20,5,42,56
8,20,5,43,80
8,20,5,44,35
8,20,5,45,76
8,20,5,46,82
8,20,5,47,80
8,20,5,48,76
8,20,5,49,73
8,20,5,50,51
8,20,5,51,71
8,20,5,52,76
8,20,5,53,71
8,20,5,54,66
8,20,5,55,66
8,20,5,56,34
8,20,5,57,65
8,20,5,58,69
8,20,5,59,66
8,20,5,60,40
8,20,5,61,63
8,20,5,62,61
8,20,5,63,63
8,20,5,64,62
8,20,5,65,62
8,20,5,66,61
8,20,5,67,59
8,20,5,68,42
8,20,5,69,60
8,20,5,70,37
8,20,5,71,57
8,20,5,72,56
8,20,5,73,53
8,20,5,74,49
8,20,5,75,54
8,20,5,76,55
8,20,5,77,50
8,20,5,78,49
8,20,5,79,54
8,20,5,80,53
8,20,5,81,54
8,20,5,82,25
8,20,5,83,13
8,20,5,84,49
8,20,5,85,46
8,20,5,86,20
8,20,5,87,46
8,20,5,88,45
8,20,5,89,45
8,20,5,90,45
8,20,5,91,44
8,20,5,92,43
8,20,5,93,42
8,20,5,94,43
8,20,5,95,41
8,20,5,96,38
8,20,5,97,38
8,20,5,98,34
8,20,5,99,38
8,20,5,100,40
8,20,5,101,38
8,20,5,102,35
8,20,5,103,38
8,20,5,104,39
8,20,5,105,38
8,20,5,106,35
8,20,5,107,39
8,20,5,108,37
8,20,5,109,35
8,20,5,110,32
8,20,5,111,33
8,20,5,112,32
8,20,5,113,31
8,20,5,114,31
8,20,5,115,26
8,20,5,116,24
8,20,5,117,23
8,20,5,118,23
8,20,5,119,21
8,20,5,120,23
8,20,5,121,23
8,20,5,122,22
8,20,5,123,22
8,20,5,124,23
8,20,5,125,23
8,20,5,126,19
8,20,5,127,20
8,20,5,128,21
8,20,5,129,22
8,20,5,130,17
8,20,5,131,18
8,20,5,132,22
8,20,5,133,19
8,20,5,134,14
8,20,5,135,18
8,20,5,136,16
8,20,5,137,11
8,20,5,138,16
8,20,5,139,19
8,20,5,140,18
8,20,5,141,14
8,20,5,142,15
8,20,5,143,16
8,20,5,144,16
8,20,5,145,16
8,20,5,146,17
8,20,5,147,13
8,20,5,148,12
8,20,5,149,11
8,20,5,150,11
8,20,5,151,9
8,20,5,152,11
8,20,5,153,10
8,20,5,154,8
8,20,5,155,7
8,20,5,156,9
8,20,5,157,8
8,20,5,158,7
8,20,5,159,5
8,20,5,160,5
8,20,5,161,4
8,20,5,162,4
8,20,5,163,3
8,20,5,164,2
8,20,5,165,4
8,20,5,166,3
8,20,5,167,1
8,20,5,168,1
8,20,5,169,0
8,20,5,170,0
8,20,5,171,0
8,20,5,172,0
8,20,5,173,0
8,20,5,174,1
8,20,6,0,0
8,20,6,1,0
8,20,6,2,0
8,20,6,3,0
8,20,6,4,0
8,20,6,5,0
8,20,6,6,0
8,20,6,7,0
8,20,6,8,0
8,20,6,9,0
8,20,6,10,13
8,20,6,11,6
8,20,6,12,4
8,20,6,13,15
8,20,6,14,20
8,20,6,15,19
8,20,6,16,14
8,20,6,17,8
8,20,6,18,26
8,20,6,19,22
8,20,6,20,42
8,20,6,21,50
8,20,6,22,0
8,20,6,23,20
8,20,6,24,12
8,20,6,25,39
8,20,6,26,25
8,20,6,27,48
8,20,6,28,35
8,20,6,29,18
8,20,6,30,41
8,20,6,31,14
8,20,6,32,16
8,20,6,33,18
8,20,6,34,19
8,20,6,35,35
8,20,6,36,13
8,20,6,37,13
8,20,6,38,81
8,20,6,39,73
8,20,6,40,13
8,20,6,41,32
8,20,6,42,80
8,20,6,43,43
8,20,6,44,80
8,20,6,45,76
8,20,6,46,74
8,20,6,47,73
8,20,6,48,74
8,20,6,49,70
8,20,6,50,74
8,20,6,51,69
8,20,6,52,72
8,20,6,53,72
8,20,6,54,68
8,20,6,55,75
8,20,6,56,69
8,20,6,57,69
8,20,6,58,71
8,20,6,59,64
8,20,6,60,61
8,20,6,61,61
8,20,6,62,36
8,20,6,63,62
8,20,6,64,62
8,20,6,65,61
8,20,6,66,64
8,20,6,67,27
8,20,6,68,57
8,20,6,69,56
8,20,6,70,56
8,20,6,71,58
8,20,6,72,51
8,20,6,73,52
8,20,6,74,52
8,20,6,75,55
8,20,6,76,24
8,20,6,77,56
8,20,6,78,56
8,20,6,79,51
8,20,6,80,51
8,20,6,81,46
8,20,6,82,50
8,20,6,83,45
8,20,6,84,46
8,20,6,85,50
8,20,6,86,52
8,20,6,87,48
8,20,6,88,47
8,20,6,89,49
8,20,6,90,48
8,20,6,91,23
8,20,6,92,36
8,20,6,93,40
8,20,6,94,43
8,20,6,95,46
8,20,6,96,41
8,20,6,97,40
8,20,6,98,39
8,20,6,99,34
8,20,6,100,40
8,20,6,101,37
8,20,6,102,36
8,20,6,103,37
8,20,6,104,34
8,20,6,105,36
8,20,6,106,34
8,20,6,107,35
8,20,6,108,35
8,20,6,109,30
8,20,6,110,30
8,20,6,111,29
8,20,6,112,28
8,20,6,113,33
8,20,6,114,31
8,20,6,115,30
8,20,6,116,28
8,20,6,117,30
8,20,6,118,24
8,20,6,119,30
8,20,6,120,27
8,20,6,121,25
8,20,6,122,24
8,20,6,123,24
8,20,6,124,25
8,20,6,125,24
8,20,6,126,24
8,20,6,127,19
8,20,6,128,21
8,20,6,129,18
8,20,6,130,19
8,20,6,131,21
8,20,6,132,16
8,20,6,133,15
8,20,6,134,16
8,20,6,135,16
8,20,6,136,17
8,20,6,137,13
8,20,6,138,14
8,20,6,139,14
8,20,6,140,11
8,20,6,141,11
8,20,6,142,12
8,20,6,143,12
8,20,6,144,11
8,20,6,145,10
8,20,6,146,9
8,20,6,147,11
8,20,6,148,10
8,20,6,149,10
8,20,6,150,7
8,20,6,151,9
8,20,6,152,9
8,20,6,153,8
8,20,6,154,6
8,20,6,155,6
8,20,6,156,8
8,20,6,157,8
8,20,6,158,7
8,20,6,159,6
8,20,6,160,6
8,20,6,161,5
8,20,6,162,6
8,20,6,163,7
8,20,6,164,6
8,20,6,165,5
8,20,6,166,3
8,20,6,167,3
8,20,6,168,2
8,20,6,169,1
8,20,7,0,0
8,20,7,1,0
8,20,7,2,0
8,20,7,3,0
8,20,7,4,0
8,20,7,5,0
8,20,7,6,0
8,20,7,7,2
8,20,7,8,0
8,20,7,9,0
8,20,7,10,1
8,20,7,11,0
8,20,7,12,0
8,20,7,13,11
8,20,7,14,18
8,20,7,15,20
8,20,7,16,26
8,20,7,17,26
8,20,7,18,24
8,20,7,19,26
8,20,7,20,21
8,20,7,21,16
8,20,7,22,23
8,20,7,23,20
8,20,7,24,17
8,20,7,25,17
8,20,7,26,43
8,20,7,27,16
8,20,7,28,43
8,20,7,29,36
8,20,7,30,80
8,20,7,31,38
8,20,7,32,39
8,20,7,33,63
8,20,7,34,18
8,20,7,35,14
8,20,7,36,35
8,20,7,37,11
8,20,7,38,38
8,20,7,39,37
8,20,7,40,35
8,20,7,41,11
8,20,7,42,63
8,20,7,43,75
8,20,7,44,77
8,20,7,45,33
8,20,7,46,61
8,20,7,47,71
8,20,7,48,76
8,20,7,49,65
8,20,7,50,64
8,20,7,51,58
8,20,7,52,64
8,20,7,53,63
8,20,7,54,71
8,20,7,55,69
8,20,7,56,32
8,20,7,57,29
8,20,7,58,66
8,20,7,59,64
8,20,7,60,34
8,20,7,61,12
8,20,7,62,25
8,20,7,63,64
8,20,7,64,64
8,20,7,65,64
8,20,7,66,62
8,20,7,67,33
8,20,7,68,60
8,20,7,69,56
8,20,7,70,59
8,20,7,71,55
8,20,7,72,46
8,20,7,73,56
8,20,7,74,50
8,20,7,75,58
8,20,7,76,54
8,20,7,77,55
8,20,7,78,55
8,20,7,79,57
8,20,7,80,17
8,20,7,81,54
8,20,7,82,54
8,20,7,83,21
8,20,7,84,52
8,20,7,85,49
8,20,7,86,53
8,20,7,87,52
8,20,7,88,45
8,20,7,89,44
8,20,7,90,22
8,20,7,91,20
8,20,7,92,43
8,20,7,93,41
8,20,7,94,44
8,20,7,95,40
8,20,7,96,41
8,20,7,97,41
8,20,7,98,43
8,20,7,99,40
8,20,7,100,38
8,20,7,101,37
8,20,7,102,37
8,20,7,103,37
8,20,7,104,35
8,20,7,105,40
8,20,7,106,36
8,20,7,107,36
8,20,7,108,37
8,20,7,109,34
8,20,7,110,32
8,20,7,111,31
8,20,7,112,14
8,20,7,113,14
8,20,7,114,31
8,20,7,115,29
8,20,7,116,28
8,20,7,117,18
8,20,7,118,27
8,20,7,119,29
8,20,7,120,28
8,20,7,121,29
8,20,7,122,23
8,20,7,123,24
8,20,7,124,27
8,20,7,125,18
8,20,7,126,18
8,20,7,127,22
8,20,7,128,20
8,20,7,129,14
8,20,7,130,17
8,20,7,131,21
8,20,7,132,19
8,20,7,133,13
8,20,7,134,16
8,20,7,135,16
8,20,7,136,15
8,20,7,137,14
8,20,7,138,16
8,20,7,139,14
8,20,7,140,10
8,20,7,141,16
8,20,7,142,11
8,20,7,143,15
8,20,7,144,14
8,20,7,145,11
8,20,7,146,14
8,20,7,147,13
8,20,7,148,10
8,20,7,149,9
8,20,7,150,9
8,20,7,151,9
8,20,7,152,9
8,20,7,153,8
8,20,7,154,8
8,20,7,155,9
8,20,7,156,7
8,20,7,157,6
8,20,7,158,6
8,20,7,159,4
8,20,7,160,6
8,20,7,161,4
8,20,7,162,3
8,20,7,163,3
8,20,7,164,4
8,20,7,165,3
8,20,7,166,2
8,20,7,167,4
8,20,7,168,3
8,20,7,169,2
8,20,7,170,1
8,20,8,0,0
8,20,8,1,0
8,20,8,2,0
8,20,8,3,0
8,20,8,4,0
8,20,8,5,3
8,20,8,6,0
8,20,8,7,2
8,20,8,8,2
8,20,8,9,1
8,20,8,10,0
8,20,8,11,0
8,20,8,12,3
8,20,8,13,5
8,20,8,14,13
8,20,8,15,22
8,20,8,16,4
8,20,8,17,9
8,20,8,18,13
8,20,8,19,13
8,20,8,20,23
8,20,8,21,21
8,20,8,22,41
8,20,8,23,13
8,20,8,24,20
8,20,8,25,15
8,20,8,26,19
8,20,8,27,39
8,20,8,28,44
8,20,8,29,43
8,20,8,30,43
8,20,8,31,32
8,20,8,32,39
8,20,8,33,35
8,20,8,34,36
8,20,8,35,37
8,20,8,36,33
8,20,8,37,9
8,20,8,38,83
8,20,8,39,75
8,20,8,40,73
8,20,8,41,71
8,20,8,42,8
8,20,8,43,69
8,20,8,44,7
8,20,8,45,73
8,20,8,46,76
8,20,8,47,73
8,20,8,48,70
8,20,8,49,71
8,20,8,50,74
8,20,8,51,76
8,20,8,52,70
8,20,8,53,18
8,20,8,54,71
8,20,8,55,64
8,20,8,56,68
8,20,8,57,63
8,20,8,58,65
8,20,8,59,62
8,20,8,60,63
8,20,8,61,67
8,20,8,62,66
8,20,8,63,64
8,20,8,64,63
8,20,8,65,60
8,20,8,66,63
8,20,8,67,64
8,20,8,68,30
8,20,8,69,60
8,20,8,70,65
8,20,8,71,64
8,20,8,72,59
8,20,8,73,56
8,20,8,74,60
8,20,8,75,54
8,20,8,76,55
8,20,8,77,38
8,20,8,78,54
8,20,8,79,39
8,20,8,80,52
8,20,8,81,53
8,20,8,82,53
8,20,8,83,33
8,20,8,84,31
8,20,8,85,48
8,20,8,86,50
8,20,8,87,51
8,20,8,88,29
8,20,8,89,47
8,20,8,90,45
8,20,8,91,48
8,20,8,92,46
8,20,8,93,38
8,20,8,94,44
8,20,8,95,41
8,20,8,96,34
8,20,8,97,39
8,20,8,98,39
8,20,8,99,34
8,20,8,100,35
8,20,8,101,36
8,20,8,102,36
8,20,8,103,36
8,20,8,104,34
8,20,8,105,32
8,20,8,106,34
8,20,8,107,31
8,20,8,108,27
8,20,8,109,25
8,20,8,110,30
8,20,8,111,32
8,20,8,112,32
8,20,8,113,30
8,20,8,114,29
8,20,8,115,28
8,20,8,116,30
8,20,8,117,26
8,20,8,118,25
8,20,8,119,25
8,20,8,120,24
8,20,8,121,25
8,20,8,122,27
8,20,8,123,25
8,20,8,124,26
8,20,8,125,25
8,20,8,126,22
8,20,8,127,20
8,20,8,128,19
8,20,8,129,19
8,20,8,130,17
8,20,8,131,16
8,20,8,132,16
8,20,8,133,13
8,20,8,134,16
8,20,8,135,18
8,20,8,136,15
8,20,8,137,14
8,20,8,138,14
8,20,8,139,13
8,20,8,140,14
8,20,8,141,13
8,20,8,142,9
8,20,8,143,10
8,20,8,144,12
8,20,8,145,11
8,20,8,146,8
8,20,8,147,10
8,20,8,148,12
8,20,8,149,10
8,20,8,150,10
8,20,8,151,9
8,20,8,152,10
8,20,8,153,9
8,20,8,154,8
8,20,8,155,8
8,20,8,156,8
8,20,8,157,7
8,20,8,158,5
8,20,8,159,6
8,20,8,160,5
8,20,8,161,4
8,20,8,162,4
8,20,8,163,5
8,20,8,164,3
8,20,8,165,3
8,20,8,166,2
8,20,8,167,1
8,20,9,0,0
8,20,9,1,0
8,20,9,2,0
8,20,9,3,0
8,20,9,4,0
8,20,9,5,0
8,20,9,6,4
8,20,9,7,3
8,20,9,8,0
8,20,9,9,4
8,20,9,10,2
8,20,9,11,13
8,20,9,12,16
8,20,9,13,11
8,20,9,14,10
8,20,9,15,10
8,20,9,16,13
8,20,9,17,4
8,20,9,18,23
8,20,9,19,0
8,20,9,20,14
8,20,9,21,15
8,20,9,22,12
8,20,9,23,42
8,20,9,24,25
8,20,9,25,43
8,20,9,26,16
8,20,9,27,12
8,20,9,28,15
8,20,9,29,46
8,20,9,30,20
8,20,9,31,21
8,20,9,32,38
8,20,9,33,21
8,20,9,34,18
8,20,9,35,17
8,20,9,36,41
8,20,9,37,14
8,20,9,38,14
8,20,9,39,76
8,20,9,40,75
8,20,9,41,73
8,20,9,42,37
8,20,9,43,75
8,20,9,44,70
8,20,9,45,36
8,20,9,46,70
8,20,9,47,69
8,20,9,48,67
8,20,9,49,69
8,20,9,50,71
8,20,9,51,71
8,20,9,52,72
8,20,9,53,62
8,20,9,54,71
8,20,9,55,69
8,20,9,56,60
8,20,9,57,59
8,20,9,58,61
8,20,9,59,34
8,20,9,60,19
8,20,9,61,18
8,20,9,62,63
8,20,9,63,60
8,20,9,64,61
8,20,9,65,62
8,20,9,66,60
8,20,9,67,19
8,20,9,68,20
8,20,9,69,59
8,20,9,70,56
8,20,9,71,58
8,20,9,72,58
8,20,9,73,51
8,20,9,74,19
8,20,9,75,10
8,20,9,76,11
8,20,9,77,46
8,20,9,78,57
8,20,9,79,56
8,20,9,80,54
8,20,9,81,53
8,20,9,82,54
8,20,9,83,54
8,20,9,84,53
8,20,9,85,48
8,20,9,86,50
8,20,9,87,49
8,20,9,88,49
8,20,9,89,47
8,20,9,90,42
8,20,9,91,42
8,20,9,92,41
8,20,9,93,40
8,20,9,94,41
8,20,9,95,44
8,20,9,96,38
8,20,9,97,42
8,20,9,98,40
8,20,9,99,43
8,20,9,100,37
8,20,9,101,37
8,20,9,102,39
8,20,9,103,33
8,20,9,104,33
8,20,9,105,35
8,20,9,106,35
8,20,9,107,38
8,20,9,108,33
8,20,9,109,36
8,20,9,110,32
8,20,9,111,36
8,20,9,112,32
8,20,9,113,34
8,20,9,114,31
8,20,9,115,27
8,20,9,116,30
8,20,9,117,27
8,20,9,118,30
8,20,9,119,25
8,20,9,120,28
8,20,9,121,25
8,20,9,122,27
8,20,9,123,17
8,20,9,124,26
8,20,9,125,27
8,20,9,126,18
8,20,9,127,22
8,20,9,128,20
8,20,9,129,23
8,20,9,130,20
8,20,9,131,17
8,20,9,132,16
8,20,9,133,16
8,20,9,134,17
8,20,9,135,18
8,20,9,136,19
8,20,9,137,18
8,20,9,138,17
8,20,9,139,18
8,20,9,140,13
8,20,9,141,12
8,20,9,142,13
8,20,9,143,12
8,20,9,144,13
8,20,9,145,12
8,20,9,146,11
8,20,9,147,11
8,20,9,148,12
8,20,9,149,10
8,20,9,150,9
8,20,9,151,6
8,20,9,152,8
8,20,9,153,10
8,20,9,154,11
8,20,9,155,5
8,20,9,156,6
8,20,9,157,10
8,20,9,158,7
8,20,9,159,6
8,20,9,160,5
8,20,9,161,4
8,20,9,162,3
8,20,9,163,1
8,20,9,164,0
8,20,9,165,0
8,20,9,166,3
8,20,9,167,1
8,20,9,168,0
8,20,9,169,0
8,20,9,170,0
8,20,9,171,0
8,20,9,172,1
8,20,10,0,0
8,20,10,1,0
8,20,10,2,0
8,20,10,3,0
8,20,10,4,0
8,20,10,5,0
8,20,10,6,0
8,20,10,7,0
8,20,10,8,2
8,20,10,9,1
8,20,10,10,0
8,20,10,11,9
8,20,10,12,16
8,20,10,13,22
8,20,10,14,21
8,20,10,15,19
8,20,10,16,16
8,20,10,17,26
8,20,10,18,13
8,20,10,19,12
8,20,10,20,13
8,20,10,21,21
8,20,10,22,20
8,20,10,23,17
8,20,10,24,20
8,20,10,25,15
8,20,10,26,16
8,20,10,27,97
8,20,10,28,16
8,20,10,29,64
8,20,10,30,95
8,20,10,31,15
8,20,10,32,90
8,20,10,33,18
8,20,10,34,39
8,20,10,35,35
8,20,10,36,83
8,20,10,37,64
8,20,10,38,19
8,20,10,39,77
8,20,10,40,17
8,20,10,41,74
8,20,10,42,16
8,20,10,43,14
8,20,10,44,58
8,20,10,45,55
8,20,10,46,34
8,20,10,47,60
8,20,10,48,70
8,20,10,49,74
8,20,10,50,77
8,20,10,51,70
8,20,10,52,70
8,20,10,53,68
8,20,10,54,66
8,20,10,55,69
8,20,10,56,35
8,20,10,57,67
8,20,10,58,66
8,20,10,59,61
8,20,10,60,60
8,20,10,61,65
8,20,10,62,63
8,20,10,63,66
8,20,10,64,52
8,20,10,65,60
8,20,10,66,64
8,20,10,67,42
8,20,10,68,54
8,20,10,69,60
8,20,10,70,59
8,20,10,71,57
8,20,10,72,60
8,20,10,73,55
8,20,10,74,55
8,20,10,75,54
8,20,10,76,54
8,20,10,77,51
8,20,10,78,36
8,20,10,79,54
8,20,10,80,51
8,20,10,81,51
8,20,10,82,53
8,20,10,83,54
8,20,10,84,50
8,20,10,85,50
8,20,10,86,51
8,20,10,87,50
8,20,10,88,49
8,20,10,89,42
8,20,10,90,46
8,20,10,91,43
8,20,10,92,50
8,20,10,93,43
8,20,10,94,43
8,20,10,95,43
8,20,10,96,45
8,20,10,97,47
8,20,10,98,46
8,20,10,99,43
8,20,10,100,36
8,20,10,101,36
8,20,10,102,41
8,20,10,103,39
8,20,10,104,39
8,20,10,105,37
8,20,10,106,40
8,20,10,107,41
8,20,10,108,36
8,20,10,109,32
8,20,10,110,30
8,20,10,111,37
8,20,10,112,33
8,20,10,113,32
8,20,10,114,33
8,20,10,115,32
8,20,10,116,32
8,20,10,117,33
8,20,10,118,28
8,20,10,119,31
8,20,10,120,29
8,20,10,121,30
8,20,10,122,26
8,20,10,123,25
8,20,10,124,24
8,20,10,125,23
8,20,10,126,24
8,20,10,127,27
8,20,10,128,23
8,20,10,129,22
8,20,10,130,25
8,20,10,131,23
8,20,10,132,21
8,20,10,133,23
8,20,10,134,22
8,20,10,135,21
8,20,10,136,21
8,20,10,137,19
8,20,10,138,19
8,20,10,139,17
8,20,10,140,16
8,20,10,141,16
8,20,10,142,17
8,20,10,143,14
8,20,10,144,14
8,20,10,145,13
8,20,10,146,13
8,20,10,147,11
8,20,10,148,11
8,20,10,149,11
8,20,10,150,13
8,20,10,151,9
8,20,10,152,7
8,20,10,153,8
8,20,10,154,10
8,20,10,155,7
8,20,10,156,8
8,20,10,157,6
8,20,10,158,8
8,20,10,159,7
8,20,10,160,6
8,20,10,161,5
8,20,10,162,4
8,20,10,163,4
8,20,10,164,2
8,20,10,165,3
8,20,10,166,0
8,20,10,167,2
8,20,10,168,1
8,20,11,0,0
8,20,11,1,0
8,20,11,2,0
8,20,11,3,0
8,20,11,4,0
8,20,11,5,0
8,20,11,6,0
8,20,11,7,2
8,20,11,8,2
8,20,11,9,1
8,20,11,10,8
8,20,11,11,3
8,20,11,12,1
8,20,11,13,0
8,20,11,14,0
8,20,11,15,13
8,20,11,16,20
8,20,11,17,14
8,20,11,18,22
8,20,11,19,25
8,20,11,20,24
8,20,11,21,22
8,20,11,22,14
8,20,11,23,19
8,20,11,24,39
8,20,11,25,16
8,20,11,26,23
8,20,11,27,46
8,20,11,28,65
8,20,11,29,20
8,20,11,30,36
8,20,11,31,37
8,20,11,32,82
8,20,11,33,66
8,20,11,34,65
8,20,11,35,81
8,20,11,36,58
8,20,11,37,77
8,20,11,38,59
8,20,11,39,61
8,20,11,40,80
8,20,11,41,45
8,20,11,42,73
8,20,11,43,62
8,20,11,44,81
8,20,11,45,79
8,20,11,46,57
8,20,11,47,32
8,20,11,48,73
8,20,11,49,72
8,20,11,50,69
8,20,11,51,69
8,20,11,52,35
8,20,11,53,33
8,20,11,54,71
8,20,11,55,67
8,20,11,56,32
8,20,11,57,66
8,20,11,58,69
8,20,11,59,35
8,20,11,60,35
8,20,11,61,67
8,20,11,62,66
8,20,11,63,60
8,20,11,64,63
8,20,11,65,61
8,20,11,66,60
8,20,11,67,65
8,20,11,68,60
8,20,11,69,59
8,20,11,70,56
8,20,11,71,55
8,20,11,72,55
8,20,11,73,61
8,20,11,74,56
8,20,11,75,55
8,20,11,76,25
8,20,11,77,58
8,20,11,78,51
8,20,11,79,51
8,20,11,80,49
8,20,11,81,52
8,20,11,82,25
8,20,11,83,47
8,20,11,84,45
8,20,11,85,47
8,20,11,86,16
8,20,11,87,48
8,20,11,88,46
8,20,11,89,15
8,20,11,90,13
8,20,11,91,42
8,20,11,92,48
8,20,11,93,43
8,20,11,94,44
8,20,11,95,43
8,20,11,96,46
8,20,11,97,43
8,20,11,98,45
8,20,11,99,42
8,20,11,100,42
8,20,11,101,40
8,20,11,102,38
8,20,11,103,40
8,20,11,104,29
8,20,11,105,32
8,20,11,106,33
8,20,11,107,30
8,20,11,108,32
8,20,11,109,37
8,20,11,110,39
8,20,11,111,17
8,20,11,112,32
8,20,11,113,26
8,20,11,114,34
8,20,11,115,33
8,20,11,116,32
8,20,11,117,32
8,20,11,118,31
8,20,11,119,15
8,20,11,120,27
8,20,11,121,11
8,20,11,122,27
8,20,11,123,26
8,20,11,124,25
8,20,11,125,24
8,20,11,126,21
8,20,11,127,18
8,20,11,128,22
8,20,11,129,24
8,20,11,130,19
8,20,11,131,19
8,20,11,132,22
8,20,11,133,20
8,20,11,134,21
8,20,11,135,16
8,20,11,136,16
8,20,11,137,8
8,20,11,138,17
8,20,11,139,17
8,20,11,140,16
8,20,11,141,15
8,20,11,142,14
8,20,11,143,15
8,20,11,144,13
8,20,11,145,11
8,20,11,146,12
8,20,11,147,12
8,20,11,148,10
8,20,11,149,10
8,20,11,150,10
8,20,11,151,10
8,20,11,152,8
8,20,11,153,9
8,20,11,154,7
8,20,11,155,8
8,20,11,156,8
8,20,11,157,7
8,20,11,158,6
8,20,11,159,7
8,20,11,160,5
8,20,11,161,6
8,20,11,162,4
8,20,11,163,5
8,20,11,164,4
8,20,11,165,4
8,20,11,166,3
8,20,11,167,2
8,20,11,168,1
8,20,11,169,1
8,20,12,0,0
8,20,12,1,0
8,20,12,2,0
8,20,12,3,0
8,20,12,4,0
8,20,12,5,0
8,20,12,6,0
8,20,12,7,2
8,20,12,8,1
8,20,12,9,0
8,20,12,10,0
8,20,12,11,5
8,20,12,12,14
8,20,12,13,0
8,20,12,14,5
8,20,12,15,3
8,20,12,16,24
8,20,12,17,0
8,20,12,18,28
8,20,12,19,15
8,20,12,20,16
8,20,12,21,14
8,20,12,22,21
8,20,12,23,43
8,20,12,24,23
8,20,12,25,40
8,20,12,26,21
8,20,12,27,79
8,20,12,28,16
8,20,12,29,73
8,20,12,30,66
8,20,12,31,17
8,20,12,32,41
8,20,12,33,40
8,20,12,34,40
8,20,12,35,16
8,20,12,36,77
8,20,12,37,80
8,20,12,38,77
8,20,12,39,74
8,20,12,40,73
8,20,12,41,26
8,20,12,42,16
8,20,12,43,68
8,20,12,44,60
8,20,12,45,65
8,20,12,46,77
8,20,12,47,79
8,20,12,48,69
8,20,12,49,66
8,20,12,50,64
8,20,12,51,62
8,20,12,52,66
8,20,12,53,61
8,20,12,54,67
8,20,12,55,66
8,20,12,56,69
8,20,12,57,61
8,20,12,58,67
8,20,12,59,64
8,20,12,60,68
8,20,12,61,70
8,20,12,62,63
8,20,12,63,56
8,20,12,64,63
8,20,12,65,63
8,20,12,66,58
8,20,12,67,47
8,20,12,68,59
8,20,12,69,53
8,20,12,70,58
8,20,12,71,60
8,20,12,72,57
8,20,12,73,61
8,20,12,74,54
8,20,12,75,56
8,20,12,76,52
8,20,12,77,53
8,20,12,78,52
8,20,12,79,41
8,20,12,80,34
8,20,12,81,50
8,20,12,82,50
8,20,12,83,48
8,20,12,84,53
8,20,12,85,50
8,20,12,86,49
8,20,12,87,47
8,20,12,88,30
8,20,12,89,44
8,20,12,90,26
8,20,12,91,45
8,20,12,92,29
8,20,12,93,42
8,20,12,94,45
8,20,12,95,27
8,20,12,96,39
8,20,12,97,41
8,20,12,98,40
8,20,12,99,35
8,20,12,100,37
8,20,12,101,40
8,20,12,102,29
8,20,12,103,40
8,20,12,104,31
8,20,12,105,34
8,20,12,106,36
8,20,12,107,37
8,20,12,108,36
8,20,12,109,33
8,20,12,110,31
8,20,12,111,33
8,20,12,112,28
8,20,12,113,25
8,20,12,114,34
8,20,12,115,31
8,20,12,116,30
8,20,12,117,26
8,20,12,118,22
8,20,12,119,24
8,20,12,120,25
8,20,12,121,25
8,20,12,122,26
8,20,12,123,24
8,20,12,124,22
8,20,12,125,21
8,20,12,126,19
8,20,12,127,16
8,20,12,128,18
8,20,12,129,22
8,20,12,130,15
8,20,12,131,19
8,20,12,132,19
8,20,12,133,18
8,20,12,134,16
8,20,12,135,16
8,20,12,136,14
8,20,12,137,15
8,20,12,138,15
8,20,12,139,13
8,20,12,140,13
8,20,12,141,13
8,20,12,142,12
8,20,12,143,12
8,20,12,144,14
8,20,12,145,10
8,20,12,146,14
8,20,12,147,11
8,20,12,148,10
8,20,12,149,11
8,20,12,150,8
8,20,12,151,8
8,20,12,152,7
8,20,12,153,6
8,20,12,154,5
8,20,12,155,7
8,20,12,156,5
8,20,12,157,6
8,20,12,158,7
8,20,12,159,6
8,20,12,160,6
8,20,12,161,5
8,20,12,162,6
8,20,12,163,5
8,20,12,164,3
8,20,12,165,3
8,20,12,166,1
8,20,12,167,0
8,20,12,168,2
8,20,12,169,1
8,20,12,170,0
8,20,12,171,1
8,25,1,0,0
8,25,1,1,0
8,25,1,2,0
8,25,1,3,0
8,25,1,4,0
8,25,1,5,0
8,25,1,6,0
8,25,1,7,0
8,25,1,8,2
8,25,1,9,19
8,25,1,10,20
8,25,1,11,17
8,25,1,12,29
8,25,1,13,16
8,25,1,14,0
8,25,1,15,17
8,25,1,16,15
8,25,1,17,27
8,25,1,18,24
8,25,1,19,28
8,25,1,20,26
8,25,1,21,25
8,25,1,22,20
8,25,1,23,18
8,25,1,24,20
8,25,1,25,51
8,25,1,26,51
8,25,1,27,18
8,25,1,28,51
8,25,1,29,53
8,25,1,30,19
8,25,1,31,49
8,25,1,32,17
8,25,1,33,17
8,25,1,34,47
8,25,1,35,104
8,25,1,36,104
8,25,1,37,93
8,25,1,38,100
8,25,1,39,44
8,25,1,40,92
8,25,1,41,85
8,25,1,42,87
8,25,1,43,87
8,25,1,44,87
8,25,1,45,83
8,25,1,46,87
8,25,1,47,84
8,25,1,48,80
8,25,1,49,73
8,25,1,50,85
8,25,1,51,87
8,25,1,52,82
8,25,1,53,84
8,25,1,54,79
8,25,1,55,71
8,25,1,56,82
8,25,1,57,81
8,25,1,58,75
8,25,1,59,62
8,25,1,60,63
8,25,1,61,68
8,25,1,62,74
8,25,1,63,81
8,25,1,64,78
8,25,1,65,78
8,25,1,66,76
8,25,1,67,76
8,25,1,68,71
8,25,1,69,76
8,25,1,70,73
8,25,1,71,71
8,25,1,72,70
8,25,1,73,68
8,25,1,74,70
8,25,1,75,70
8,25,1,76,69
8,25,1,77,67
8,25,1,78,66
8,25,1,79,66
8,25,1,80,61
8,25,1,81,58
8,25,1,82,63
8,25,1,83,57
8,25,1,84,61
8,25,1,85,59
8,25,1,86,60
8,25,1,87,59
8,25,1,88,58
8,25,1,89,57
8,25,1,90,54
8,25,1,91,55
8,25,1,92,56
8,25,1,93,54
8,25,1,94,52
8,25,1,95,54
8,25,1,96,57
8,25,1,97,46
8,25,1,98,53
8,25,1,99,51
8,25,1,100,52
8,25,1,101,52
8,25,1,102,49
8,25,1,103,56
8,25,1,104,52
8,25,1,105,47
8,25,1,106,46
8,25,1,107,45
8,25,1,108,44
8,25,1,109,47
8,25,1,110,44
8,25,1,111,44
8,25,1,112,43
8,25,1,113,43
8,25,1,114,39
8,25,1,115,41
8,25,1,116,42
8,25,1,117,40
8,25,1,118,38
8,25,1,119,42
8,25,1,120,39
8,25,1,121,39
8,25,1,122,41
8,25,1,123,35
8,25,1,124,34
8,25,1,125,40
8,25,1,126,38
8,25,1,127,35
8,25,1,128,37
8,25,1,129,31
8,25,1,130,34
8,25,1,131,32
8,25,1,132,32
8,25,1,133,31
8,25,1,134,32
8,25,1,135,32
8,25,1,136,26
8,25,1,137,26
8,25,1,138,30
8,25,1,139,30
8,25,1,140,28
8,25,1,141,27
8,25,1,142,25
8,25,1,143,25
8,25,1,144,26
8,25,1,145,25
8,25,1,146,25
8,25,1,147,24
8,25,1,148,23
8,25,1,149,24
8,25,1,150,23
8,25,1,151,24
8,25,1,152,20
8,25,1,153,22
8,25,1,154,20
8,25,1,155,19
8,25,1,156,18
8,25,1,157,18
8,25,1,158,18
8,25,1,159,17
8,25,1,160,16
8,25,1,161,18
8,25,1,162,16
8,25,1,163,16
8,25,1,164,15
8,25,1,165,12
8,25,1,166,13
8,25,1,167,15
8,25,1,168,15
8,25,1,169,13
8,25,1,170,12
8,25,1,171,13
8,25,1,172,12
8,25,1,173,12
8,25,1,174,11
8,25,1,175,10
8,25,1,176,10
8,25,1,177,11
8,25,1,178,10
8,25,1,179,9
8,25,1,180,10
8,25,1,181,7
8,25,1,182,8
8,25,1,183,7
8,25,1,184,7
8,25,1,185,6
8,25,1,186,7
8,25,1,187,7
8,25,1,188,5
8,25,1,189,6
8,25,1,190,7
8,25,1,191,6
8,25,1,192,7
8,25,1,193,6
8,25,1,194,6
8,25,1,195,6
8,25,1,196,4
8,25,1,197,5
8,25,1,198,5
8,25,1,199,5
8,25,1,200,6
8,25,1,201,5
8,25,1,202,5
8,25,1,203,4
8,25,1,204,3
8,25,1,205,2
8,25,1,206,1
8,25,1,207,0
8,25,1,208,0
8,25,1,209,0
8,25,1,210,0
8,25,1,211,1
8,25,2,0,0
8,25,2,1,0
8,25,2,2,0
8,25,2,3,0
8,25,2,4,0
8,25,2,5,1
8,25,2,6,0
8,25,2,7,0
8,25,2,8,15
8,25,2,9,0
8,25,2,10,15
8,25,2,11,13
8,25,2,12,26
8,25,2,13,23
8,25,2,14,21
8,25,2,15,22
8,25,2,16,25
8,25,2,17,15
8,25,2,18,21
8,25,2,19,22
8,25,2,20,52
8,25,2,21,23
8,25,2,22,20
8,25,2,23,33
8,25,2,24,27
8,25,2,25,21
8,25,2,26,21
8,25,2,27,10
8,25,2,28,17
8,25,2,29,12
8,25,2,30,44
8,25,2,31,44
8,25,2,32,44
8,25,2,33,45
8,25,2,34,14
8,25,2,35,13
8,25,2,36,16
8,25,2,37,68
8,25,2,38,67
8,25,2,39,91
8,25,2,40,68
8,25,2,41,91
8,25,2,42,90
8,25,2,43,93
8,25,2,44,63
8,25,2,45,86
8,25,2,46,89
8,25,2,47,84
8,25,2,48,84
8,25,2,49,87
8,25,2,50,78
8,25,2,51,81
8,25,2,52,74
8,25,2,53,77
8,25,2,54,82
8,25,2,55,77
8,25,2,56,80
8,25,2,57,82
8,25,2,58,81
8,25,2,59,81
8,25,2,60,77
8,25,2,61,82
8,25,2,62,72
8,25,2,63,76
8,25,2,64,77
8,25,2,65,76
8,25,2,66,74
8,25,2,67,73
8,25,2,68,72
8,25,2,69,72
8,25,2,70,65
8,25,2,71,66
8,25,2,72,74
8,25,2,73,70
8,25,2,74,66
8,25,2,75,70
8,25,2,76,66
8,25,2,77,65
8,25,2,78,63
8,25,2,79,62
8,25,2,80,64
8,25,2,81,66
8,25,2,82,60
8,25,2,83,61
8,25,2,84,64
8,25,2,85,66
8,25,2,86,64
8,25,2,87,58
8,25,2,88,61
8,25,2,89,60
8,25,2,90,63
8,25,2,91,64
8,25,2,92,59
8,25,2,93,59
8,25,2,94,58
8,25,2,95,57
8,25,2,96,57
8,25,2,97,55
8,25,2,98,58
8,25,2,99,56
8,25,2,100,56
8,25,2,101,49
8,25,2,102,53
8,25,2,103,29
8,25,2,104,51
8,25,2,105,49
8,25,2,106,49
8,25,2,107,52
8,25,2,108,54
8,25,2,109,49
8,25,2,110,47
8,25,2,111,45
8,25,2,112,43
8,25,2,113,47
8,25,2,114,46
8,25,2,115,45
8,25,2,116,43
8,25,2,117,19
8,25,2,118,43
8,25,2,119,22
8,25,2,120,39
8,25,2,121,38
8,25,2,122,41
8,25,2,123,34
8,25,2,124,39
8,25,2,125,39
8,25,2,126,37
8,25,2,127,39
8,25,2,128,37
8,25,2,129,38
8,25,2,130,37
8,25,2,131,35
8,25,2,132,35
8,25,2,133,36
8,25,2,134,31
8,25,2,135,31
8,25,2,136,29
8,25,2,137,30
8,25,2,138,31
8,25,2,139,32
8,25,2,140,27
8,25,2,141,24
8,25,2,142,27
8,25,2,143,29
8,25,2,144,28
8,25,2,145,28
8,25,2,146,29
8,25,2,147,28
8,25,2,148,27
8,25,2,149,23
8,25,2,150,24
8,25,2,151,24
8,25,2,152,23
8,25,2,153,24
8,25,2,154,21
8,25,2,155,19
8,25,2,156,20
8,25,2,157,20
8,25,2,158,21
8,25,2,159,20
8,25,2,160,19
8,25,2,161,18
8,25,2,162,17
8,25,2,163,19
8,25,2,164,16
8,25,2,165,16
8,25,2,166,15
8,25,2,167,16
8,25,2,168,14
8,25,2,169,13
8,25,2,170,15
8,25,2,171,12
8,25,2,172,13
8,25,2,173,13
8,25,2,174,11
8,25,2,175,10
8,25,2,176,10
8,25,2,177,10
8,25,2,178,9
8,25,2,179,10
8,25,2,180,10
8,25,2,181,9
8,25,2,182,10
8,25,2,183,11
8,25,2,184,10
8,25,2,185,10
8,25,2,186,10
8,25,2,187,8
8,25,2,188,9
8,25,2,189,8
8,25,2,190,9
8,25,2,191,8
8,25,2,192,5
8,25,2,193,6
8,25,2,194,6
8,25,2,195,7
8,25,2,196,4
8,25,2,197,4
8,25,2,198,5
8,25,2,199,5
8,25,2,200,4
8,25,2,201,4
8,25,2,202,4
8,25,2,203,4
8,25,2,204,0
8,25,2,205,2
8,25,2,206,1
8,25,2,207,0
8,25,2,208,0
8,25,2,209,0
8,25,2,210,1
8,25,3,0,0
8,25,3,1,0
8,25,3,2,0
8,25,3,3,0
8,25,3,4,0
8,25,3,5,0
8,25,3,6,1
8,25,3,7,0
8,25,3,8,5
8,25,3,9,7
8,25,3,10,11
8,25,3,11,31
8,25,3,12,0
8,25,3,13,27
8,25,3,14,26
8,25,3,15,23
8,25,3,16,15
8,25,3,17,10
8,25,3,18,23
8,25,3,19,27
8,25,3,20,25
8,25,3,21,58
8,25,3,22,17
8,25,3,23,23
8,25,3,24,22
8,25,3,25,26
8,25,3,26,53
8,25,3,27,55
8,25,3,28,52
8,25,3,29,48
8,25,3,30,97
8,25,3,31,50
8,25,3,32,48
8,25,3,33,104
8,25,3,34,47
8,25,3,35,102
8,25,3,36,95
8,25,3,37,93
8,25,3,38,21
8,25,3,39,92
8,25,3,40,88
8,25,3,41,91
8,25,3,42,91
8,25,3,43,96
8,25,3,44,89
8,25,3,45,87
8,25,3,46,83
8,25,3,47,81
8,25,3,48,77
8,25,3,49,78
8,25,3,50,80
8,25,3,51,84
8,25,3,52,80
8,25,3,53,80
8,25,3,54,88
8,25,3,55,77
8,25,3,56,74
8,25,3,57,81
8,25,3,58,77
8,25,3,59,78
8,25,3,60,72
8,25,3,61,76
8,25,3,62,73
8,25,3,63,78
8,25,3,64,68
8,25,3,65,72
8,25,3,66,72
8,25,3,67,64
8,25,3,68,66
8,25,3,69,65
8,25,3,70,67
8,25,3,71,66
8,25,3,72,73
8,25,3,73,69
8,25,3,74,69
8,25,3,75,74
8,25,3,76,67
8,25,3,77,69
8,25,3,78,69
8,25,3,79,65
8,25,3,80,67
8,25,3,81,66
8,25,3,82,60
8,25,3,83,59
8,25,3,84,58
8,25,3,85,60
8,25,3,86,61
8,25,3,87,58
8,25,3,88,61
8,25,3,89,59
8,25,3,90,59
8,25,3,91,56
8,25,3,92,23
8,25,3,93,56
8,25,3,94,52
8,25,3,95,52
8,25,3,96,52
8,25,3,97,57
8,25,3,98,53
8,25,3,99,56
8,25,3,100,54
8,25,3,101,53
8,25,3,102,53
8,25,3,103,49
8,25,3,104,47
8,25,3,105,48
8,25,3,106,46
8,25,3,107,47
8,25,3,108,48
8,25,3,109,43
8,25,3,110,46
8,25,3,111,36
8,25,3,112,43
8,25,3,113,46
8,25,3,114,49
8,25,3,115,42
8,25,3,116,47
8,25,3,117,42
8,25,3,118,43
8,25,3,119,36
8,25,3,120,39
8,25,3,121,30
8,25,3,122,39
8,25,3,123,33
8,25,3,124,33
8,25,3,125,36
8,25,3,126,29
8,25,3,127,30
8,25,3,128,30
8,25,3,129,29
8,25,3,130,32
8,25,3,131,31
8,25,3,132,31
8,25,3,133,27
8,25,3,134,24
8,25,3,135,28
8,25,3,136,26
8,25,3,137,22
8,25,3,138,21
8,25,3,139,22
8,25,3,140,26
8,25,3,141,25
8,25,3,142,23
8,25,3,143,22
8,25,3,144,21
8,25,3,145,24
8,25,3,146,18
8,25,3,147,19
8,25,3,148,18
8,25,3,149,20
8,25,3,150,18
8,25,3,151,18
8,25,3,152,18
8,25,3,153,18
8,25,3,154,16
8,25,3,155,19
8,25,3,156,18
8,25,3,157,17
8,25,3,158,14
8,25,3,159,14
8,25,3,160,15
8,25,3,161,15
8,25,3,162,11
8,25,3,163,11
8,25,3,164,13
8,25,3,165,12
8,25,3,166,11
8,25,3,167,13
8,25,3,168,10
8,25,3,169,13
8,25,3,170,12
8,25,3,171,14
8,25,3,172,12
8,25,3,173,14
8,25,3,174,12
8,25,3,175,10
8,25,3,176,11
8,25,3,177,10
8,25,3,178,10
8,25,3,179,9
8,25,3,180,7
8,25,3,181,7
8,25,3,182,7
8,25,3,183,7
8,25,3,184,6
8,25,3,185,6
8,25,3,186,7
8,25,3,187,7
8,25,3,188,9
8,25,3,189,10
8,25,3,190,7
8,25,3,191,5
8,25,3,192,6
8,25,3,193,5
8,25,3,194,8
8,25,3,195,6
8,25,3,196,4
8,25,3,197,6
8,25,3,198,5
8,25,3,199,4
8,25,3,200,6
8,25,3,201,3
8,25,3,202,3
8,25,3,203,3
8,25,3,204,3
8,25,3,205,2
8,25,3,206,1
8,25,4,0,0
8,25,4,1,0
8,25,4,2,0
8,25,4,3,0
8,25,4,4,0
8,25,4,5,0
8,25,4,6,3
8,25,4,7,1
8,25,4,8,0
8,25,4,9,0
8,25,4,10,19
8,25,4,11,19
8,25,4,12,0
8,25,4,13,18
8,25,4,14,26
8,25,4,15,26
8,25,4,16,20
8,25,4,17,21
8,25,4,18,23
8,25,4,19,22
8,25,4,20,24
8,25,4,21,26
8,25,4,22,22
8,25,4,23,21
8,25,4,24,47
8,25,4,25,22
8,25,4,26,56
8,25,4,27,22
8,25,4,28,22
8,25,4,29,48
8,25,4,30,47
8,25,4,31,113
8,25,4,32,49
8,25,4,33,105
8,25,4,34,95
8,25,4,35,107
8,25,4,36,95
8,25,4,37,92
8,25,4,38,94
8,25,4,39,94
8,25,4,40,95
8,25,4,41,90
8,25,4,42,94
8,25,4,43,94
8,25,4,44,89
8,25,4,45,86
8,25,4,46,92
8,25,4,47,86
8,25,4,48,87
8,25,4,49,16
8,25,4,50,85
8,25,4,51,87
8,25,4,52,82
8,25,4,53,76
8,25,4,54,79
8,25,4,55,75
8,25,4,56,82
8,25,4,57,77
8,25,4,58,81
8,25,4,59,70
8,25,4,60,77
8,25,4,61,80
8,25,4,62,74
8,25,4,63,73
8,25,4,64,76
8,25,4,65,73
8,25,4,66,72
8,25,4,67,69
8,25,4,68,75
8,25,4,69,70
8,25,4,70,70
8,25,4,71,69
8,25,4,72,69
8,25,4,73,67
8,25,4,74,69
8,25,4,75,69
8,25,4,76,67
8,25,4,77,66
8,25,4,78,61
8,25,4,79,65
8,25,4,80,61
8,25,4,81,63
8,25,4,82,61
8,25,4,83,58
8,25,4,84,62
8,25,4,85,67
8,25,4,86,60
8,25,4,87,63
8,25,4,88,56
8,25,4,89,60
8,25,4,90,61
8,25,4,91,55
8,25,4,92,59
8,25,4,93,58
8,25,4,94,58
8,25,4,95,53
8,25,4,96,55
8,25,4,97,57
8,25,4,98,58
8,25,4,99,55
8,25,4,100,52
8,25,4,101,52
8,25,4,102,55
8,25,4,103,50
8,25,4,104,52
8,25,4,105,51
8,25,4,106,49
8,25,4,107,41
8,25,4,108,44
8,25,4,109,44
8,25,4,110,47
8,25,4,111,47
8,25,4,112,45
8,25,4,113,42
8,25,4,114,42
8,25,4,115,37
8,25,4,116,41
8,25,4,117,38
8,25,4,118,35
8,25,4,119,36
8,25,4,120,35
8,25,4,121,36
8,25,4,122,36
8,25,4,123,35
8,25,4,124,37
8,25,4,125,33
8,25,4,126,33
8,25,4,127,36
8,25,4,128,34
8,25,4,129,32
8,25,4,130,33
8,25,4,131,30
8,25,4,132,30
8,25,4,133,29
8,25,4,134,29
8,25,4,135,28
8,25,4,136,27
8,25,4,137,27
8,25,4,138,25
8,25,4,139,27
8,25,4,140,26
8,25,4,141,25
8,25,4,142,25
8,25,4,143,23
8,25,4,144,26
8,25,4,145,23
8,25,4,146,22
8,25,4,147,19
8,25,4,148,22
8,25,4,149,20
8,25,4,150,21
8,25,4,151,20
8,25,4,152,19
8,25,4,153,19
8,25,4,154,21
8,25,4,155,16
8,25,4,156,16
8,25,4,157,14
8,25,4,158,13
8,25,4,159,14
8,25,4,160,14
8,25,4,161,13
8,25,4,162,9
8,25,4,163,13
8,25,4,164,14
8,25,4,165,14
8,25,4,166,14
8,25,4,167,14
8,25,4,168,10
8,25,4,169,12
8,25,4,170,11
8,25,4,171,13
8,25,4,172,10
8,25,4,173,9
8,25,4,174,11
8,25,4,175,11
8,25,4,176,9
8,25,4,177,10
8,25,4,178,9
8,25,4,179,9
8,25,4,180,10
8,25,4,181,11
8,25,4,182,6
8,25,4,183,9
8,25,4,184,9
8,25,4,185,11
8,25,4,186,10
8,25,4,187,10
8,25,4,188,7
8,25,4,189,6
8,25,4,190,9
8,25,4,191,7
8,25,4,192,7
8,25,4,193,7
8,25,4,194,8
8,25,4,195,7
8,25,4,196,6
8,25,4,197,4
8,25,4,198,6
8,25,4,199,5
8,25,4,200,4
8,25,4,201,6
8,25,4,202,6
8,25,4,203,4
8,25,4,204,3
8,25,4,205,3
8,25,4,206,1
8,25,4,207,0
8,25,4,208,0
8,25,4,209,0
8,25,4,210,0
8,25,4,211,0
8,25,4,212,1
8,25,4,213,1
8,25,5,0,0
8,25,5,1,0
8,25,5,2,0
8,25,5,3,0
8,25,5,4,0
8,25,5,5,0
8,25,5,6,0
8,25,5,7,0
8,25,5,8,0
8,25,5,9,4
8,25,5,10,3
8,25,5,11,19
8,25,5,12,0
8,25,5,13,10
8,25,5,14,29
8,25,5,15,26
8,25,5,16,24
8,25,5,17,30
8,25,5,18,29
8,25,5,19,15
8,25,5,20,13
8,25,5,21,13
8,25,5,22,22
8,25,5,23,25
8,25,5,24,24
8,25,5,25,89
8,25,5,26,88
8,25,5,27,82
8,25,5,28,16
8,25,5,29,56
8,25,5,30,83
8,25,5,31,58
8,25,5,32,104
8,25,5,33,75
8,25,5,34,22
8,25,5,35,79
8,25,5,36,81
8,25,5,37,76
8,25,5,38,19
8,25,5,39,89
8,25,5,40,96
8,25,5,41,97
8,25,5,42,91
8,25,5,43,91
8,25,5,44,86
8,25,5,45,83
8,25,5,46,83
8,25,5,47,42
8,25,5,48,85
8,25,5,49,82
8,25,5,50,85
8,25,5,51,79
8,25,5,52,79
8,25,5,53,78
8,25,5,54,81
8,25,5,55,39
8,25,5,56,82
8,25,5,57,74
8,25,5,58,74
8,25,5,59,80
8,25,5,60,74
8,25,5,61,73
8,25,5,62,76
8,25,5,63,73
8,25,5,64,71
8,25,5,65,69
8,25,5,66,70
8,25,5,67,69
8,25,5,68,73
8,25,5,69,72
8,25,5,70,66
8,25,5,71,75
8,25,5,72,70
8,25,5,73,69
8,25,5,74,65
8,25,5,75,68
8,25,5,76,67
8,25,5,77,67
8,25,5,78,69
8,25,5,79,66
8,25,5,80,63
8,25,5,81,64
8,25,5,82,65
8,25,5,83,63
8,25,5,84,63
8,25,5,85,57
8,25,5,86,58
8,25,5,87,56
8,25,5,88,59
8,25,5,89,50
8,25,5,90,57
8,25,5,91,39
8,25,5,92,53
8,25,5,93,58
8,25,5,94,55
8,25,5,95,60
8,25,5,96,57
8,25,5,97,56
8,25,5,98,53
8,25,5,99,57
8,25,5,100,52
8,25,5,101,49
8,25,5,102,51
8,25,5,103,47
8,25,5,104,49
8,25,5,105,47
8,25,5,106,50
8,25,5,107,50
8,25,5,108,45
8,25,5,109,49
8,25,5,110,41
8,25,5,111,42
8,25,5,112,47
8,25,5,113,43
8,25,5,114,45
8,25,5,115,42
8,25,5,116,43
8,25,5,117,40
8,25,5,118,36
8,25,5,119,40
8,25,5,120,32
8,25,5,121,38
8,25,5,122,39
8,25,5,123,33
8,25,5,124,33
8,25,5,125,29
8,25,5,126,29
8,25,5,127,31
8,25,5,128,36
8,25,5,129,33
8,25,5,130,36
8,25,5,131,25
8,25,5,132,33
8,25,5,133,30
8,25,5,134,30
8,25,5,135,30
8,25,5,136,26
8,25,5,137,30
8,25,5,138,28
8,25,5,139,21
8,25,5,140,24
8,25,5,141,23
8,25,5,142,21
8,25,5,143,20
8,25,5,144,23
8,25,5,145,21
8,25,5,146,22
8,25,5,147,22
8,25,5,148,19
8,25,5,149,20
8,25,5,150,19
8,25,5,151,19
8,25,5,152,20
8,25,5,153,16
8,25,5,154,15
8,25,5,155,18
8,25,5,156,20
8,25,5,157,16
8,25,5,158,17
8,25,5,159,15
8,25,5,160,17
8,25,5,161,18
8,25,5,162,15
8,25,5,163,15
8,25,5,164,15
8,25,5,165,12
8,25,5,166,13
8,25,5,167,12
8,25,5,168,15
8,25,5,169,14
8,25,5,170,15
8,25,5,171,14
8,25,5,172,12
8,25,5,173,11
8,25,5,174,8
8,25,5,175,11
8,25,5,176,11
8,25,5,177,9
8,25,5,178,11
8,25,5,179,10
8,25,5,180,8
8,25,5,181,9
8,25,5,182,10
8,25,5,183,9
8,25,5,184,8
8,25,5,185,8
8,25,5,186,9
8,25,5,187,10
8,25,5,188,9
8,25,5,189,9
8,25,5,190,10
8,25,5,191,7
8,25,5,192,6
8,25,5,193,7
8,25,5,194,7
8,25,5,195,5
8,25,5,196,5
8,25,5,197,6
8,25,5,198,5
8,25,5,199,6
8,25,5,200,6
8,25,5,201,5
8,25,5,202,5
8,25,5,203,5
8,25,5,204,4
8,25,5,205,4
8,25,5,206,3
8,25,5,207,1
8,25,5,208,0
8,25,5,209,0
8,25,5,210,0
8,25,5,211,0
8,25,5,212,0
8,25,5,213,0
8,25,5,214,1
8,25,6,0,0
8,25,6,1,0
8,25,6,2,0
8,25,6,3,0
8,25,6,4,0
8,25,6,5,2
8,25,6,6,1
8,25,6,7,0
8,25,6,8,1
8,25,6,9,0
8,25,6,10,1
8,25,6,11,0
8,25,6,12,12
8,25,6,13,11
8,25,6,14,28
8,25,6,15,0
8,25,6,16,10
8,25,6,17,22
8,25,6,18,0
8,25,6,19,57
8,25,6,20,57
8,25,6,21,30
8,25,6,22,28
8,25,6,23,19
8,25,6,24,55
8,25,6,25,84
8,25,6,26,22
8,25,6,27,21
8,25,6,28,26
8,25,6,29,108
8,25,6,30,50
8,25,6,31,112
8,25,6,32,50
8,25,6,33,106
8,25,6,34,78
8,25,6,35,96
8,25,6,36,97
8,25,6,37,101
8,25,6,38,93
8,25,6,39,65
8,25,6,40,92
8,25,6,41,61
8,25,6,42,90
8,25,6,43,90
8,25,6,44,85
8,25,6,45,86
8,25,6,46,86
8,25,6,47,90
8,25,6,48,86
8,25,6,49,81
8,25,6,50,84
8,25,6,51,84
8,25,6,52,80
8,25,6,53,80
8,25,6,54,78
8,25,6,55,88
8,25,6,56,83
8,25,6,57,82
8,25,6,58,79
8,25,6,59,78
8,25,6,60,75
8,25,6,61,77
8,25,6,62,75
8,25,6,63,72
8,25,6,64,76
8,25,6,65,73
8,25,6,66,80
8,25,6,67,78
8,25,6,68,70
8,25,6,69,76
8,25,6,70,69
8,25,6,71,71
8,25,6,72,66
8,25,6,73,71
8,25,6,74,71
8,25,6,75,68
8,25,6,76,69
8,25,6,77,66
8,25,6,78,67
8,25,6,79,66
8,25,6,80,65
8,25,6,81,62
8,25,6,82,64
8,25,6,83,58
8,25,6,84,59
8,25,6,85,61
8,25,6,86,63
8,25,6,87,59
8,25,6,88,60
8,25,6,89,61
8,25,6,90,58
8,25,6,91,57
8,25,6,92,54
8,25,6,93,52
8,25,6,94,51
8,25,6,95,50
8,25,6,96,50
8,25,6,97,50
8,25,6,98,50
8,25,6,99,58
8,25,6,100,53
8,25,6,101,51
8,25,6,102,50
8,25,6,103,49
8,25,6,104,45
8,25,6,105,46
8,25,6,106,48
8,25,6,107,43
8,25,6,108,49
8,25,6,109,46
8,25,6,110,48
8,25,6,111,46
8,25,6,112,44
8,25,6,113,40
8,25,6,114,46
8,25,6,115,46
8,25,6,116,41
8,25,6,117,42
8,25,6,118,21
8,25,6,119,40
8,25,6,120,39
8,25,6,121,38
8,25,6,122,40
8,25,6,123,40
8,25,6,124,39
8,25,6,125,39
8,25,6,126,37
8,25,6,127,33
8,25,6,128,34
8,25,6,129,35
8,25,6,130,34
8,25,6,131,29
8,25,6,132,34
8,25,6,133,35
8,25,6,134,32
8,25,6,135,29
8,25,6,136,28
8,25,6,137,30
8,25,6,138,26
8,25,6,139,27
8,25,6,140,21
8,25,6,141,23
8,25,6,142,25
8,25,6,143,25
8,25,6,144,27
8,25,6,145,26
8,25,6,146,25
8,25,6,147,23
8,25,6,148,22
8,25,6,149,21
8,25,6,150,23
8,25,6,151,24
8,25,6,152,19
8,25,6,153,17
8,25,6,154,20
8,25,6,155,20
8,25,6,156,20
8,25,6,157,18
8,25,6,158,19
8,25,6,159,18
8,25,6,160,16
8,25,6,161,16
8,25,6,162,15
8,25,6,163,14
8,25,6,164,13
8,25,6,165,13
8,25,6,166,16
8,25,6,167,15
8,25,6,168,12
8,25,6,169,14
8,25,6,170,14
8,25,6,171,12
8,25,6,172,13
8,25,6,173,12
8,25,6,174,10
8,25,6,175,10
8,25,6,176,10
8,25,6,177,11
8,25,6,178,11
8,25,6,179,9
8,25,6,180,10
8,25,6,181,11
8,25,6,182,12
8,25,6,183,11
8,25,6,184,11
8,25,6,185,10
8,25,6,186,10
8,25,6,187,8
8,25,6,188,9
8,25,6,189,8
8,25,6,190,7
8,25,6,191,8
8,25,6,192,8
8,25,6,193,6
8,25,6,194,7
8,25,6,195,7
8,25,6,196,6
8,25,6,197,5
8,25,6,198,7
8,25,6,199,4
8,25,6,200,5
8,25,6,201,6
8,25,6,202,5
8,25,6,203,4
8,25,6,204,4
8,25,6,205,2
8,25,6,206,3
8,25,6,207,2
8,25,6,208,1
8,25,7,0,0
8,25,7,1,0
8,25,7,2,0
8,25,7,3,0
8,25,7,4,0
8,25,7,5,0
8,25,7,6,2
8,25,7,7,1
8,25,7,8,1
8,25,7,9,0
8,25,7,10,0
8,25,7,11,28
8,25,7,12,15
8,25,7,13,13
8,25,7,14,27
8,25,7,15,28
8,25,7,16,26
8,25,7,17,57
8,25,7,18,24
8,25,7,19,21
8,25,7,20,20
8,25,7,21,22
8,25,7,22,15
8,25,7,23,20
8,25,7,24,21
8,25,7,25,23
8,25,7,26,20
8,25,7,27,91
8,25,7,28,77
8,25,7,29,29
8,25,7,30,31
8,25,7,31,28
8,25,7,32,27
8,25,7,33,76
8,25,7,34,101
8,25,7,35,79
8,25,7,36,75
8,25,7,37,72
8,25,7,38,16
8,25,7,39,18
8,25,7,40,68
8,25,7,41,97
8,25,7,42,92
8,25,7,43,63
8,25,7,44,89
8,25,7,45,91
8,25,7,46,91
8,25,7,47,46
8,25,7,48,92
8,25,7,49,83
8,25,7,50,82
8,25,7,51,85
8,25,7,52,42
8,25,7,53,73
8,25,7,54,43
8,25,7,55,82
8,25,7,56,79
8,25,7,57,76
8,25,7,58,79
8,25,7,59,56
8,25,7,60,83
8,25,7,61,78
8,25,7,62,76
8,25,7,63,79
8,25,7,64,76
8,25,7,65,76
8,25,7,66,78
8,25,7,67,75
8,25,7,68,71
8,25,7,69,70
8,25,7,70,69
8,25,7,71,70
8,25,7,72,68
8,25,7,73,69
8,25,7,74,68
8,25,7,75,63
8,25,7,76,67
8,25,7,77,66
8,25,7,78,70
8,25,7,79,67
8,25,7,80,70
8,25,7,81,69
8,25,7,82,65
8,25,7,83,64
8,25,7,84,66
8,25,7,85,58
8,25,7,86,59
8,25,7,87,65
8,25,7,88,65
8,25,7,89,57
8,25,7,90,55
8,25,7,91,45
8,25,7,92,57
8,25,7,93,39
8,25,7,94,57
8,25,7,95,56
8,25,7,96,54
8,25,7,97,58
8,25,7,98,55
8,25,7,99,53
8,25,7,100,55
8,25,7,101,56
8,25,7,102,53
8,25,7,103,50
8,25,7,104,56
8,25,7,105,52
8,25,7,106,49
8,25,7,107,45
8,25,7,108,45
8,25,7,109,30
8,25,7,110,49
8,25,7,111,48
8,25,7,112,45
8,25,7,113,48
8,25,7,114,46
8,25,7,115,43
8,25,7,116,28
8,25,7,117,39
8,25,7,118,41
8,25,7,119,34
8,25,7,120,37
8,25,7,121,41
8,25,7,122,36
8,25,7,123,34
8,25,7,124,37
8,25,7,125,36
8,25,7,126,34
8,25,7,127,36
8,25,7,128,34
8,25,7,129,36
8,25,7,130,34
8,25,7,131,33
8,25,7,132,32
8,25,7,133,31
8,25,7,134,20
8,25,7,135,29
8,25,7,136,26
8,25,7,137,28
8,25,7,138,26
8,25,7,139,23
8,25,7,140,21
8,25,7,141,22
8,25,7,142,22
8,25,7,143,22
8,25,7,144,22
8,25,7,145,20
8,25,7,146,23
8,25,7,147,23
8,25,7,148,22
8,25,7,149,21
8,25,7,150,20
8,25,7,151,19
8,25,7,152,19
8,25,7,153,18
8,25,7,154,19
8,25,7,155,18
8,25,7,156,17
8,25,7,157,15
8,25,7,158,15
8,25,7,159,17
8,25,7,160,15
8,25,7,161,15
8,25,7,162,15
8,25,7,163,13
8,25,7,164,15
8,25,7,165,15
8,25,7,166,16
8,25,7,167,16
8,25,7,168,15
8,25,7,169,14
8,25,7,170,14
8,25,7,171,14
8,25,7,172,12
8,25,7,173,11
8,25,7,174,11
8,25,7,175,11
8,25,7,176,12
8,25,7,177,12
8,25,7,178,13
8,25,7,179,12
8,25,7,180,12
8,25,7,181,10
8,25,7,182,10
8,25,7,183,9
8,25,7,184,9
8,25,7,185,11
8,25,7,186,8
8,25,7,187,8
8,25,7,188,8
8,25,7,189,7
8,25,7,190,8
8,25,7,191,6
8,25,7,192,6
8,25,7,193,4
8,25,7,194,5
8,25,7,195,5
8,25,7,196,5
8,25,7,197,5
8,25,7,198,6
8,25,7,199,5
8,25,7,200,5
8,25,7,201,5
8,25,7,202,5
8,25,7,203,3
8,25,7,204,4
8,25,7,205,3
8,25,7,206,2
8,25,7,207,1
8,25,8,0,0
8,25,8,1,0
8,25,8,2,0
8,25,8,3,0
8,25,8,4,0
8,25,8,5,0
8,25,8,6,0
8,25,8,7,0
8,25,8,8,19
8,25,8,9,5
8,25,8,10,17
8,25,8,11,5
8,25,8,12,18
8,25,8,13,19
8,25,8,14,15
8,25,8,15,30
8,25,8,16,27
8,25,8,17,16
8,25,8,18,24
8,25,8,19,23
8,25,8,20,24
8,25,8,21,63
8,25,8,22,25
8,25,8,23,24
8,25,8,24,22
8,25,8,25,46
8,25,8,26,25
8,25,8,27,51
8,25,8,28,21
8,25,8,29,49
8,25,8,30,77
8,25,8,31,52
8,25,8,32,52
8,25,8,33,50
8,25,8,34,50
8,25,8,35,108
8,25,8,36,101
8,25,8,37,93
8,25,8,38,91
8,25,8,39,90
8,25,8,40,95
8,25,8,41,98
8,25,8,42,97
8,25,8,43,93
8,25,8,44,87
8,25,8,45,71
8,25,8,46,93
8,25,8,47,90
8,25,8,48,88
8,25,8,49,82
8,25,8,50,85
8,25,8,51,88
8,25,8,52,79
8,25,8,53,78
8,25,8,54,80
8,25,8,55,80
8,25,8,56,74
8,25,8,57,75
8,25,8,58,74
8,25,8,59,74
8,25,8,60,70
8,25,8,61,70
8,25,8,62,73
8,25,8,63,71
8,25,8,64,71
8,25,8,65,75
8,25,8,66,71
8,25,8,67,65
8,25,8,68,70
8,25,8,69,74
8,25,8,70,71
8,25,8,71,71
8,25,8,72,69
8,25,8,73,69
8,25,8,74,66
8,25,8,75,66
8,25,8,76,64
8,25,8,77,67
8,25,8,78,66
8,25,8,79,64
8,25,8,80,64
8,25,8,81,62
8,25,8,82,63
8,25,8,83,62
8,25,8,84,58
8,25,8,85,55
8,25,8,86,58
8,25,8,87,54
8,25,8,88,58
8,25,8,89,59
8,25,8,90,56
8,25,8,91,56
8,25,8,92,59
8,25,8,93,55
8,25,8,94,55
8,25,8,95,54
8,25,8,96,51
8,25,8,97,50
8,25,8,98,50
8,25,8,99,46
8,25,8,100,47
8,25,8,101,48
8,25,8,102,50
8,25,8,103,49
8,25,8,104,48
8,25,8,105,50
8,25,8,106,47
8,25,8,107,44
8,25,8,108,47
8,25,8,109,44
8,25,8,110,41
8,25,8,111,37
8,25,8,112,40
8,25,8,113,38
8,25,8,114,40
8,25,8,115,41
8,25,8,116,37
8,25,8,117,41
8,25,8,118,39
8,25,8,119,37
8,25,8,120,35
8,25,8,121,29
8,25,8,122,35
8,25,8,123,34
8,25,8,124,31
8,25,8,125,28
8,25,8,126,32
8,25,8,127,27
8,25,8,128,33
8,25,8,129,30
8,25,8,130,29
8,25,8,131,22
8,25,8,132,21
8,25,8,133,27
8,25,8,134,25
8,25,8,135,20
8,25,8,136,27
8,25,8,137,22
8,25,8,138,21
8,25,8,139,21
8,25,8,140,25
8,25,8,141,21
8,25,8,142,23
8,25,8,143,20
8,25,8,144,20
8,25,8,145,20
8,25,8,146,14
8,25,8,147,22
8,25,8,148,20
8,25,8,149,17
8,25,8,150,16
8,25,8,151,15
8,25,8,152,18
8,25,8,153,17
8,25,8,154,19
8,25,8,155,16
8,25,8,156,18
8,25,8,157,18
8,25,8,158,16
8,25,8,159,16
8,25,8,160,15
8,25,8,161,13
8,25,8,162,12
8,25,8,163,13
8,25,8,164,12
8,25,8,165,14
8,25,8,166,14
8,25,8,167,11
8,25,8,168,12
8,25,8,169,13
8,25,8,170,11
8,25,8,171,12
8,25,8,172,11
8,25,8,173,11
8,25,8,174,10
8,25,8,175,7
8,25,8,176,7
8,25,8,177,8
8,25,8,178,9
8,25,8,179,7
8,25,8,180,8
8,25,8,181,8
8,25,8,182,8
8,25,8,183,8
8,25,8,184,7
8,25,8,185,7
8,25,8,186,7
8,25,8,187,7
8,25,8,188,8
8,25,8,189,7
8,25,8,190,6
8,25,8,191,5
8,25,8,192,6
8,25,8,193,6
8,25,8,194,6
8,25,8,195,5
8,25,8,196,6
8,25,8,197,5
8,25,8,198,6
8,25,8,199,5
8,25,8,200,4
8,25,8,201,5
8,25,8,202,3
8,25,8,203,4
8,25,8,204,2
8,25,8,205,2
8,25,8,206,0
8,25,8,207,0
8,25,8,208,0
8,25,8,209,0
8,25,8,210,1
8,25,9,0,0
8,25,9,1,0
8,25,9,2,0
8,25,9,3,0
8,25,9,4,0
8,25,9,5,0
8,25,9,6,5
8,25,9,7,4
8,25,9,8,16
8,25,9,9,15
8,25,9,10,12
8,25,9,11,15
8,25,9,12,4
8,25,9,13,3
8,25,9,14,1
8,25,9,15,0
8,25,9,16,15
8,25,9,17,3
8,25,9,18,0
8,25,9,19,22
8,25,9,20,24
8,25,9,21,22
8,25,9,22,25
8,25,9,23,25
8,25,9,24,22
8,25,9,25,24
8,25,9,26,22
8,25,9,27,21
8,25,9,28,19
8,25,9,29,18
8,25,9,30,110
8,25,9,31,18
8,25,9,32,18
8,25,9,33,17
8,25,9,34,15
8,25,9,35,13
8,25,9,36,13
8,25,9,37,17
8,25,9,38,92
8,25,9,39,92
8,25,9,40,19
8,25,9,41,69
8,25,9,42,66
8,25,9,43,71
8,25,9,44,11
8,25,9,45,83
8,25,9,46,70
8,25,9,47,66
8,25,9,48,68
8,25,9,49,82
8,25,9,50,85
8,25,9,51,85
8,25,9,52,14
8,25,9,53,82
8,25,9,54,12
8,25,9,55,62
8,25,9,56,78
8,25,9,57,77
8,25,9,58,76
8,25,9,59,74
8,25,9,60,77
8,25,9,61,75
8,25,9,62,77
8,25,9,63,75
8,25,9,64,72
8,25,9,65,73
8,25,9,66,76
8,25,9,67,74
8,25,9,68,74
8,25,9,69,70
8,25,9,70,69
8,25,9,71,69
8,25,9,72,73
8,25,9,73,70
8,25,9,74,66
8,25,9,75,65
8,25,9,76,65
8,25,9,77,69
8,25,9,78,59
8,25,9,79,66
8,25,9,80,62
8,25,9,81,61
8,25,9,82,55
8,25,9,83,62
8,25,9,84,62
8,25,9,85,58
8,25,9,86,59
8,25,9,87,30
8,25,9,88,61
8,25,9,89,56
8,25,9,90,60
8,25,9,91,55
8,25,9,92,51
8,25,9,93,49
8,25,9,94,59
8,25,9,95,49
8,25,9,96,52
8,25,9,97,46
8,25,9,98,53
8,25,9,99,48
8,25,9,100,54
8,25,9,101,48
8,25,9,102,47
8,25,9,103,51
8,25,9,104,51
8,25,9,105,47
8,25,9,106,50
8,25,9,107,45
8,25,9,108,50
8,25,9,109,45
8,25,9,110,47
8,25,9,111,45
8,25,9,112,45
8,25,9,113,45
8,25,9,114,46
8,25,9,115,44
8,25,9,116,42
8,25,9,117,35
8,25,9,118,40
8,25,9,119,41
8,25,9,120,41
8,25,9,121,39
8,25,9,122,38
8,25,9,123,37
8,25,9,124,37
8,25,9,125,38
8,25,9,126,33
8,25,9,127,34
8,25,9,128,32
8,25,9,129,29
8,25,9,130,29
8,25,9,131,29
8,25,9,132,31
8,25,9,133,28
8,25,9,134,28
8,25,9,135,30
8,25,9,136,30
8,25,9,137,31
8,25,9,138,29
8,25,9,139,30
8,25,9,140,30
8,25,9,141,27
8,25,9,142,27
8,25,9,143,25
8,25,9,144,26
8,25,9,145,25
8,25,9,146,23
8,25,9,147,22
8,25,9,148,25
8,25,9,149,24
8,25,9,150,21
8,25,9,151,21
8,25,9,152,19
8,25,9,153,17
8,25,9,154,20
8,25,9,155,19
8,25,9,156,19
8,25,9,157,18
8,25,9,158,16
8,25,9,159,16
8,25,9,160,16
8,25,9,161,14
8,25,9,162,13
8,25,9,163,14
8,25,9,164,12
8,25,9,165,15
8,25,9,166,14
8,25,9,167,15
8,25,9,168,12
8,25,9,169,13
8,25,9,170,14
8,25,9,171,13
8,25,9,172,11
8,25,9,173,12
8,25,9,174,10
8,25,9,175,10
8,25,9,176,10
8,25,9,177,11
8,25,9,178,11
8,25,9,179,8
8,25,9,180,8
8,25,9,181,9
8,25,9,182,9
8,25,9,183,7
8,25,9,184,11
8,25,9,185,10
8,25,9,186,9
8,25,9,187,9
8,25,9,188,8
8,25,9,189,8
8,25,9,190,4
8,25,9,191,7
8,25,9,192,5
8,25,9,193,4
8,25,9,194,6
8,25,9,195,7
8,25,9,196,5
8,25,9,197,7
8,25,9,198,6
8,25,9,199,7
8,25,9,200,6
8,25,9,201,6
8,25,9,202,4
8,25,9,203,1
8,25,9,204,0
8,25,9,205,2
8,25,9,206,2
8,25,9,207,1
8,25,10,0,0
8,25,10,1,0
8,25,10,2,0
8,25,10,3,0
8,25,10,4,0
8,25,10,5,0
8,25,10,6,0
8,25,10,7,3
8,25,10,8,4
8,25,10,9,4
8,25,10,10,3
8,25,10,11,4
8,25,10,12,0
8,25,10,13,4
8,25,10,14,2
8,25,10,15,26
8,25,10,16,26
8,25,10,17,21
8,25,10,18,24
8,25,10,19,24
8,25,10,20,19
8,25,10,21,20
8,25,10,22,20
8,25,10,23,18
8,25,10,24,20
8,25,10,25,50
8,25,10,26,23
8,25,10,27,21
8,25,10,28,17
8,25,10,29,15
8,25,10,30,56
8,25,10,31,17
8,25,10,32,56
8,25,10,33,102
8,25,10,34,81
8,25,10,35,48
8,25,10,36,96
8,25,10,37,15
8,25,10,38,92
8,25,10,39,15
8,25,10,40,43
8,25,10,41,89
8,25,10,42,84
8,25,10,43,90
8,25,10,44,86
8,25,10,45,84
8,25,10,46,90
8,25,10,47,83
8,25,10,48,83
8,25,10,49,81
8,25,10,50,80
8,25,10,51,83
8,25,10,52,86
8,25,10,53,78
8,25,10,54,79
8,25,10,55,77
8,25,10,56,20
8,25,10,57,81
8,25,10,58,67
8,25,10,59,80
8,25,10,60,76
8,25,10,61,79
8,25,10,62,77
8,25,10,63,72
8,25,10,64,73
8,25,10,65,72
8,25,10,66,76
8,25,10,67,70
8,25,10,68,75
8,25,10,69,70
8,25,10,70,66
8,25,10,71,69
8,25,10,72,67
8,25,10,73,69
8,25,10,74,62
8,25,10,75,67
8,25,10,76,68
8,25,10,77,62
8,25,10,78,63
8,25,10,79,57
8,25,10,80,59
8,25,10,81,60
8,25,10,82,60
8,25,10,83,62
8,25,10,84,64
8,25,10,85,58
8,25,10,86,60
8,25,10,87,61
8,25,10,88,62
8,25,10,89,61
8,25,10,90,60
8,25,10,91,54
8,25,10,92,55
8,25,10,93,56
8,25,10,94,58
8,25,10,95,54
8,25,10,96,53
8,25,10,97,55
8,25,10,98,56
8,25,10,99,56
8,25,10,100,53
8,25,10,101,52
8,25,10,102,53
8,25,10,103,51
8,25,10,104,48
8,25,10,105,46
8,25,10,106,44
8,25,10,107,48
8,25,10,108,51
8,25,10,109,48
8,25,10,110,47
8,25,10,111,46
8,25,10,112,50
8,25,10,113,47
8,25,10,114,38
8,25,10,115,46
8,25,10,116,40
8,25,10,117,41
8,25,10,118,40
8,25,10,119,39
8,25,10,120,40
8,25,10,121,41
8,25,10,122,38
8,25,10,123,37
8,25,10,124,39
8,25,10,125,38
8,25,10,126,36
8,25,10,127,32
8,25,10,128,35
8,25,10,129,33
8,25,10,130,35
8,25,10,131,29
8,25,10,132,27
8,25,10,133,31
8,25,10,134,32
8,25,10,135,32
8,25,10,136,26
8,25,10,137,27
8,25,10,138,25
8,25,10,139,27
8,25,10,140,25
8,25,10,141,25
8,25,10,142,25
8,25,10,143,23
8,25,10,144,23
8,25,10,145,25
8,25,10,146,19
8,25,10,147,22
8,25,10,148,21
8,25,10,149,21
8,25,10,150,18
8,25,10,151,20
8,25,10,152,21
8,25,10,153,22
8,25,10,154,20
8,25,10,155,18
8,25,10,156,17
8,25,10,157,16
8,25,10,158,17
8,25,10,159,15
8,25,10,160,16
8,25,10,161,16
8,25,10,162,16
8,25,10,163,16
8,25,10,164,14
8,25,10,165,16
8,25,10,166,15
8,25,10,167,16
8,25,10,168,14
8,25,10,169,14
8,25,10,170,13
8,25,10,171,11
8,25,10,172,10
8,25,10,173,11
8,25,10,174,9
8,25,10,175,11
8,25,10,176,10
8,25,10,177,10
8,25,10,178,11
8,25,10,179,11
8,25,10,180,12
8,25,10,181,9
8,25,10,182,8
8,25,10,183,9
8,25,10,184,10
8,25,10,185,10
8,25,10,186,10
8,25,10,187,8
8,25,10,188,7
8,25,10,189,7
8,25,10,190,7
8,25,10,191,7
8,25,10,192,5
8,25,10,193,6
8,25,10,194,7
8,25,10,195,7
8,25,10,196,6
8,25,10,197,5
8,25,10,198,4
8,25,10,199,5
8,25,10,200,5
8,25,10,201,5
8,25,10,202,5
8,25,10,203,3
8,25,10,204,4
8,25,10,205,2
8,25,10,206,1
8,25,10,207,0
8,25,10,208,1
8,25,11,0,0
8,25,11,1,0
8,25,11,2,0
8,25,11,3,0
8,25,11,4,0
8,25,11,5,0
8,25,11,6,1
8,25,11,7,0
8,25,11,8,19
8,25,11,9,17
8,25,11,10,17
8,25,11,11,15
8,25,11,12,17
8,25,11,13,14
8,25,11,14,16
8,25,11,15,13
8,25,11,16,4
8,25,11,17,26
8,25,11,18,14
8,25,11,19,23
8,25,11,20,22
8,25,11,21,22
8,25,11,22,28
8,25,11,23,27
8,25,11,24,24
8,25,11,25,20
8,25,11,26,15
8,25,11,27,12
8,25,11,28,21
8,25,11,29,16
8,25,11,30,110
8,25,11,31,16
8,25,11,32,49
8,25,11,33,112
8,25,11,34,80
8,25,11,35,107
8,25,11,36,20
8,25,11,37,103
8,25,11,38,20
8,25,11,39,97
8,25,11,40,89
8,25,11,41,88
8,25,11,42,12
8,25,11,43,85
8,25,11,44,10
8,25,11,45,86
8,25,11,46,82
8,25,11,47,85
8,25,11,48,13
8,25,11,49,80
8,25,11,50,17
8,25,11,51,82
8,25,11,52,87
8,25,11,53,84
8,25,11,54,78
8,25,11,55,74
8,25,11,56,80
8,25,11,57,80
8,25,11,58,82
8,25,11,59,84
8,25,11,60,79
8,25,11,61,86
8,25,11,62,81
8,25,11,63,77
8,25,11,64,76
8,25,11,65,66
8,25,11,66,66
8,25,11,67,61
8,25,11,68,76
8,25,11,69,74
8,25,11,70,73
8,25,11,71,73
8,25,11,72,70
8,25,11,73,66
8,25,11,74,66
8,25,11,75,70
8,25,11,76,70
8,25,11,77,67
8,25,11,78,64
8,25,11,79,68
8,25,11,80,66
8,25,11,81,67
8,25,11,82,66
8,25,11,83,59
8,25,11,84,60
8,25,11,85,60
8,25,11,86,56
8,25,11,87,56
8,25,11,88,58
8,25,11,89,61
8,25,11,90,62
8,25,11,91,62
8,25,11,92,58
8,25,11,93,56
8,25,11,94,56
8,25,11,95,55
8,25,11,96,57
8,25,11,97,56
8,25,11,98,56
8,25,11,99,55
8,25,11,100,47
8,25,11,101,53
8,25,11,102,47
8,25,11,103,50
8,25,11,104,41
8,25,11,105,47
8,25,11,106,45
8,25,11,107,50
8,25,11,108,49
8,25,11,109,44
8,25,11,110,45
8,25,11,111,41
8,25,11,112,43
8,25,11,113,42
8,25,11,114,41
8,25,11,115,44
8,25,11,116,39
8,25,11,117,39
8,25,11,118,38
8,25,11,119,40
8,25,11,120,42
8,25,11,121,39
8,25,11,122,41
8,25,11,123,38
8,25,11,124,36
8,25,11,125,34
8,25,11,126,34
8,25,11,127,36
8,25,11,128,32
8,25,11,129,34
8,25,11,130,33
8,25,11,131,31
8,25,11,132,29
8,25,11,133,27
8,25,11,134,28
8,25,11,135,29
8,25,11,136,26
8,25,11,137,27
8,25,11,138,27
8,25,11,139,27
8,25,11,140,24
8,25,11,141,25
8,25,11,142,25
8,25,11,143,23
8,25,11,144,22
8,25,11,145,20
8,25,11,146,22
8,25,11,147,22
8,25,11,148,18
8,25,11,149,20
8,25,11,150,18
8,25,11,151,18
8,25,11,152,16
8,25,11,153,15
8,25,11,154,16
8,25,11,155,13
8,25,11,156,16
8,25,11,157,17
8,25,11,158,17
8,25,11,159,15
8,25,11,160,14
8,25,11,161,13
8,25,11,162,14
8,25,11,163,14
8,25,11,164,14
8,25,11,165,10
8,25,11,166,11
8,25,11,167,11
8,25,11,168,11
8,25,11,169,10
8,25,11,170,9
8,25,11,171,10
8,25,11,172,8
8,25,11,173,9
8,25,11,174,7
8,25,11,175,8
8,25,11,176,8
8,25,11,177,8
8,25,11,178,9
8,25,11,179,9
8,25,11,180,9
8,25,11,181,7
8,25,11,182,8
8,25,11,183,9
8,25,11,184,10
8,25,11,185,10
8,25,11,186,8
8,25,11,187,6
8,25,11,188,7
8,25,11,189,7
8,25,11,190,6
8,25,11,191,5
8,25,11,192,7
8,25,11,193,6
8,25,11,194,5
8,25,11,195,7
8,25,11,196,8
8,25,11,197,6
8,25,11,198,5
8,25,11,199,4
8,25,11,200,4
8,25,11,201,4
8,25,11,202,2
8,25,11,203,2
8,25,11,204,1
8,25,11,205,2
8,25,11,206,0
8,25,11,207,0
8,25,11,208,1
8,25,12,0,0
8,25,12,1,0
8,25,12,2,0
8,25,12,3,0
8,25,12,4,0
8,25,12,5,0
8,25,12,6,0
8,25,12,7,7
8,25,12,8,5
8,25,12,9,3
8,25,12,10,15
8,25,12,11,16
8,25,12,12,19
8,25,12,13,28
8,25,12,14,20
8,25,12,15,6
8,25,12,16,23
8,25,12,17,21
8,25,12,18,16
8,25,12,19,37
8,25,12,20,16
8,25,12,21,17
8,25,12,22,23
8,25,12,23,55
8,25,12,24,55
8,25,12,25,18
8,25,12,26,20
8,25,12,27,19
8,25,12,28,20
8,25,12,29,61
8,25,12,30,20
8,25,12,31,104
8,25,12,32,101
8,25,12,33,109
8,25,12,34,109
8,25,12,35,58
8,25,12,36,97
8,25,12,37,103
8,25,12,38,55
8,25,12,39,45
8,25,12,40,94
8,25,12,41,21
8,25,12,42,21
8,25,12,43,90
8,25,12,44,45
8,25,12,45,84
8,25,12,46,83
8,25,12,47,83
8,25,12,48,87
8,25,12,49,85
8,25,12,50,84
8,25,12,51,83
8,25,12,52,86
8,25,12,53,86
8,25,12,54,85
8,25,12,55,79
8,25,12,56,80
8,25,12,57,78
8,25,12,58,80
8,25,12,59,78
8,25,12,60,84
8,25,12,61,74
8,25,12,62,79
8,25,12,63,75
8,25,12,64,31
8,25,12,65,33
8,25,12,66,73
8,25,12,67,72
8,25,12,68,70
8,25,12,69,74
8,25,12,70,75
8,25,12,71,75
8,25,12,72,74
8,25,12,73,71
8,25,12,74,69
8,25,12,75,69
8,25,12,76,68
8,25,12,77,66
8,25,12,78,60
8,25,12,79,65
8,25,12,80,62
8,25,12,81,62
8,25,12,82,64
8,25,12,83,62
8,25,12,84,66
8,25,12,85,61
8,25,12,86,60
8,25,12,87,59
8,25,12,88,57
8,25,12,89,59
8,25,12,90,57
8,25,12,91,55
8,25,12,92,58
8,25,12,93,60
8,25,12,94,54
8,25,12,95,59
8,25,12,96,58
8,25,12,97,56
8,25,12,98,54
8,25,12,99,54
8,25,12,100,53
8,25,12,101,53
8,25,12,102,49
8,25,12,103,52
8,25,12,104,48
8,25,12,105,50
8,25,12,106,46
8,25,12,107,51
8,25,12,108,49
8,25,12,109,46
8,25,12,110,46
8,25,12,111,42
8,25,12,112,44
8,25,12,113,42
8,25,12,114,41
8,25,12,115,25
8,25,12,116,47
8,25,12,117,43
8,25,12,118,27
8,25,12,119,40
8,25,12,120,44
8,25,12,121,27
8,25,12,122,45
8,25,12,123,41
8,25,12,124,41
8,25,12,125,39
8,25,12,126,35
8,25,12,127,36
8,25,12,128,35
8,25,12,129,39
8,25,12,130,35
8,25,12,131,34
8,25,12,132,33
8,25,12,133,30
8,25,12,134,29
8,25,12,135,30
8,25,12,136,32
8,25,12,137,33
8,25,12,138,32
8,25,12,139,27
8,25,12,140,26
8,25,12,141,24
8,25,12,142,27
8,25,12,143,26
8,25,12,144,26
8,25,12,145,26
8,25,12,146,25
8,25,12,147,22
8,25,12,148,23
8,25,12,149,23
8,25,12,150,21
8,25,12,151,20
8,25,12,152,22
8,25,12,153,18
8,25,12,154,19
8,25,12,155,19
8,25,12,156,14
8,25,12,157,16
8,25,12,158,17
8,25,12,159,16
8,25,12,160,17
8,25,12,161,18
8,25,12,162,17
8,25,12,163,16
8,25,12,164,17
8,25,12,165,14
8,25,12,166,12
8,25,12,167,14
8,25,12,168,13
8,25,12,169,12
8,25,12,170,12
8,25,12,171,14
8,25,12,172,13
8,25,12,173,13
8,25,12,174,15
8,25,12,175,13
8,25,12,176,12
8,25,12,177,12
8,25,12,178,11
8,25,12,179,9
8,25,12,180,10
8,25,12,181,7
8,25,12,182,6
8,25,12,183,9
8,25,12,184,7
8,25,12,185,8
8,25,12,186,7
8,25,12,187,7
8,25,12,188,7
8,25,12,189,8
8,25,12,190,5
8,25,12,191,6
8,25,12,192,7
8,25,12,193,6
8,25,12,194,6
8,25,12,195,6
8,25,12,196,6
8,25,12,197,6
8,25,12,198,6
8,25,12,199,4
8,25,12,200,6
8,25,12,201,3
8,25,12,202,3
8,25,12,203,3
8,25,12,204,2
8,25,12,205,1
10,5,1,0,0
10,5,1,1,0
10,5,1,2,0
10,5,1,3,0
10,5,1,4,0
10,5,1,5,0
10,5,1,6,0
10,5,1,7,0
10,5,1,8,0
10,5,1,9,0
10,5,1,10,1
10,5,1,11,0
10,5,1,12,1
10,5,1,13,0
10,5,1,14,0
10,5,1,15,0
10,5,1,16,3
10,5,1,17,2
10,5,1,18,2
10,5,1,19,0
10,5,1,20,0
10,5,1,21,0
10,5,1,22,0
10,5,1,23,1
10,5,1,24,0
10,5,1,25,0
10,5,1,26,0
10,5,1,27,4
10,5,1,28,0
10,5,1,29,0
10,5,1,30,6
10,5,1,31,5
10,5,1,32,3
10,5,1,33,5
10,5,1,34,4
10,5,1,35,3
10,5,1,36,2
10,5,1,37,1
10,5,1,38,0
10,5,1,39,0
10,5,1,40,0
10,5,1,41,1
10,5,1,42,0
10,5,1,43,0
10,5,1,44,1
10,5,1,45,0
10,5,1,46,0
10,5,1,47,0
10,5,1,48,0
10,5,1,49,9
10,5,1,50,2
10,5,1,51,3
10,5,1,52,1
10,5,1,53,0
10,5,1,54,1
10,5,1,55,0
10,5,1,56,0
10,5,1,57,5
10,5,1,58,4
10,5,1,59,3
10,5,1,60,2
10,5,1,61,1
10,5,1,62,0
10,5,1,63,0
10,5,1,64,0
10,5,1,65,0
10,5,1,66,4
10,5,1,67,3
10,5,1,68,1
10,5,1,69,0
10,5,1,70,0
10,5,1,71,3
10,5,1,72,2
10,5,1,73,1
10,5,1,74,0
10,5,1,75,2
10,5,1,76,1
10,5,1,77,0
10,5,1,78,0
10,5,1,79,2
10,5,1,80,1
10,5,1,81,0
10,5,1,82,0
10,5,1,83,0
10,5,1,84,1
10,5,1,85,0
10,5,1,86,0
10,5,1,87,0
10,5,1,88,0
10,5,1,89,0
10,5,1,90,0
10,5,1,91,0
10,5,1,92,3
10,5,1,93,3
10,5,1,94,2
10,5,1,95,0
10,5,1,96,0
10,5,1,97,1
10,5,1,98,1
10,5,1,99,0
10,5,1,100,0
10,5,1,101,0
10,5,1,102,0
10,5,1,103,0
10,5,1,104,0
10,5,1,105,5
10,5,1,106,3
10,5,1,107,2
10,5,1,108,0
10,5,1,109,2
10,5,1,110,1
10,5,1,111,0
10,5,1,112,0
10,5,1,113,0
10,5,1,114,1
10,5,1,115,0
10,5,1,116,0
10,5,1,117,0
10,5,1,118,0
10,5,1,119,0
10,5,1,120,1
10,5,1,121,0
10,5,1,122,1
10,5,1,123,0
10,5,1,124,0
10,5,1,125,0
10,5,1,126,0
10,5,1,127,0
10,5,1,128,0
10,5,1,129,1
10,5,2,0,0
10,5,2,1,0
10,5,2,2,0
10,5,2,3,0
10,5,2,4,0
10,5,2,5,0
10,5,2,6,0
10,5,2,7,0
10,5,2,8,0
10,5,2,9,0
10,5,2,10,0
10,5,2,11,0
10,5,2,12,0
10,5,2,13,0
10,5,2,14,2
10,5,2,15,2
10,5,2,16,1
10,5,2,17,0
10,5,2,18,2
10,5,2,19,5
10,5,2,20,3
10,5,2,21,0
10,5,2,22,3
10,5,2,23,1
10,5,2,24,0
10,5,2,25,7
10,5,2,26,3
10,5,2,27,3
10,5,2,28,0
10,5,2,29,6
10,5,2,30,0
10,5,2,31,0
10,5,2,32,4
10,5,2,33,3
10,5,2,34,4
10,5,2,35,3
10,5,2,36,2
10,5,2,37,0
10,5,2,38,0
10,5,2,39,3
10,5,2,40,2
10,5,2,41,0
10,5,2,42,0
10,5,2,43,1
10,5,2,44,1
10,5,2,45,2
10,5,2,46,0
10,5,2,47,0
10,5,2,48,1
10,5,2,49,0
10,5,2,50,1
10,5,2,51,0
10,5,2,52,0
10,5,2,53,0
10,5,2,54,3
10,5,2,55,4
10,5,2,56,1
10,5,2,57,3
10,5,2,58,2
10,5,2,59,1
10,5,2,60,1
10,5,2,61,0
10,5,2,62,0
10,5,2,63,0
10,5,2,64,0
10,5,2,65,2
10,5,2,66,1
10,5,2,67,0
10,5,2,68,0
10,5,2,69,0
10,5,2,70,0
10,5,2,71,0
10,5,2,72,2
10,5,2,73,1
10,5,2,74,0
10,5,2,75,0
10,5,2,76,2
10,5,2,77,1
10,5,2,78,0
10,5,2,79,0
10,5,2,80,0
10,5,2,81,0
10,5,2,82,0
10,5,2,83,1
10,5,2,84,0
10,5,2,85,2
10,5,2,86,1
10,5,2,87,0
10,5,2,88,0
10,5,2,89,0
10,5,2,90,0
10,5,2,91,0
10,5,2,92,0
10,5,2,93,0
10,5,2,94,0
10,5,2,95,0
10,5,2,96,6
10,5,2,97,0
10,5,2,98,4
10,5,2,99,4
10,5,2,100,3
10,5,2,101,2
10,5,2,102,1
10,5,2,103,0
10,5,2,104,0
10,5,2,105,0
10,5,2,106,0
10,5,2,107,0
10,5,2,108,0
10,5,2,109,0
10,5,2,110,2
10,5,2,111,1
10,5,2,112,0
10,5,2,113,0
10,5,2,114,1
10,5,2,115,0
10,5,2,116,0
10,5,2,117,0
10,5,2,118,0
10,5,2,119,0
10,5,2,120,1
10,5,2,121,0
10,5,2,122,0
10,5,2,123,0
10,5,2,124,0
10,5,2,125,0
10,5,2,126,1
10,5,2,127,0
10,5,2,128,0
10,5,2,129,0
10,5,2,130,2
10,5,2,131,0
10,5,2,132,0
10,5,2,133,0
10,5,2,134,0
10,5,2,135,1
10,5,3,0,0
10,5,3,1,0
10,5,3,2,0
10,5,3,3,0
10,5,3,4,0
10,5,3,5,0
10,5,3,6,0
10,5,3,7,0
10,5,3,8,0
10,5,3,9,0
10,5,3,10,1
10,5,3,11,0
10,5,3,12,0
10,5,3,13,0
10,5,3,14,0
10,5,3,15,5
10,5,3,16,4
10,5,3,17,3
10,5,3,18,2
10,5,3,19,1
10,5,3,20,0
10,5,3,21,1
10,5,3,22,0
10,5,3,23,0
10,5,3,24,0
10,5,3,25,0
10,5,3,26,1
10,5,3,27,0
10,5,3,28,8
10,5,3,29,7
10,5,3,30,5
10,5,3,31,5
10,5,3,32,1
10,5,3,33,0
10,5,3,34,0
10,5,3,35,2
10,5,3,36,3
10,5,3,37,1
10,5,3,38,0
10,5,3,39,0
10,5,3,40,0
10,5,3,41,0
10,5,3,42,4
10,5,3,43,4
10,5,3,44,1
10,5,3,45,0
10,5,3,46,3
10,5,3,47,2
10,5,3,48,1
10,5,3,49,0
10,5,3,50,0
10,5,3,51,0
10,5,3,52,0
10,5,3,53,2
10,5,3,54,0
10,5,3,55,0
10,5,3,56,0
10,5,3,57,3
10,5,3,58,2
10,5,3,59,1
10,5,3,60,0
10,5,3,61,0
10,5,3,62,0
10,5,3,63,0
10,5,3,64,0
10,5,3,65,0
10,5,3,66,0
10,5,3,67,1
10,5,3,68,0
10,5,3,69,0
10,5,3,70,0
10,5,3,71,0
10,5,3,72,0
10,5,3,73,4
10,5,3,74,0
10,5,3,75,2
10,5,3,76,1
10,5,3,77,0
10,5,3,78,0
10,5,3,79,2
10,5,3,80,1
10,5,3,81,2
10,5,3,82,0
10,5,3,83,0
10,5,3,84,2
10,5,3,85,0
10,5,3,86,0
10,5,3,87,2
10,5,3,88,1
10,5,3,89,0
10,5,3,90,0
10,5,3,91,0
10,5,3,92,0
10,5,3,93,2
10,5,3,94,0
10,5,3,95,0
10,5,3,96,1
10,5,3,97,0
10,5,3,98,1
10,5,3,99,0
10,5,3,100,0
10,5,3,101,0
10,5,3,102,0
10,5,3,103,2
10,5,3,104,1
10,5,3,105,0
10,5,3,106,1
10,5,3,107,6
10,5,3,108,4
10,5,3,109,3
10,5,3,110,2
10,5,3,111,0
10,5,3,112,0
10,5,3,113,4
10,5,3,114,4
10,5,3,115,3
10,5,3,116,2
10,5,3,117,3
10,5,3,118,1
10,5,3,119,0
10,5,3,120,0
10,5,3,121,1
10,5,3,122,1
10,5,4,0,0
10,5,4,1,0
10,5,4,2,0
10,5,4,3,0
10,5,4,4,0
10,5,4,5,0
10,5,4,6,0
10,5,4,7,0
10,5,4,8,0
10,5,4,9,0
10,5,4,10,0
10,5,4,11,0
10,5,4,12,1
10,5,4,13,0
10,5,4,14,0
10,5,4,15,0
10,5,4,16,0
10,5,4,17,4
10,5,4,18,0
10,5,4,19,2
10,5,4,20,0
10,5,4,21,0
10,5,4,22,6
10,5,4,23,0
10,5,4,24,6
10,5,4,25,7
10,5,4,26,0
10,5,4,27,5
10,5,4,28,11
10,5,4,29,4
10,5,4,30,5
10,5,4,31,2
10,5,4,32,0
10,5,4,33,1
10,5,4,34,0
10,5,4,35,6
10,5,4,36,2
10,5,4,37,1
10,5,4,38,0
10,5,4,39,0
10,5,4,40,3
10,5,4,41,1
10,5,4,42,0
10,5,4,43,0
10,5,4,44,0
10,5,4,45,0
10,5,4,46,0
10,5,4,47,2
10,5,4,48,1
10,5,4,49,0
10,5,4,50,2
10,5,4,51,1
10,5,4,52,0
10,5,4,53,0
10,5,4,54,0
10,5,4,55,1
10,5,4,56,0
10,5,4,57,0
10,5,4,58,0
10,5,4,59,0
10,5,4,60,0
10,5,4,61,0
10,5,4,62,5
10,5,4,63,5
10,5,4,64,4
10,5,4,65,5
10,5,4,66,2
10,5,4,67,0
10,5,4,68,0
10,5,4,69,2
10,5,4,70,1
10,5,4,71,0
10,5,4,72,2
10,5,4,73,0
10,5,4,74,0
10,5,4,75,1
10,5,4,76,0
10,5,4,77,8
10,5,4,78,2
10,5,4,79,0
10,5,4,80,0
10,5,4,81,5
10,5,4,82,1
10,5,4,83,0
10,5,4,84,0
10,5,4,85,5
10,5,4,86,4
10,5,4,87,3
10,5,4,88,2
10,5,4,89,1
10,5,4,90,0
10,5,4,91,0
10,5,4,92,1
10,5,4,93,0
10,5,4,94,0
10,5,4,95,0
10,5,4,96,0
10,5,4,97,0
10,5,4,98,0
10,5,4,99,0
10,5,4,100,0
10,5,4,101,0
10,5,4,102,0
10,5,4,103,2
10,5,4,104,1
10,5,4,105,0
10,5,4,106,6
10,5,4,107,0
10,5,4,108,5
10,5,4,109,0
10,5,4,110,4
10,5,4,111,3
10,5,4,112,2
10,5,4,113,1
10,5,4,114,0
10,5,4,115,0
10,5,4,116,1
10,5,4,117,0
10,5,4,118,0
10,5,4,119,0
10,5,4,120,0
10,5,4,121,0
10,5,4,122,0
10,5,4,123,0
10,5,4,124,0
10,5,4,125,0
10,5,4,126,0
10,5,4,127,0
10,5,4,128,0
10,5,4,129,1
10,5,5,0,0
10,5,5,1,0
10,5,5,2,0
10,5,5,3,0
10,5,5,4,0
10,5,5,5,0
10,5,5,6,0
10,5,5,7,0
10,5,5,8,0
10,5,5,9,0
10,5,5,10,0
10,5,5,11,0
10,5,5,12,0
10,5,5,13,2
10,5,5,14,1
10,5,5,15,0
10,5,5,16,0
10,5,5,17,3
10,5,5,18,3
10,5,5,19,3
10,5,5,20,2
10,5,5,21,1
10,5,5,22,0
10,5,5,23,0
10,5,5,24,2
10,5,5,25,0
10,5,5,26,3
10,5,5,27,0
10,5,5,28,0
10,5,5,29,4
10,5,5,30,4
10,5,5,31,3
10,5,5,32,2
10,5,5,33,1
10,5,5,34,0
10,5,5,35,0
10,5,5,36,0
10,5,5,37,0
10,5,5,38,1
10,5,5,39,0
10,5,5,40,0
10,5,5,41,0
10,5,5,42,2
10,5,5,43,1
10,5,5,44,0
10,5,5,45,0
10,5,5,46,0
10,5,5,47,1
10,5,5,48,0
10,5,5,49,1
10,5,5,50,0
10,5,5,51,0
10,5,5,52,0
10,5,5,53,0
10,5,5,54,4
10,5,5,55,1
10,5,5,56,0
10,5,5,57,0
10,5,5,58,0
10,5,5,59,0
10,5,5,60,0
10,5,5,61,5
10,5,5,62,0
10,5,5,63,0
10,5,5,64,0
10,5,5,65,3
10,5,5,66,4
10,5,5,67,2
10,5,5,68,7
10,5,5,69,4
10,5,5,70,1
10,5,5,71,0
10,5,5,72,2
10,5,5,73,1
10,5,5,74,0
10,5,5,75,0
10,5,5,76,0
10,5,5,77,0
10,5,5,78,1
10,5,5,79,0
10,5,5,80,0
10,5,5,81,3
10,5,5,82,3
10,5,5,83,2
10,5,5,84,0
10,5,5,85,0
10,5,5,86,0
10,5,5,87,0
10,5,5,88,0
10,5,5,89,0
10,5,5,90,3
10,5,5,91,7
10,5,5,92,1
10,5,5,93,0
10,5,5,94,6
10,5,5,95,7
10,5,5,96,2
10,5,5,97,5
10,5,5,98,3
10,5,5,99,0
10,5,5,100,0
10,5,5,101,0
10,5,5,102,0
10,5,5,103,2
10,5,5,104,0
10,5,5,105,2
10,5,5,106,1
10,5,5,107,0
10,5,5,108,1
10,5,5,109,0
10,5,5,110,0
10,5,5,111,0
10,5,5,112,0
10,5,5,113,0
10,5,5,114,1
10,5,5,115,0
10,5,5,116,0
10,5,5,117,0
10,5,5,118,0
10,5,5,119,3
10,5,5,120,1
10,5,5,121,0
10,5,5,122,0
10,5,5,123,1
10,5,6,0,0
10,5,6,1,0
10,5,6,2,0
10,5,6,3,0
10,5,6,4,0
10,5,6,5,0
10,5,6,6,0
10,5,6,7,0
10,5,6,8,0
10,5,6,9,0
10,5,6,10,0
10,5,6,11,0
10,5,6,12,0
10,5,6,13,0
10,5,6,14,4
10,5,6,15,3
10,5,6,16,2
10,5,6,17,2
10,5,6,18,1
10,5,6,19,0
10,5,6,20,2
10,5,6,21,1
10,5,6,22,1
10,5,6,23,0
10,5,6,24,2
10,5,6,25,1
10,5,6,26,2
10,5,6,27,1
10,5,6,28,0
10,5,6,29,1
10,5,6,30,0
10,5,6,31,2
10,5,6,32,1
10,5,6,33,0
10,5,6,34,0
10,5,6,35,0
10,5,6,36,0
10,5,6,37,0
10,5,6,38,0
10,5,6,39,0
10,5,6,40,0
10,5,6,41,3
10,5,6,42,2
10,5,6,43,1
10,5,6,44,0
10,5,6,45,1
10,5,6,46,0
10,5,6,47,1
10,5,6,48,0
10,5,6,49,0
10,5,6,50,0
10,5,6,51,1
10,5,6,52,0
10,5,6,53,0
10,5,6,54,6
10,5,6,55,0
10,5,6,56,3
10,5,6,57,1
10,5,6,58,0
10,5,6,59,0
10,5,6,60,1
10,5,6,61,0
10,5,6,62,0
10,5,6,63,6
10,5,6,64,5
10,5,6,65,4
10,5,6,66,3
10,5,6,67,2
10,5,6,68,1
10,5,6,69,0
10,5,6,70,0
10,5,6,71,0
10,5,6,72,2
10,5,6,73,0
10,5,6,74,0
10,5,6,75,1
10,5,6,76,0
10,5,6,77,3
10,5,6,78,3
10,5,6,79,2
10,5,6,80,0
10,5,6,81,0
10,5,6,82,0
10,5,6,83,0
10,5,6,84,2
10,5,6,85,1
10,5,6,86,0
10,5,6,87,1
10,5,6,88,0
10,5,6,89,0
10,5,6,90,0
10,5,6,91,3
10,5,6,92,4
10,5,6,93,3
10,5,6,94,2
10,5,6,95,1
10,5,6,96,0
10,5,6,97,1
10,5,6,98,0
10,5,6,99,0
10,5,6,100,0
10,5,6,101,0
10,5,6,102,3
10,5,6,103,2
10,5,6,104,1
10,5,6,105,0
10,5,6,106,0
10,5,6,107,0
10,5,6,108,0
10,5,6,109,1
10,5,6,110,0
10,5,6,111,0
10,5,6,112,2
10,5,6,113,1
10,5,6,114,0
10,5,6,115,0
10,5,6,116,0
10,5,6,117,0
10,5,6,118,0
10,5,6,119,0
10,5,6,120,0
10,5,6,121,0
10,5,6,122,1
10,5,7,0,0
10,5,7,1,0
10,5,7,2,0
10,5,7,3,0
10,5,7,4,0
10,5,7,5,0
10,5,7,6,0
10,5,7,7,0
10,5,7,8,1
10,5,7,9,0
10,5,7,10,0
10,5,7,11,0
10,5,7,12,0
10,5,7,13,0
10,5,7,14,1
10,5,7,15,0
10,5,7,16,0
10,5,7,17,1
10,5,7,18,0
10,5,7,19,0
10,5,7,20,0
10,5,7,21,4
10,5,7,22,0
10,5,7,23,0
10,5,7,24,1
10,5,7,25,2
10,5,7,26,9
10,5,7,27,8
10,5,7,28,8
10,5,7,29,6
10,5,7,30,8
10,5,7,31,7
10,5,7,32,0
10,5,7,33,0
10,5,7,34,2
10,5,7,35,0
10,5,7,36,9
10,5,7,37,0
10,5,7,38,8
10,5,7,39,7
10,5,7,40,7
10,5,7,41,0
10,5,7,42,5
10,5,7,43,2
10,5,7,44,1
10,5,7,45,0
10,5,7,46,0
10,5,7,47,0
10,5,7,48,1
10,5,7,49,0
10,5,7,50,7
10,5,7,51,4
10,5,7,52,3
10,5,7,53,1
10,5,7,54,0
10,5,7,55,1
10,5,7,56,1
10,5,7,57,0
10,5,7,58,1
10,5,7,59,0
10,5,7,60,1
10,5,7,61,0
10,5,7,62,0
10,5,7,63,0
10,5,7,64,0
10,5,7,65,0
10,5,7,66,0
10,5,7,67,0
10,5,7,68,0
10,5,7,69,0
10,5,7,70,2
10,5,7,71,1
10,5,7,72,0
10,5,7,73,0
10,5,7,74,0
10,5,7,75,6
10,5,7,76,5
10,5,7,77,2
10,5,7,78,3
10,5,7,79,2
10,5,7,80,1
10,5,7,81,0
10,5,7,82,0
10,5,7,83,0
10,5,7,84,2
10,5,7,85,1
10,5,7,86,0
10,5,7,87,1
10,5,7,88,0
10,5,7,89,0
10,5,7,90,0
10,5,7,91,0
10,5,7,92,0
10,5,7,93,4
10,5,7,94,1
10,5,7,95,0
10,5,7,96,3
10,5,7,97,2
10,5,7,98,0
10,5,7,99,0
10,5,7,100,6
10,5,7,101,5
10,5,7,102,3
10,5,7,103,1
10,5,7,104,1
10,5,7,105,0
10,5,7,106,2
10,5,7,107,1
10,5,7,108,0
10,5,7,109,0
10,5,7,110,0
10,5,7,111,0
10,5,7,112,0
10,5,7,113,0
10,5,7,114,0
10,5,7,115,0
10,5,7,116,0
10,5,7,117,0
10,5,7,118,0
10,5,7,119,0
10,5,7,120,0
10,5,7,121,0
10,5,7,122,0
10,5,7,123,0
10,5,7,124,1
10,5,7,125,0
10,5,7,126,0
10,5,7,127,0
10,5,7,128,0
10,5,7,129,0
10,5,7,130,0
10,5,7,131,0
10,5,7,132,0
10,5,7,133,0
10,5,7,134,0
10,5,7,135,0
10,5,7,136,0
10,5,7,137,0
10,5,7,138,0
10,5,7,139,0
10,5,7,140,0
10,5,7,141,1
10,5,8,0,0
10,5,8,1,0
10,5,8,2,0
10,5,8,3,0
10,5,8,4,0
10,5,8,5,0
10,5,8,6,0
10,5,8,7,0
10,5,8,8,0
10,5,8,9,0
10,5,8,10,1
10,5,8,11,0
10,5,8,12,0
10,5,8,13,1
10,5,8,14,0
10,5,8,15,0
10,5,8,16,3
10,5,8,17,2
10,5,8,18,0
10,5,8,19,0
10,5,8,20,3
10,5,8,21,2
10,5,8,22,1
10,5,8,23,0
10,5,8,24,1
10,5,8,25,0
10,5,8,26,0
10,5,8,27,0
10,5,8,28,6
10,5,8,29,4
10,5,8,30,3
10,5,8,31,2
10,5,8,32,7
10,5,8,33,6
10,5,8,34,5
10,5,8,35,3
10,5,8,36,0
10,5,8,37,2
10,5,8,38,1
10,5,8,39,0
10,5,8,40,0
10,5,8,41,0
10,5,8,42,0
10,5,8,43,0
10,5,8,44,0
10,5,8,45,3
10,5,8,46,0
10,5,8,47,4
10,5,8,48,3
10,5,8,49,2
10,5,8,50,1
10,5,8,51,0
10,5,8,52,0
10,5,8,53,1
10,5,8,54,0
10,5,8,55,0
10,5,8,56,2
10,5,8,57,1
10,5,8,58,0
10,5,8,59,1
10,5,8,60,0
10,5,8,61,2
10,5,8,62,1
10,5,8,63,0
10,5,8,64,0
10,5,8,65,0
10,5,8,66,0
10,5,8,67,0
10,5,8,68,1
10,5,8,69,0
10,5,8,70,0
10,5,8,71,0
10,5,8,72,1
10,5,8,73,1
10,5,8,74,0
10,5,8,75,2
10,5,8,76,1
10,5,8,77,0
10,5,8,78,0
10,5,8,79,0
10,5,8,80,0
10,5,8,81,1
10,5,8,82,0
10,5,8,83,0
10,5,8,84,0
10,5,8,85,0
10,5,8,86,2
10,5,8,87,1
10,5,8,88,7
10,5,8,89,1
10,5,8,90,0
10,5,8,91,2
10,5,8,92,1
10,5,8,93,0
10,5,8,94,2
10,5,8,95,0
10,5,8,96,0
10,5,8,97,2
10,5,8,98,0
10,5,8,99,0
10,5,8,100,0
10,5,8,101,4
10,5,8,102,0
10,5,8,103,0
10,5,8,104,3
10,5,8,105,2
10,5,8,106,1
10,5,8,107,0
10,5,8,108,0
10,5,8,109,0
10,5,8,110,3
10,5,8,111,1
10,5,8,112,0
10,5,8,113,0
10,5,8,114,1
10,5,8,115,0
10,5,8,116,0
10,5,8,117,0
10,5,8,118,0
10,5,8,119,0
10,5,8,120,1
10,5,8,121,0
10,5,8,122,0
10,5,8,123,0
10,5,8,124,0
10,5,8,125,0
10,5,8,126,0
10,5,8,127,0
10,5,8,128,1
10,5,9,0,0
10,5,9,1,0
10,5,9,2,0
10,5,9,3,0
10,5,9,4,0
10,5,9,5,0
10,5,9,6,0
10,5,9,7,0
10,5,9,8,1
10,5,9,9,0
10,5,9,10,0
10,5,9,11,0
10,5,9,12,0
10,5,9,13,1
10,5,9,14,0
10,5,9,15,0
10,5,9,16,0
10,5,9,17,0
10,5,9,18,0
10,5,9,19,4
10,5,9,20,4
10,5,9,21,3
10,5,9,22,1
10,5,9,23,0
10,5,9,24,1
10,5,9,25,0
10,5,9,26,0
10,5,9,27,0
10,5,9,28,3
10,5,9,29,0
10,5,9,30,6
10,5,9,31,3
10,5,9,32,4
10,5,9,33,3
10,5,9,34,4
10,5,9,35,5
10,5,9,36,4
10,5,9,37,0
10,5,9,38,0
10,5,9,39,0
10,5,9,40,3
10,5,9,41,1
10,5,9,42,0
10,5,9,43,0
10,5,9,44,2
10,5,9,45,0
10,5,9,46,0
10,5,9,47,1
10,5,9,48,0
10,5,9,49,2
10,5,9,50,1
10,5,9,51,0
10,5,9,52,0
10,5,9,53,0
10,5,9,54,1
10,5,9,55,0
10,5,9,56,0
10,5,9,57,1
10,5,9,58,0
10,5,9,59,1
10,5,9,60,0
10,5,9,61,0
10,5,9,62,0
10,5,9,63,0
10,5,9,64,3
10,5,9,65,0
10,5,9,66,0
10,5,9,67,2
10,5,9,68,2
10,5,9,69,1
10,5,9,70,0
10,5,9,71,0
10,5,9,72,0
10,5,9,73,0
10,5,9,74,0
10,5,9,75,3
10,5,9,76,2
10,5,9,77,5
10,5,9,78,4
10,5,9,79,3
10,5,9,80,2
10,5,9,81,1
10,5,9,82,0
10,5,9,83,0
10,5,9,84,0
10,5,9,85,0
10,5,9,86,1
10,5,9,87,0
10,5,9,88,0
10,5,9,89,1
10,5,9,90,0
10,5,9,91,3
10,5,9,92,2
10,5,9,93,1
10,5,9,94,0
10,5,9,95,0
10,5,9,96,2
10,5,9,97,0
10,5,9,98,0
10,5,9,99,1
10,5,9,100,0
10,5,9,101,0
10,5,9,102,0
10,5,9,103,0
10,5,9,104,0
10,5,9,105,4
10,5,9,106,3
10,5,9,107,2
10,5,9,108,1
10,5,9,109,0
10,5,9,110,0
10,5,9,111,0
10,5,9,112,1
10,5,9,113,0
10,5,9,114,0
10,5,9,115,0
10,5,9,116,0
10,5,9,117,0
10,5,9,118,1
10,5,9,119,0
10,5,9,120,0
10,5,9,121,0
10,5,9,122,0
10,5,9,123,0
10,5,9,124,0
10,5,9,125,1
10,5,10,0,0
10,5,10,1,0
10,5,10,2,0
10,5,10,3,0
10,5,10,4,0
10,5,10,5,0
10,5,10,6,0
10,5,10,7,0
10,5,10,8,0
10,5,10,9,0
10,5,10,10,0
10,5,10,11,0
10,5,10,12,0
10,5,10,13,0
10,5,10,14,0
10,5,10,15,0
10,5,10,16,4
10,5,10,17,4
10,5,10,18,3
10,5,10,19,2
10,5,10,20,1
10,5,10,21,4
10,5,10,22,2
10,5,10,23,1
10,5,10,24,0
10,5,10,25,2
10,5,10,26,2
10,5,10,27,1
10,5,10,28,0
10,5,10,29,0
10,5,10,30,0
10,5,10,31,1
10,5,10,32,0
10,5,10,33,4
10,5,10,34,0
10,5,10,35,4
10,5,10,36,0
10,5,10,37,1
10,5,10,38,0
10,5,10,39,1
10,5,10,40,0
10,5,10,41,0
10,5,10,42,0
10,5,10,43,0
10,5,10,44,0
10,5,10,45,0
10,5,10,46,3
10,5,10,47,1
10,5,10,48,0
10,5,10,49,0
10,5,10,50,0
10,5,10,51,0
10,5,10,52,6
10,5,10,53,5
10,5,10,54,3
10,5,10,55,4
10,5,10,56,2
10,5,10,57,0
10,5,10,58,4
10,5,10,59,3
10,5,10,60,1
10,5,10,61,0
10,5,10,62,2
10,5,10,63,0
10,5,10,64,0
10,5,10,65,0
10,5,10,66,2
10,5,10,67,1
10,5,10,68,1
10,5,10,69,1
10,5,10,70,2
10,5,10,71,1
10,5,10,72,0
10,5,10,73,0
10,5,10,74,0
10,5,10,75,0
10,5,10,76,0
10,5,10,77,1
10,5,10,78,0
10,5,10,79,0
10,5,10,80,0
10,5,10,81,0
10,5,10,82,4
10,5,10,83,2
10,5,10,84,1
10,5,10,85,0
10,5,10,86,1
10,5,10,87,0
10,5,10,88,0
10,5,10,89,0
10,5,10,90,0
10,5,10,91,0
10,5,10,92,0
10,5,10,93,0
10,5,10,94,0
10,5,10,95,1
10,5,10,96,0
10,5,10,97,9
10,5,10,98,8
10,5,10,99,7
10,5,10,100,5
10,5,10,101,4
10,5,10,102,3
10,5,10,103,2
10,5,10,104,2
10,5,10,105,1
10,5,10,106,0
10,5,10,107,4
10,5,10,108,2
10,5,10,109,0
10,5,10,110,0
10,5,10,111,2
10,5,10,112,1
10,5,10,113,0
10,5,10,114,0
10,5,10,115,0
10,5,10,116,2
10,5,10,117,1
10,5,10,118,0
10,5,10,119,0
10,5,10,120,0
10,5,10,121,0
10,5,10,122,0
10,5,10,123,0
10,5,10,124,0
10,5,10,125,0
10,5,10,126,0
10,5,10,127,0
10,5,10,128,0
10,5,10,129,0
10,5,10,130,0
10,5,10,131,0
10,5,10,132,0
10,5,10,133,0
10,5,10,134,0
10,5,10,135,0
10,5,10,136,0
10,5,10,137,0
10,5,10,138,0
10,5,10,139,0
10,5,10,140,1
10,5,11,0,0
10,5,11,1,0
10,5,11,2,0
10,5,11,3,0
10,5,11,4,0
10,5,11,5,0
10,5,11,6,0
10,5,11,7,0
10,5,11,8,1
10,5,11,9,0
10,5,11,10,0
10,5,11,11,0
10,5,11,12,0
10,5,11,13,0
10,5,11,14,0
10,5,11,15,0
10,5,11,16,0
10,5,11,17,5
10,5,11,18,5
10,5,11,19,5
10,5,11,20,5
10,5,11,21,4
10,5,11,22,3
10,5,11,23,4
10,5,11,24,4
10,5,11,25,2
10,5,11,26,1
10,5,11,27,0
10,5,11,28,0
10,5,11,29,0
10,5,11,30,2
10,5,11,31,1
10,5,11,32,0
10,5,11,33,0
10,5,11,34,0
10,5,11,35,0
10,5,11,36,2
10,5,11,37,1
10,5,11,38,5
10,5,11,39,0
10,5,11,40,0
10,5,11,41,2
10,5,11,42,4
10,5,11,43,0
10,5,11,44,3
10,5,11,45,1
10,5,11,46,0
10,5,11,47,1
10,5,11,48,0
10,5,11,49,1
10,5,11,50,0
10,5,11,51,0
10,5,11,52,0
10,5,11,53,0
10,5,11,54,0
10,5,11,55,0
10,5,11,56,0
10,5,11,57,0
10,5,11,58,2
10,5,11,59,0
10,5,11,60,0
10,5,11,61,6
10,5,11,62,2
10,5,11,63,2
10,5,11,64,1
10,5,11,65,0
10,5,11,66,0
10,5,11,67,0
10,5,11,68,0
10,5,11,69,3
10,5,11,70,3
10,5,11,71,2
10,5,11,72,1
10,5,11,73,0
10,5,11,74,0
10,5,11,75,0
10,5,11,76,0
10,5,11,77,0
10,5,11,78,0
10,5,11,79,0
10,5,11,80,5
10,5,11,81,0
10,5,11,82,0
10,5,11,83,2
10,5,11,84,1
10,5,11,85,0
10,5,11,86,0
10,5,11,87,0
10,5,11,88,0
10,5,11,89,2
10,5,11,90,1
10,5,11,91,0
10,5,11,92,0
10,5,11,93,0
10,5,11,94,0
10,5,11,95,0
10,5,11,96,1
10,5,11,97,0
10,5,11,98,0
10,5,11,99,0
10,5,11,100,0
10,5,11,101,8
10,5,11,102,6
10,5,11,103,9
10,5,11,104,4
10,5,11,105,9
10,5,11,106,3
10,5,11,107,1
10,5,11,108,0
10,5,11,109,2
10,5,11,110,0
10,5,11,111,3
10,5,11,112,4
10,5,11,113,1
10,5,11,114,0
10,5,11,115,0
10,5,11,116,3
10,5,11,117,2
10,5,11,118,1
10,5,11,119,1
10,5,12,0,0
10,5,12,1,0
10,5,12,2,0
10,5,12,3,0
10,5,12,4,0
10,5,12,5,0
10,5,12,6,0
10,5,12,7,0
10,5,12,8,0
10,5,12,9,0
10,5,12,10,0
10,5,12,11,0
10,5,12,12,0
10,5,12,13,0
10,5,12,14,1
10,5,12,15,0
10,5,12,16,0
10,5,12,17,0
10,5,12,18,4
10,5,12,19,2
10,5,12,20,4
10,5,12,21,0
10,5,12,22,5
10,5,12,23,0
10,5,12,24,3
10,5,12,25,1
10,5,12,26,0
10,5,12,27,1
10,5,12,28,0
10,5,12,29,8
10,5,12,30,1
10,5,12,31,0
10,5,12,32,6
10,5,12,33,4
10,5,12,34,4
10,5,12,35,3
10,5,12,36,0
10,5,12,37,3
10,5,12,38,2
10,5,12,39,1
10,5,12,40,0
10,5,12,41,0
10,5,12,42,0
10,5,12,43,0
10,5,12,44,1
10,5,12,45,0
10,5,12,46,0
10,5,12,47,0
10,5,12,48,0
10,5,12,49,3
10,5,12,50,2
10,5,12,51,4
10,5,12,52,2
10,5,12,53,1
10,5,12,54,0
10,5,12,55,0
10,5,12,56,1
10,5,12,57,0
10,5,12,58,1
10,5,12,59,0
10,5,12,60,0
10,5,12,61,0
10,5,12,62,4
10,5,12,63,1
10,5,12,64,0
10,5,12,65,2
10,5,12,66,1
10,5,12,67,0
10,5,12,68,0
10,5,12,69,0
10,5,12,70,0
10,5,12,71,3
10,5,12,72,0
10,5,12,73,0
10,5,12,74,0
10,5,12,75,1
10,5,12,76,0
10,5,12,77,0
10,5,12,78,0
10,5,12,79,1
10,5,12,80,1
10,5,12,81,0
10,5,12,82,0
10,5,12,83,0
10,5,12,84,2
10,5,12,85,1
10,5,12,86,0
10,5,12,87,6
10,5,12,88,5
10,5,12,89,4
10,5,12,90,5
10,5,12,91,2
10,5,12,92,1
10,5,12,93,0
10,5,12,94,0
10,5,12,95,4
10,5,12,96,1
10,5,12,97,3
10,5,12,98,3
10,5,12,99,4
10,5,12,100,2
10,5,12,101,1
10,5,12,102,0
10,5,12,103,0
10,5,12,104,1
10,5,12,105,0
10,5,12,106,0
10,5,12,107,0
10,5,12,108,0
10,5,12,109,0
10,5,12,110,0
10,5,12,111,0
10,5,12,112,0
10,5,12,113,1
10,5,12,114,0
10,5,12,115,1
10,5,12,116,0
10,5,12,117,0
10,5,12,118,1
10,5,12,119,0
10,5,12,120,0
10,5,12,121,1
10,5,12,122,0
10,5,12,123,0
10,5,12,124,0
10,5,12,125,0
10,5,12,126,1
10,10,1,0,0
10,10,1,1,0
10,10,1,2,0
10,10,1,3,0
10,10,1,4,0
10,10,1,5,1
10,10,1,6,0
10,10,1,7,0
10,10,1,8,1
10,10,1,9,0
10,10,1,10,0
10,10,1,11,0
10,10,1,12,5
10,10,1,13,4
10,10,1,14,2
10,10,1,15,1
10,10,1,16,0
10,10,1,17,4
10,10,1,18,1
10,10,1,19,0
10,10,1,20,8
10,10,1,21,6
10,10,1,22,5
10,10,1,23,8
10,10,1,24,7
10,10,1,25,5
10,10,1,26,3
10,10,1,27,7
10,10,1,28,6
10,10,1,29,5
10,10,1,30,3
10,10,1,31,3
10,10,1,32,3
10,10,1,33,2
10,10,1,34,1
10,10,1,35,0
10,10,1,36,1
10,10,1,37,0
10,10,1,38,0
10,10,1,39,1
10,10,1,40,0
10,10,1,41,0
10,10,1,42,0
10,10,1,43,35
10,10,1,44,7
10,10,1,45,6
10,10,1,46,0
10,10,1,47,0
10,10,1,48,0
10,10,1,49,5
10,10,1,50,5
10,10,1,51,3
10,10,1,52,3
10,10,1,53,2
10,10,1,54,1
10,10,1,55,0
10,10,1,56,12
10,10,1,57,24
10,10,1,58,1
10,10,1,59,0
10,10,1,60,0
10,10,1,61,0
10,10,1,62,12
10,10,1,63,18
10,10,1,64,7
10,10,1,65,11
10,10,1,66,11
10,10,1,67,0
10,10,1,68,0
10,10,1,69,4
10,10,1,70,26
10,10,1,71,3
10,10,1,72,23
10,10,1,73,13
10,10,1,74,16
10,10,1,75,1
10,10,1,76,0
10,10,1,77,2
10,10,1,78,11
10,10,1,79,20
10,10,1,80,31
10,10,1,81,0
10,10,1,82,0
10,10,1,83,28
10,10,1,84,6
10,10,1,85,23
10,10,1,86,21
10,10,1,87,3
10,10,1,88,1
10,10,1,89,0
10,10,1,90,1
10,10,1,91,0
10,10,1,92,19
10,10,1,93,1
10,10,1,94,0
10,10,1,95,0
10,10,1,96,7
10,10,1,97,31
10,10,1,98,30
10,10,1,99,19
10,10,1,100,28
10,10,1,101,25
10,10,1,102,0
10,10,1,103,24
10,10,1,104,17
10,10,1,105,23
10,10,1,106,0
10,10,1,107,23
10,10,1,108,8
10,10,1,109,23
10,10,1,110,7
10,10,1,111,20
10,10,1,112,17
10,10,1,113,0
10,10,1,114,16
10,10,1,115,1
10,10,1,116,0
10,10,1,117,1
10,10,1,118,0
10,10,1,119,14
10,10,1,120,17
10,10,1,121,0
10,10,1,122,0
10,10,1,123,15
10,10,1,124,5
10,10,1,125,12
10,10,1,126,10
10,10,1,127,12
10,10,1,128,9
10,10,1,129,9
10,10,1,130,8
10,10,1,131,8
10,10,1,132,5
10,10,1,133,6
10,10,1,134,4
10,10,1,135,2
10,10,1,136,1
10,10,1,137,3
10,10,1,138,0
10,10,1,139,3
10,10,1,140,2
10,10,1,141,1
10,10,1,142,2
10,10,1,143,1
10,10,1,144,0
10,10,1,145,0
10,10,1,146,0
10,10,1,147,0
10,10,1,148,0
10,10,1,149,1
10,10,2,0,0
10,10,2,1,0
10,10,2,2,0
10,10,2,3,0
10,10,2,4,0
10,10,2,5,0
10,10,2,6,0
10,10,2,7,1
10,10,2,8,0
10,10,2,9,0
10,10,2,10,0
10,10,2,11,0
10,10,2,12,2
10,10,2,13,1
10,10,2,14,0
10,10,2,15,0
10,10,2,16,4
10,10,2,17,0
10,10,2,18,10
10,10,2,19,8
10,10,2,20,4
10,10,2,21,9
10,10,2,22,9
10,10,2,23,4
10,10,2,24,0
10,10,2,25,6
10,10,2,26,6
10,10,2,27,5
10,10,2,28,7
10,10,2,29,19
10,10,2,30,5
10,10,2,31,11
10,10,2,32,3
10,10,2,33,31
10,10,2,34,1
10,10,2,35,0
10,10,2,36,8
10,10,2,37,8
10,10,2,38,7
10,10,2,39,7
10,10,2,40,7
10,10,2,41,3
10,10,2,42,9
10,10,2,43,7
10,10,2,44,13
10,10,2,45,3
10,10,2,46,2
10,10,2,47,0
10,10,2,48,13
10,10,2,49,7
10,10,2,50,0
10,10,2,51,5
10,10,2,52,4
10,10,2,53,8
10,10,2,54,14
10,10,2,55,14
10,10,2,56,28
10,10,2,57,23
10,10,2,58,2
10,10,2,59,18
10,10,2,60,6
10,10,2,61,4
10,10,2,62,4
10,10,2,63,3
10,10,2,64,8
10,10,2,65,0
10,10,2,66,0
10,10,2,67,6
10,10,2,68,7
10,10,2,69,5
10,10,2,70,3
10,10,2,71,2
10,10,2,72,5
10,10,2,73,7
10,10,2,74,1
10,10,2,75,0
10,10,2,76,0
10,10,2,77,0
10,10,2,78,0
10,10,2,79,0
10,10,2,80,1
10,10,2,81,1
10,10,2,82,0
10,10,2,83,2
10,10,2,84,1
10,10,2,85,4
10,10,2,86,0
10,10,2,87,2
10,10,2,88,0
10,10,2,89,32
10,10,2,90,0
10,10,2,91,4
10,10,2,92,3
10,10,2,93,22
10,10,2,94,4
10,10,2,95,3
10,10,2,96,21
10,10,2,97,0
10,10,2,98,0
10,10,2,99,21
10,10,2,100,0
10,10,2,101,5
10,10,2,102,4
10,10,2,103,4
10,10,2,104,4
10,10,2,105,2
10,10,2,106,20
10,10,2,107,16
10,10,2,108,19
10,10,2,109,16
10,10,2,110,16
10,10,2,111,7
10,10,2,112,11
10,10,2,113,14
10,10,2,114,15
10,10,2,115,11
10,10,2,116,13
10,10,2,117,9
10,10,2,118,8
10,10,2,119,9
10,10,2,120,7
10,10,2,121,1
10,10,2,122,0
10,10,2,123,0
10,10,2,124,4
10,10,2,125,5
10,10,2,126,8
10,10,2,127,6
10,10,2,128,3
10,10,2,129,2
10,10,2,130,1
10,10,2,131,0
10,10,2,132,1
10,10,2,133,0
10,10,2,134,1
10,10,2,135,0
10,10,2,136,0
10,10,2,137,1
10,10,2,138,0
10,10,2,139,0
10,10,2,140,0
10,10,2,141,0
10,10,2,142,0
10,10,2,143,0
10,10,2,144,1
10,10,2,145,0
10,10,2,146,0
10,10,2,147,1
10,10,3,0,0
10,10,3,1,0
10,10,3,2,0
10,10,3,3,0
10,10,3,4,0
10,10,3,5,0
10,10,3,6,0
10,10,3,7,1
10,10,3,8,0
10,10,3,9,0
10,10,3,10,0
10,10,3,11,2
10,10,3,12,1
10,10,3,13,0
10,10,3,14,9
10,10,3,15,3
10,10,3,16,2
10,10,3,17,6
10,10,3,18,7
10,10,3,19,8
10,10,3,20,7
10,10,3,21,6
10,10,3,22,5
10,10,3,23,3
10,10,3,24,2
10,10,3,25,1
10,10,3,26,0
10,10,3,27,0
10,10,3,28,4
10,10,3,29,11
10,10,3,30,2
10,10,3,31,12
10,10,3,32,0
10,10,3,33,36
10,10,3,34,15
10,10,3,35,0
10,10,3,36,11
10,10,3,37,16
10,10,3,38,15
10,10,3,39,16
10,10,3,40,8
10,10,3,41,9
10,10,3,42,7
10,10,3,43,7
10,10,3,44,26
10,10,3,45,3
10,10,3,46,2
10,10,3,47,1
10,10,3,48,0
10,10,3,49,3
10,10,3,50,4
10,10,3,51,3
10,10,3,52,2
10,10,3,53,1
10,10,3,54,0
10,10,3,55,1
10,10,3,56,0
10,10,3,57,0
10,10,3,58,2
10,10,3,59,3
10,10,3,60,2
10,10,3,61,14
10,10,3,62,2
10,10,3,63,0
10,10,3,64,15
10,10,3,65,14
10,10,3,66,15
10,10,3,67,10
10,10,3,68,6
10,10,3,69,8
10,10,3,70,5
10,10,3,71,0
10,10,3,72,5
10,10,3,73,8
10,10,3,74,6
10,10,3,75,5
10,10,3,76,1
10,10,3,77,0
10,10,3,78,2
10,10,3,79,2
10,10,3,80,0
10,10,3,81,0
10,10,3,82,0
10,10,3,83,2
10,10,3,84,1
10,10,3,85,0
10,10,3,86,0
10,10,3,87,0
10,10,3,88,0
10,10,3,89,4
10,10,3,90,2
10,10,3,91,1
10,10,3,92,0
10,10,3,93,1
10,10,3,94,0
10,10,3,95,0
10,10,3,96,0
10,10,3,97,0
10,10,3,98,8
10,10,3,99,0
10,10,3,100,7
10,10,3,101,19
10,10,3,102,7
10,10,3,103,6
10,10,3,104,20
10,10,3,105,16
10,10,3,106,1
10,10,3,107,0
10,10,3,108,21
10,10,3,109,19
10,10,3,110,0
10,10,3,111,5
10,10,3,112,19
10,10,3,113,19
10,10,3,114,3
10,10,3,115,1
10,10,3,116,0
10,10,3,117,0
10,10,3,118,1
10,10,3,119,0
10,10,3,120,2
10,10,3,121,15
10,10,3,122,16
10,10,3,123,0
10,10,3,124,0
10,10,3,125,4
10,10,3,126,13
10,10,3,127,8
10,10,3,128,12
10,10,3,129,0
10,10,3,130,4
10,10,3,131,9
10,10,3,132,7
10,10,3,133,6
10,10,3,134,2
10,10,3,135,1
10,10,3,136,0
10,10,3,137,0
10,10,3,138,0
10,10,3,139,0
10,10,3,140,0
10,10,3,141,5
10,10,3,142,5
10,10,3,143,4
10,10,3,144,1
10,10,3,145,0
10,10,3,146,0
10,10,3,147,2
10,10,3,148,1
10,10,4,0,0
10,10,4,1,0
10,10,4,2,0
10,10,4,3,0
10,10,4,4,0
10,10,4,5,0
10,10,4,6,0
10,10,4,7,1
10,10,4,8,0
10,10,4,9,0
10,10,4,10,0
10,10,4,11,3
10,10,4,12,2
10,10,4,13,4
10,10,4,14,3
10,10,4,15,0
10,10,4,16,4
10,10,4,17,2
10,10,4,18,1
10,10,4,19,0
10,10,4,20,0
10,10,4,21,10
10,10,4,22,8
10,10,4,23,8
10,10,4,24,5
10,10,4,25,5
10,10,4,26,2
10,10,4,27,13
10,10,4,28,12
10,10,4,29,9
10,10,4,30,11
10,10,4,31,6
10,10,4,32,8
10,10,4,33,5
10,10,4,34,6
10,10,4,35,3
10,10,4,36,5
10,10,4,37,14
10,10,4,38,4
10,10,4,39,6
10,10,4,40,4
10,10,4,41,5
10,10,4,42,5
10,10,4,43,0
10,10,4,44,0
10,10,4,45,24
10,10,4,46,2
10,10,4,47,4
10,10,4,48,3
10,10,4,49,2
10,10,4,50,1
10,10,4,51,0
10,10,4,52,0
10,10,4,53,2
10,10,4,54,1
10,10,4,55,0
10,10,4,56,0
10,10,4,57,4
10,10,4,58,2
10,10,4,59,6
10,10,4,60,1
10,10,4,61,0
10,10,4,62,3
10,10,4,63,2
10,10,4,64,0
10,10,4,65,2
10,10,4,66,0
10,10,4,67,0
10,10,4,68,0
10,10,4,69,7
10,10,4,70,6
10,10,4,71,5
10,10,4,72,6
10,10,4,73,4
10,10,4,74,2
10,10,4,75,2
10,10,4,76,0
10,10,4,77,0
10,10,4,78,1
10,10,4,79,0
10,10,4,80,26
10,10,4,81,1
10,10,4,82,0
10,10,4,83,2
10,10,4,84,22
10,10,4,85,4
10,10,4,86,0
10,10,4,87,5
10,10,4,88,3
10,10,4,89,16
10,10,4,90,2
10,10,4,91,1
10,10,4,92,0
10,10,4,93,0
10,10,4,94,1
10,10,4,95,0
10,10,4,96,0
10,10,4,97,0
10,10,4,98,20
10,10,4,99,21
10,10,4,100,2
10,10,4,101,10
10,10,4,102,2
10,10,4,103,18
10,10,4,104,23
10,10,4,105,2
10,10,4,106,3
10,10,4,107,17
10,10,4,108,0
10,10,4,109,6
10,10,4,110,18
10,10,4,111,1
10,10,4,112,0
10,10,4,113,0
10,10,4,114,15
10,10,4,115,14
10,10,4,116,13
10,10,4,117,3
10,10,4,118,11
10,10,4,119,9
10,10,4,120,11
10,10,4,121,10
10,10,4,122,8
10,10,4,123,10
10,10,4,124,2
10,10,4,125,7
10,10,4,126,7
10,10,4,127,5
10,10,4,128,1
10,10,4,129,0
10,10,4,130,4
10,10,4,131,3
10,10,4,132,2
10,10,4,133,0
10,10,4,134,0
10,10,4,135,2
10,10,4,136,1
10,10,4,137,0
10,10,4,138,2
10,10,4,139,0
10,10,4,140,0
10,10,4,141,0
10,10,4,142,0
10,10,4,143,1
10,10,5,0,0
10,10,5,1,0
10,10,5,2,0
10,10,5,3,0
10,10,5,4,0
10,10,5,5,1
10,10,5,6,0
10,10,5,7,0
10,10,5,8,0
10,10,5,9,1
10,10,5,10,0
10,10,5,11,0
10,10,5,12,4
10,10,5,13,3
10,10,5,14,2
10,10,5,15,1
10,10,5,16,0
10,10,5,17,3
10,10,5,18,1
10,10,5,19,0
10,10,5,20,0
10,10,5,21,0
10,10,5,22,0
10,10,5,23,0
10,10,5,24,10
10,10,5,25,9
10,10,5,26,10
10,10,5,27,8
10,10,5,28,9
10,10,5,29,8
10,10,5,30,7
10,10,5,31,9
10,10,5,32,0
10,10,5,33,22
10,10,5,34,9
10,10,5,35,21
10,10,5,36,6
10,10,5,37,8
10,10,5,38,7
10,10,5,39,4
10,10,5,40,2
10,10,5,41,3
10,10,5,42,2
10,10,5,43,1
10,10,5,44,0
10,10,5,45,0
10,10,5,46,12
10,10,5,47,14
10,10,5,48,31
10,10,5,49,30
10,10,5,50,32
10,10,5,51,18
10,10,5,52,3
10,10,5,53,1
10,10,5,54,0
10,10,5,55,1
10,10,5,56,0
10,10,5,57,0
10,10,5,58,0
10,10,5,59,1
10,10,5,60,0
10,10,5,61,16
10,10,5,62,0
10,10,5,63,17
10,10,5,64,24
10,10,5,65,14
10,10,5,66,17
10,10,5,67,13
10,10,5,68,5
10,10,5,69,12
10,10,5,70,10
10,10,5,71,15
10,10,5,72,13
10,10,5,73,0
10,10,5,74,9
10,10,5,75,13
10,10,5,76,3
10,10,5,77,10
10,10,5,78,0
10,10,5,79,0
10,10,5,80,10
10,10,5,81,23
10,10,5,82,7
10,10,5,83,10
10,10,5,84,21
10,10,5,85,6
10,10,5,86,6
10,10,5,87,12
10,10,5,88,4
10,10,5,89,4
10,10,5,90,2
10,10,5,91,1
10,10,5,92,0
10,10,5,93,0
10,10,5,94,0
10,10,5,95,11
10,10,5,96,0
10,10,5,97,0
10,10,5,98,15
10,10,5,99,10
10,10,5,100,16
10,10,5,101,7
10,10,5,102,11
10,10,5,103,3
10,10,5,104,4
10,10,5,105,3
10,10,5,106,1
10,10,5,107,0
10,10,5,108,8
10,10,5,109,8
10,10,5,110,6
10,10,5,111,6
10,10,5,112,5
10,10,5,113,4
10,10,5,114,9
10,10,5,115,0
10,10,5,116,0
10,10,5,117,0
10,10,5,118,6
10,10,5,119,4
10,10,5,120,4
10,10,5,121,7
10,10,5,122,2
10,10,5,123,1
10,10,5,124,0
10,10,5,125,2
10,10,5,126,6
10,10,5,127,5
10,10,5,128,0
10,10,5,129,0
10,10,5,130,1
10,10,5,131,0
10,10,5,132,0
10,10,5,133,0
10,10,5,134,8
10,10,5,135,0
10,10,5,136,6
10,10,5,137,0
10,10,5,138,0
10,10,5,139,6
10,10,5,140,1
10,10,5,141,0
10,10,5,142,4
10,10,5,143,3
10,10,5,144,2
10,10,5,145,1
10,10,5,146,0
10,10,5,147,0
10,10,5,148,0
10,10,5,149,0
10,10,5,150,1
10,10,6,0,0
10,10,6,1,0
10,10,6,2,0
10,10,6,3,0
10,10,6,4,0
10,10,6,5,1
10,10,6,6,0
10,10,6,7,0
10,10,6,8,1
10,10,6,9,0
10,10,6,10,0
10,10,6,11,0
10,10,6,12,0
10,10,6,13,2
10,10,6,14,1
10,10,6,15,0
10,10,6,16,0
10,10,6,17,0
10,10,6,18,0
10,10,6,19,8
10,10,6,20,1
10,10,6,21,0
10,10,6,22,11
10,10,6,23,10
10,10,6,24,9
10,10,6,25,9
10,10,6,26,6
10,10,6,27,8
10,10,6,28,16
10,10,6,29,19
10,10,6,30,24
10,10,6,31,17
10,10,6,32,22
10,10,6,33,16
10,10,6,34,23
10,10,6,35,22
10,10,6,36,17
10,10,6,37,17
10,10,6,38,0
10,10,6,39,0
10,10,6,40,8
10,10,6,41,19
10,10,6,42,7
10,10,6,43,13
10,10,6,44,10
10,10,6,45,7
10,10,6,46,9
10,10,6,47,13
10,10,6,48,12
10,10,6,49,9
10,10,6,50,10
10,10,6,51,7
10,10,6,52,8
10,10,6,53,1
10,10,6,54,0
10,10,6,55,0
10,10,6,56,4
10,10,6,57,18
10,10,6,58,11
10,10,6,59,4
10,10,6,60,4
10,10,6,61,0
10,10,6,62,3
10,10,6,63,3
10,10,6,64,5
10,10,6,65,0
10,10,6,66,0
10,10,6,67,3
10,10,6,68,2
10,10,6,69,2
10,10,6,70,32
10,10,6,71,1
10,10,6,72,0
10,10,6,73,0
10,10,6,74,0
10,10,6,75,0
10,10,6,76,6
10,10,6,77,32
10,10,6,78,10
10,10,6,79,8
10,10,6,80,2
10,10,6,81,1
10,10,6,82,0
10,10,6,83,29
10,10,6,84,1
10,10,6,85,0
10,10,6,86,5
10,10,6,87,0
10,10,6,88,5
10,10,6,89,2
10,10,6,90,1
10,10,6,91,0
10,10,6,92,0
10,10,6,93,0
10,10,6,94,12
10,10,6,95,0
10,10,6,96,11
10,10,6,97,7
10,10,6,98,3
10,10,6,99,28
10,10,6,100,25
10,10,6,101,22
10,10,6,102,7
10,10,6,103,7
10,10,6,104,9
10,10,6,105,9
10,10,6,106,7
10,10,6,107,4
10,10,6,108,5
10,10,6,109,18
10,10,6,110,5
10,10,6,111,3
10,10,6,112,2
10,10,6,113,4
10,10,6,114,4
10,10,6,115,2
10,10,6,116,1
10,10,6,117,0
10,10,6,118,0
10,10,6,119,13
10,10,6,120,0
10,10,6,121,6
10,10,6,122,4
10,10,6,123,2
10,10,6,124,4
10,10,6,125,5
10,10,6,126,4
10,10,6,127,2
10,10,6,128,0
10,10,6,129,4
10,10,6,130,5
10,10,6,131,2
10,10,6,132,1
10,10,6,133,0
10,10,6,134,3
10,10,6,135,2
10,10,6,136,0
10,10,6,137,0
10,10,6,138,0
10,10,6,139,0
10,10,6,140,2
10,10,6,141,1
10,10,6,142,0
10,10,6,143,0
10,10,6,144,0
10,10,6,145,0
10,10,6,146,0
10,10,6,147,0
10,10,6,148,0
10,10,6,149,0
10,10,6,150,1
10,10,7,0,0
10,10,7,1,0
10,10,7,2,0
10,10,7,3,0
10,10,7,4,0
10,10,7,5,0
10,10,7,6,0
10,10,7,7,0
10,10,7,8,0
10,10,7,9,2
10,10,7,10,1
10,10,7,11,0
10,10,7,12,1
10,10,7,13,0
10,10,7,14,3
10,10,7,15,2
10,10,7,16,0
10,10,7,17,0
10,10,7,18,0
10,10,7,19,9
10,10,7,20,7
10,10,7,21,9
10,10,7,22,9
10,10,7,23,13
10,10,7,24,10
10,10,7,25,7
10,10,7,26,8
10,10,7,27,8
10,10,7,28,7
10,10,7,29,8
10,10,7,30,16
10,10,7,31,7
10,10,7,32,4
10,10,7,33,20
10,10,7,34,9
10,10,7,35,22
10,10,7,36,11
10,10,7,37,9
10,10,7,38,10
10,10,7,39,10
10,10,7,40,10
10,10,7,41,8
10,10,7,42,3
10,10,7,43,9
10,10,7,44,7
10,10,7,45,8
10,10,7,46,6
10,10,7,47,4
10,10,7,48,5
10,10,7,49,4
10,10,7,50,3
10,10,7,51,3
10,10,7,52,0
10,10,7,53,0
10,10,7,54,0
10,10,7,55,0
10,10,7,56,7
10,10,7,57,5
10,10,7,58,0
10,10,7,59,1
10,10,7,60,0
10,10,7,61,0
10,10,7,62,13
10,10,7,63,6
10,10,7,64,4
10,10,7,65,4
10,10,7,66,12
10,10,7,67,10
10,10,7,68,5
10,10,7,69,4
10,10,7,70,0
10,10,7,71,0
10,10,7,72,0
10,10,7,73,9
10,10,7,74,8
10,10,7,75,7
10,10,7,76,14
10,10,7,77,36
10,10,7,78,11
10,10,7,79,2
10,10,7,80,5
10,10,7,81,0
10,10,7,82,4
10,10,7,83,3
10,10,7,84,2
10,10,7,85,0
10,10,7,86,0
10,10,7,87,1
10,10,7,88,0
10,10,7,89,0
10,10,7,90,0
10,10,7,91,0
10,10,7,92,0
10,10,7,93,5
10,10,7,94,4
10,10,7,95,16
10,10,7,96,20
10,10,7,97,20
10,10,7,98,14
10,10,7,99,7
10,10,7,100,4
10,10,7,101,24
10,10,7,102,25
10,10,7,103,23
10,10,7,104,20
10,10,7,105,1
10,10,7,106,0
10,10,7,107,21
10,10,7,108,20
10,10,7,109,15
10,10,7,110,14
10,10,7,111,14
10,10,7,112,12
10,10,7,113,0
10,10,7,114,12
10,10,7,115,3
10,10,7,116,17
10,10,7,117,12
10,10,7,118,8
10,10,7,119,6
10,10,7,120,0
10,10,7,121,9
10,10,7,122,8
10,10,7,123,6
10,10,7,124,10
10,10,7,125,7
10,10,7,126,8
10,10,7,127,8
10,10,7,128,5
10,10,7,129,7
10,10,7,130,0
10,10,7,131,4
10,10,7,132,3
10,10,7,133,3
10,10,7,134,1
10,10,7,135,0
10,10,7,136,2
10,10,7,137,1
10,10,8,0,0
10,10,8,1,0
10,10,8,2,0
10,10,8,3,0
10,10,8,4,0
10,10,8,5,1
10,10,8,6,0
10,10,8,7,1
10,10,8,8,0
10,10,8,9,0
10,10,8,10,0
10,10,8,11,0
10,10,8,12,0
10,10,8,13,0
10,10,8,14,4
10,10,8,15,10
10,10,8,16,9
10,10,8,17,7
10,10,8,18,9
10,10,8,19,8
10,10,8,20,9
10,10,8,21,7
10,10,8,22,6
10,10,8,23,9
10,10,8,24,7
10,10,8,25,7
10,10,8,26,6
10,10,8,27,8
10,10,8,28,10
10,10,8,29,6
10,10,8,30,8
10,10,8,31,2
10,10,8,32,4
10,10,8,33,0
10,10,8,34,20
10,10,8,35,2
10,10,8,36,7
10,10,8,37,11
10,10,8,38,0
10,10,8,39,9
10,10,8,40,2
10,10,8,41,32
10,10,8,42,0
10,10,8,43,0
10,10,8,44,25
10,10,8,45,20
10,10,8,46,16
10,10,8,47,19
10,10,8,48,1
10,10,8,49,0
10,10,8,50,0
10,10,8,51,2
10,10,8,52,10
10,10,8,53,4
10,10,8,54,0
10,10,8,55,34
10,10,8,56,0
10,10,8,57,18
10,10,8,58,21
10,10,8,59,17
10,10,8,60,0
10,10,8,61,5
10,10,8,62,9
10,10,8,63,3
10,10,8,64,8
10,10,8,65,7
10,10,8,66,3
10,10,8,67,0
10,10,8,68,4
10,10,8,69,22
10,10,8,70,1
10,10,8,71,0
10,10,8,72,3
10,10,8,73,2
10,10,8,74,3
10,10,8,75,2
10,10,8,76,10
10,10,8,77,2
10,10,8,78,1
10,10,8,79,0
10,10,8,80,0
10,10,8,81,0
10,10,8,82,0
10,10,8,83,0
10,10,8,84,2
10,10,8,85,0
10,10,8,86,0
10,10,8,87,40
10,10,8,88,37
10,10,8,89,38
10,10,8,90,14
10,10,8,91,28
10,10,8,92,7
10,10,8,93,0
10,10,8,94,9
10,10,8,95,7
10,10,8,96,10
10,10,8,97,8
10,10,8,98,8
10,10,8,99,7
10,10,8,100,16
10,10,8,101,0
10,10,8,102,0
10,10,8,103,0
10,10,8,104,16
10,10,8,105,16
10,10,8,106,19
10,10,8,107,13
10,10,8,108,9
10,10,8,109,9
10,10,8,110,10
10,10,8,111,10
10,10,8,112,10
10,10,8,113,10
10,10,8,114,14
10,10,8,115,15
10,10,8,116,11
10,10,8,117,9
10,10,8,118,13
10,10,8,119,2
10,10,8,120,2
10,10,8,121,2
10,10,8,122,1
10,10,8,123,0
10,10,8,124,8
10,10,8,125,1
10,10,8,126,0
10,10,8,127,0
10,10,8,128,0
10,10,8,129,1
10,10,8,130,0
10,10,8,131,1
10,10,8,132,8
10,10,8,133,7
10,10,8,134,5
10,10,8,135,6
10,10,8,136,5
10,10,8,137,4
10,10,8,138,3
10,10,8,139,2
10,10,8,140,1
10,10,9,0,0
10,10,9,1,0
10,10,9,2,0
10,10,9,3,0
10,10,9,4,0
10,10,9,5,0
10,10,9,6,0
10,10,9,7,2
10,10,9,8,1
10,10,9,9,0
10,10,9,10,1
10,10,9,11,0
10,10,9,12,0
10,10,9,13,1
10,10,9,14,0
10,10,9,15,0
10,10,9,16,0
10,10,9,17,4
10,10,9,18,3
10,10,9,19,8
10,10,9,20,7
10,10,9,21,9
10,10,9,22,9
10,10,9,23,16
10,10,9,24,9
10,10,9,25,21
10,10,9,26,10
10,10,9,27,10
10,10,9,28,7
10,10,9,29,23
10,10,9,30,7
10,10,9,31,6
10,10,9,32,3
10,10,9,33,6
10,10,9,34,0
10,10,9,35,4
10,10,9,36,4
10,10,9,37,16
10,10,9,38,16
10,10,9,39,17
10,10,9,40,16
10,10,9,41,13
10,10,9,42,4
10,10,9,43,11
10,10,9,44,11
10,10,9,45,10
10,10,9,46,7
10,10,9,47,0
10,10,9,48,9
10,10,9,49,8
10,10,9,50,6
10,10,9,51,6
10,10,9,52,2
10,10,9,53,1
10,10,9,54,0
10,10,9,55,0
10,10,9,56,33
10,10,9,57,2
10,10,9,58,2
10,10,9,59,1
10,10,9,60,0
10,10,9,61,5
10,10,9,62,0
10,10,9,63,3
10,10,9,64,0
10,10,9,65,2
10,10,9,66,1
10,10,9,67,0
10,10,9,68,0
10,10,9,69,0
10,10,9,70,10
10,10,9,71,9
10,10,9,72,7
10,10,9,73,5
10,10,9,74,0
10,10,9,75,5
10,10,9,76,6
10,10,9,77,5
10,10,9,78,5
10,10,9,79,4
10,10,9,80,2
10,10,9,81,5
10,10,9,82,3
10,10,9,83,0
10,10,9,84,4
10,10,9,85,3
10,10,9,86,2
10,10,9,87,8
10,10,9,88,2
10,10,9,89,1
10,10,9,90,0
10,10,9,91,1
10,10,9,92,0
10,10,9,93,6
10,10,9,94,5
10,10,9,95,0
10,10,9,96,6
10,10,9,97,0
10,10,9,98,7
10,10,9,99,1
10,10,9,100,0
10,10,9,101,4
10,10,9,102,3
10,10,9,103,2
10,10,9,104,1
10,10,9,105,0
10,10,9,106,0
10,10,9,107,2
10,10,9,108,19
10,10,9,109,10
10,10,9,110,0
10,10,9,111,1
10,10,9,112,0
10,10,9,113,0
10,10,9,114,8
10,10,9,115,3
10,10,9,116,9
10,10,9,117,14
10,10,9,118,8
10,10,9,119,7
10,10,9,120,15
10,10,9,121,13
10,10,9,122,4
10,10,9,123,0
10,10,9,124,3
10,10,9,125,4
10,10,9,126,3
10,10,9,127,2
10,10,9,128,2
10,10,9,129,1
10,10,9,130,0
10,10,9,131,0
10,10,9,132,3
10,10,9,133,3
10,10,9,134,2
10,10,9,135,1
10,10,9,136,0
10,10,9,137,2
10,10,9,138,1
10,10,9,139,0
10,10,9,140,0
10,10,9,141,2
10,10,9,142,0
10,10,9,143,0
10,10,9,144,1
10,10,10,0,0
10,10,10,1,0
10,10,10,2,0
10,10,10,3,0
10,10,10,4,0
10,10,10,5,0
10,10,10,6,0
10,10,10,7,3
10,10,10,8,1
10,10,10,9,0
10,10,10,10,0
10,10,10,11,0
10,10,10,12,3
10,10,10,13,3
10,10,10,14,4
10,10,10,15,3
10,10,10,16,1
10,10,10,17,0
10,10,10,18,4
10,10,10,19,4
10,10,10,20,7
10,10,10,21,9
10,10,10,22,6
10,10,10,23,5
10,10,10,24,0
10,10,10,25,7
10,10,10,26,5
10,10,10,27,6
10,10,10,28,7
10,10,10,29,4
10,10,10,30,3
10,10,10,31,3
10,10,10,32,2
10,10,10,33,0
10,10,10,34,0
10,10,10,35,0
10,10,10,36,28
10,10,10,37,0
10,10,10,38,23
10,10,10,39,20
10,10,10,40,19
10,10,10,41,1
10,10,10,42,0
10,10,10,43,0
10,10,10,44,7
10,10,10,45,22
10,10,10,46,17
10,10,10,47,20
10,10,10,48,3
10,10,10,49,2
10,10,10,50,16
10,10,10,51,14
10,10,10,52,12
10,10,10,53,0
10,10,10,54,0
10,10,10,55,18
10,10,10,56,0
10,10,10,57,16
10,10,10,58,16
10,10,10,59,0
10,10,10,60,49
10,10,10,61,19
10,10,10,62,15
10,10,10,63,12
10,10,10,64,21
10,10,10,65,39
10,10,10,66,11
10,10,10,67,11
10,10,10,68,11
10,10,10,69,11
10,10,10,70,5
10,10,10,71,26
10,10,10,72,6
10,10,10,73,16
10,10,10,74,21
10,10,10,75,6
10,10,10,76,4
10,10,10,77,3
10,10,10,78,0
10,10,10,79,0
10,10,10,80,0
10,10,10,81,9
10,10,10,82,9
10,10,10,83,0
10,10,10,84,7
10,10,10,85,4
10,10,10,86,5
10,10,10,87,3
10,10,10,88,16
10,10,10,89,0
10,10,10,90,0
10,10,10,91,0
10,10,10,92,20
10,10,10,93,23
10,10,10,94,0
10,10,10,95,20
10,10,10,96,5
10,10,10,97,4
10,10,10,98,4
10,10,10,99,2
10,10,10,100,15
10,10,10,101,13
10,10,10,102,1
10,10,10,103,0
10,10,10,104,13
10,10,10,105,19
10,10,10,106,14
10,10,10,107,3
10,10,10,108,11
10,10,10,109,1
10,10,10,110,0
10,10,10,111,0
10,10,10,112,1
10,10,10,113,0
10,10,10,114,11
10,10,10,115,14
10,10,10,116,5
10,10,10,117,12
10,10,10,118,2
10,10,10,119,8
10,10,10,120,1
10,10,10,121,0
10,10,10,122,11
10,10,10,123,0
10,10,10,124,0
10,10,10,125,0
10,10,10,126,7
10,10,10,127,7
10,10,10,128,5
10,10,10,129,4
10,10,10,130,4
10,10,10,131,4
10,10,10,132,2
10,10,10,133,4
10,10,10,134,3
10,10,10,135,2
10,10,10,136,1
10,10,10,137,0
10,10,10,138,0
10,10,10,139,0
10,10,10,140,0
10,10,10,141,0
10,10,10,142,0
10,10,10,143,0
10,10,10,144,0
10,10,10,145,0
10,10,10,146,1
10,10,11,0,0
10,10,11,1,0
10,10,11,2,0
10,10,11,3,0
10,10,11,4,0
10,10,11,5,0
10,10,11,6,0
10,10,11,7,0
10,10,11,8,0
10,10,11,9,0
10,10,11,10,2
10,10,11,11,1
10,10,11,12,0
10,10,11,13,3
10,10,11,14,2
10,10,11,15,5
10,10,11,16,0
10,10,11,17,5
10,10,11,18,3
10,10,11,19,4
10,10,11,20,5
10,10,11,21,5
10,10,11,22,4
10,10,11,23,2
10,10,11,24,1
10,10,11,25,0
10,10,11,26,6
10,10,11,27,8
10,10,11,28,11
10,10,11,29,8
10,10,11,30,0
10,10,11,31,8
10,10,11,32,6
10,10,11,33,21
10,10,11,34,9
10,10,11,35,10
10,10,11,36,5
10,10,11,37,6
10,10,11,38,14
10,10,11,39,7
10,10,11,40,7
10,10,11,41,6
10,10,11,42,4
10,10,11,43,4
10,10,11,44,1
10,10,11,45,0
10,10,11,46,1
10,10,11,47,0
10,10,11,48,0
10,10,11,49,0
10,10,11,50,4
10,10,11,51,2
10,10,11,52,4
10,10,11,53,0
10,10,11,54,2
10,10,11,55,1
10,10,11,56,0
10,10,11,57,1
10,10,11,58,0
10,10,11,59,7
10,10,11,60,2
10,10,11,61,1
10,10,11,62,0
10,10,11,63,9
10,10,11,64,8
10,10,11,65,6
10,10,11,66,0
10,10,11,67,4
10,10,11,68,4
10,10,11,69,0
10,10,11,70,4
10,10,11,71,4
10,10,11,72,2
10,10,11,73,1
10,10,11,74,0
10,10,11,75,1
10,10,11,76,0
10,10,11,77,0
10,10,11,78,0
10,10,11,79,0
10,10,11,80,4
10,10,11,81,0
10,10,11,82,11
10,10,11,83,11
10,10,11,84,0
10,10,11,85,11
10,10,11,86,8
10,10,11,87,9
10,10,11,88,8
10,10,11,89,8
10,10,11,90,26
10,10,11,91,27
10,10,11,92,7
10,10,11,93,13
10,10,11,94,27
10,10,11,95,5
10,10,11,96,24
10,10,11,97,3
10,10,11,98,0
10,10,11,99,2
10,10,11,100,1
10,10,11,101,0
10,10,11,102,0
10,10,11,103,0
10,10,11,104,0
10,10,11,105,22
10,10,11,106,22
10,10,11,107,11
10,10,11,108,11
10,10,11,109,11
10,10,11,110,8
10,10,11,111,1
10,10,11,112,0
10,10,11,113,20
10,10,11,114,7
10,10,11,115,20
10,10,11,116,7
10,10,11,117,6
10,10,11,118,5
10,10,11,119,9
10,10,11,120,0
10,10,11,121,17
10,10,11,122,2
10,10,11,123,6
10,10,11,124,5
10,10,11,125,12
10,10,11,126,11
10,10,11,127,3
10,10,11,128,0
10,10,11,129,2
10,10,11,130,2
10,10,11,131,0
10,10,11,132,8
10,10,11,133,0
10,10,11,134,5
10,10,11,135,5
10,10,11,136,1
10,10,11,137,0
10,10,11,138,0
10,10,11,139,5
10,10,11,140,3
10,10,11,141,3
10,10,11,142,1
10,10,11,143,0
10,10,11,144,1
10,10,12,0,0
10,10,12,1,0
10,10,12,2,0
10,10,12,3,0
10,10,12,4,0
10,10,12,5,0
10,10,12,6,2
10,10,12,7,1
10,10,12,8,0
10,10,12,9,0
10,10,12,10,0
10,10,12,11,0
10,10,12,12,1
10,10,12,13,0
10,10,12,14,0
10,10,12,15,9
10,10,12,16,8
10,10,12,17,6
10,10,12,18,4
10,10,12,19,5
10,10,12,20,4
10,10,12,21,3
10,10,12,22,0
10,10,12,23,14
10,10,12,24,10
10,10,12,25,15
10,10,12,26,8
10,10,12,27,12
10,10,12,28,10
10,10,12,29,22
10,10,12,30,23
10,10,12,31,9
10,10,12,32,8
10,10,12,33,6
10,10,12,34,8
10,10,12,35,5
10,10,12,36,2
10,10,12,37,4
10,10,12,38,2
10,10,12,39,1
10,10,12,40,0
10,10,12,41,0
10,10,12,42,0
10,10,12,43,9
10,10,12,44,10
10,10,12,45,0
10,10,12,46,9
10,10,12,47,10
10,10,12,48,0
10,10,12,49,0
10,10,12,50,3
10,10,12,51,13
10,10,12,52,8
10,10,12,53,9
10,10,12,54,0
10,10,12,55,8
10,10,12,56,15
10,10,12,57,11
10,10,12,58,10
10,10,12,59,12
10,10,12,60,0
10,10,12,61,0
10,10,12,62,10
10,10,12,63,8
10,10,12,64,6
10,10,12,65,5
10,10,12,66,3
10,10,12,67,11
10,10,12,68,4
10,10,12,69,4
10,10,12,70,1
10,10,12,71,0
10,10,12,72,1
10,10,12,73,0
10,10,12,74,8
10,10,12,75,6
10,10,12,76,0
10,10,12,77,24
10,10,12,78,0
10,10,12,79,0
10,10,12,80,7
10,10,12,81,5
10,10,12,82,5
10,10,12,83,0
10,10,12,84,5
10,10,12,85,3
10,10,12,86,3
10,10,12,87,2
10,10,12,88,13
10,10,12,89,24
10,10,12,90,0
10,10,12,91,0
10,10,12,92,4
10,10,12,93,7
10,10,12,94,0
10,10,12,95,23
10,10,12,96,6
10,10,12,97,5
10,10,12,98,26
10,10,12,99,24
10,10,12,100,5
10,10,12,101,3
10,10,12,102,3
10,10,12,103,2
10,10,12,104,1
10,10,12,105,0
10,10,12,106,1
10,10,12,107,0
10,10,12,108,0
10,10,12,109,22
10,10,12,110,7
10,10,12,111,1
10,10,12,112,2
10,10,12,113,14
10,10,12,114,0
10,10,12,115,5
10,10,12,116,4
10,10,12,117,12
10,10,12,118,0
10,10,12,119,10
10,10,12,120,0
10,10,12,121,13
10,10,12,122,9
10,10,12,123,10
10,10,12,124,3
10,10,12,125,2
10,10,12,126,2
10,10,12,127,8
10,10,12,128,0
10,10,12,129,9
10,10,12,130,5
10,10,12,131,4
10,10,12,132,6
10,10,12,133,6
10,10,12,134,5
10,10,12,135,4
10,10,12,136,1
10,10,12,137,3
10,10,12,138,1
10,10,12,139,0
10,10,12,140,0
10,10,12,141,1
10,15,1,0,0
10,15,1,1,0
10,15,1,2,0
10,15,1,3,0
10,15,1,4,0
10,15,1,5,0
10,15,1,6,3
10,15,1,7,1
10,15,1,8,0
10,15,1,9,3
10,15,1,10,0
10,15,1,11,0
10,15,1,12,5
10,15,1,13,4
10,15,1,14,7
10,15,1,15,4
10,15,1,16,14
10,15,1,17,13
10,15,1,18,10
10,15,1,19,10
10,15,1,20,8
10,15,1,21,13
10,15,1,22,10
10,15,1,23,11
10,15,1,24,12
10,15,1,25,33
10,15,1,26,38
10,15,1,27,16
10,15,1,28,30
10,15,1,29,30
10,15,1,30,29
10,15,1,31,28
10,15,1,32,28
10,15,1,33,27
10,15,1,34,27
10,15,1,35,25
10,15,1,36,37
10,15,1,37,46
10,15,1,38,84
10,15,1,39,33
10,15,1,40,30
10,15,1,41,88
10,15,1,42,32
10,15,1,43,13
10,15,1,44,30
10,15,1,45,50
10,15,1,46,72
10,15,1,47,69
10,15,1,48,27
10,15,1,49,36
10,15,1,50,45
10,15,1,51,77
10,15,1,52,17
10,15,1,53,63
10,15,1,54,17
10,15,1,55,49
10,15,1,56,21
10,15,1,57,20
10,15,1,58,67
10,15,1,59,37
10,15,1,60,17
10,15,1,61,14
10,15,1,62,5
10,15,1,63,15
10,15,1,64,36
10,15,1,65,9
10,15,1,66,31
10,15,1,67,58
10,15,1,68,45
10,15,1,69,38
10,15,1,70,7
10,15,1,71,11
10,15,1,72,34
10,15,1,73,26
10,15,1,74,10
10,15,1,75,31
10,15,1,76,0
10,15,1,77,39
10,15,1,78,60
10,15,1,79,21
10,15,1,80,19
10,15,1,81,58
10,15,1,82,56
10,15,1,83,55
10,15,1,84,17
10,15,1,85,7
10,15,1,86,7
10,15,1,87,11
10,15,1,88,4
10,15,1,89,50
10,15,1,90,7
10,15,1,91,4
10,15,1,92,7
10,15,1,93,45
10,15,1,94,43
10,15,1,95,0
10,15,1,96,0
10,15,1,97,51
10,15,1,98,6
10,15,1,99,2
10,15,1,100,45
10,15,1,101,20
10,15,1,102,1
10,15,1,103,0
10,15,1,104,0
10,15,1,105,30
10,15,1,106,0
10,15,1,107,43
10,15,1,108,44
10,15,1,109,42
10,15,1,110,20
10,15,1,111,41
10,15,1,112,39
10,15,1,113,36
10,15,1,114,37
10,15,1,115,34
10,15,1,116,39
10,15,1,117,16
10,15,1,118,34
10,15,1,119,33
10,15,1,120,32
10,15,1,121,34
10,15,1,122,3
10,15,1,123,20
10,15,1,124,30
10,15,1,125,16
10,15,1,126,19
10,15,1,127,18
10,15,1,128,17
10,15,1,129,13
10,15,1,130,13
10,15,1,131,27
10,15,1,132,20
10,15,1,133,11
10,15,1,134,9
10,15,1,135,10
10,15,1,136,19
10,15,1,137,13
10,15,1,138,20
10,15,1,139,9
10,15,1,140,16
10,15,1,141,9
10,15,1,142,17
10,15,1,143,4
10,15,1,144,8
10,15,1,145,12
10,15,1,146,13
10,15,1,147,12
10,15,1,148,14
10,15,1,149,14
10,15,1,150,14
10,15,1,151,11
10,15,1,152,3
10,15,1,153,1
10,15,1,154,0
10,15,1,155,1
10,15,1,156,0
10,15,1,157,6
10,15,1,158,7
10,15,1,159,6
10,15,1,160,4
10,15,1,161,2
10,15,1,162,1
10,15,1,163,0
10,15,1,164,1
10,15,1,165,0
10,15,1,166,0
10,15,1,167,1
10,15,1,168,0
10,15,1,169,0
10,15,1,170,1
10,15,2,0,0
10,15,2,1,0
10,15,2,2,0
10,15,2,3,0
10,15,2,4,0
10,15,2,5,0
10,15,2,6,0
10,15,2,7,0
10,15,2,8,2
10,15,2,9,3
10,15,2,10,2
10,15,2,11,2
10,15,2,12,1
10,15,2,13,1
10,15,2,14,0
10,15,2,15,0
10,15,2,16,0
10,15,2,17,10
10,15,2,18,0
10,15,2,19,13
10,15,2,20,12
10,15,2,21,16
10,15,2,22,14
10,15,2,23,14
10,15,2,24,15
10,15,2,25,13
10,15,2,26,35
10,15,2,27,15
10,15,2,28,32
10,15,2,29,10
10,15,2,30,13
10,15,2,31,11
10,15,2,32,31
10,15,2,33,29
10,15,2,34,14
10,15,2,35,11
10,15,2,36,57
10,15,2,37,11
10,15,2,38,27
10,15,2,39,40
10,15,2,40,86
10,15,2,41,86
10,15,2,42,7
10,15,2,43,14
10,15,2,44,32
10,15,2,45,30
10,15,2,46,34
10,15,2,47,8
10,15,2,48,8
10,15,2,49,80
10,15,2,50,11
10,15,2,51,69
10,15,2,52,71
10,15,2,53,76
10,15,2,54,7
10,15,2,55,23
10,15,2,56,69
10,15,2,57,6
10,15,2,58,63
10,15,2,59,24
10,15,2,60,22
10,15,2,61,66
10,15,2,62,72
10,15,2,63,25
10,15,2,64,43
10,15,2,65,71
10,15,2,66,74
10,15,2,67,67
10,15,2,68,34
10,15,2,69,0
10,15,2,70,21
10,15,2,71,22
10,15,2,72,20
10,15,2,73,17
10,15,2,74,58
10,15,2,75,57
10,15,2,76,58
10,15,2,77,45
10,15,2,78,65
10,15,2,79,63
10,15,2,80,37
10,15,2,81,54
10,15,2,82,55
10,15,2,83,39
10,15,2,84,55
10,15,2,85,39
10,15,2,86,55
10,15,2,87,0
10,15,2,88,51
10,15,2,89,0
10,15,2,90,20
10,15,2,91,18
10,15,2,92,18
10,15,2,93,51
10,15,2,94,22
10,15,2,95,0
10,15,2,96,50
10,15,2,97,37
10,15,2,98,33
10,15,2,99,46
10,15,2,100,23
10,15,2,101,41
10,15,2,102,47
10,15,2,103,44
10,15,2,104,46
10,15,2,105,41
10,15,2,106,40
10,15,2,107,34
10,15,2,108,6
10,15,2,109,8
10,15,2,110,28
10,15,2,111,27
10,15,2,112,10
10,15,2,113,40
10,15,2,114,33
10,15,2,115,25
10,15,2,116,33
10,15,2,117,33
10,15,2,118,29
10,15,2,119,34
10,15,2,120,32
10,15,2,121,29
10,15,2,122,28
10,15,2,123,31
10,15,2,124,28
10,15,2,125,26
10,15,2,126,23
10,15,2,127,22
10,15,2,128,22
10,15,2,129,19
10,15,2,130,23
10,15,2,131,20
10,15,2,132,18
10,15,2,133,19
10,15,2,134,19
10,15,2,135,23
10,15,2,136,19
10,15,2,137,20
10,15,2,138,21
10,15,2,139,22
10,15,2,140,19
10,15,2,141,16
10,15,2,142,15
10,15,2,143,15
10,15,2,144,14
10,15,2,145,13
10,15,2,146,14
10,15,2,147,10
10,15,2,148,11
10,15,2,149,10
10,15,2,150,9
10,15,2,151,9
10,15,2,152,9
10,15,2,153,8
10,15,2,154,5
10,15,2,155,7
10,15,2,156,7
10,15,2,157,6
10,15,2,158,4
10,15,2,159,5
10,15,2,160,5
10,15,2,161,4
10,15,2,162,4
10,15,2,163,2
10,15,2,164,1
10,15,2,165,0
10,15,2,166,0
10,15,2,167,0
10,15,2,168,0
10,15,2,169,0
10,15,2,170,0
10,15,2,171,0
10,15,2,172,0
10,15,2,173,0
10,15,2,174,0
10,15,2,175,0
10,15,2,176,0
10,15,2,177,0
10,15,2,178,0
10,15,2,179,0
10,15,2,180,1
10,15,3,0,0
10,15,3,1,0
10,15,3,2,0
10,15,3,3,0
10,15,3,4,0
10,15,3,5,0
10,15,3,6,0
10,15,3,7,3
10,15,3,8,2
10,15,3,9,1
10,15,3,10,0
10,15,3,11,6
10,15,3,12,5
10,15,3,13,4
10,15,3,14,11
10,15,3,15,10
10,15,3,16,9
10,15,3,17,6
10,15,3,18,6
10,15,3,19,3
10,15,3,20,5
10,15,3,21,8
10,15,3,22,4
10,15,3,23,15
10,15,3,24,14
10,15,3,25,56
10,15,3,26,13
10,15,3,27,10
10,15,3,28,52
10,15,3,29,61
10,15,3,30,8
10,15,3,31,9
10,15,3,32,29
10,15,3,33,7
10,15,3,34,12
10,15,3,35,13
10,15,3,36,13
10,15,3,37,52
10,15,3,38,36
10,15,3,39,14
10,15,3,40,83
10,15,3,41,91
10,15,3,42,82
10,15,3,43,34
10,15,3,44,48
10,15,3,45,46
10,15,3,46,45
10,15,3,47,76
10,15,3,48,44
10,15,3,49,12
10,15,3,50,36
10,15,3,51,49
10,15,3,52,76
10,15,3,53,32
10,15,3,54,31
10,15,3,55,26
10,15,3,56,49
10,15,3,57,25
10,15,3,58,14
10,15,3,59,39
10,15,3,60,39
10,15,3,61,72
10,15,3,62,27
10,15,3,63,64
10,15,3,64,45
10,15,3,65,13
10,15,3,66,23
10,15,3,67,68
10,15,3,68,11
10,15,3,69,63
10,15,3,70,60
10,15,3,71,63
10,15,3,72,61
10,15,3,73,43
10,15,3,74,39
10,15,3,75,11
10,15,3,76,2
10,15,3,77,56
10,15,3,78,58
10,15,3,79,60
10,15,3,80,54
10,15,3,81,22
10,15,3,82,39
10,15,3,83,51
10,15,3,84,9
10,15,3,85,56
10,15,3,86,49
10,15,3,87,49
10,15,3,88,50
10,15,3,89,51
10,15,3,90,3
10,15,3,91,51
10,15,3,92,46
10,15,3,93,48
10,15,3,94,17
10,15,3,95,47
10,15,3,96,41
10,15,3,97,18
10,15,3,98,41
10,15,3,99,9
10,15,3,100,20
10,15,3,101,20
10,15,3,102,34
10,15,3,103,39
10,15,3,104,5
10,15,3,105,40
10,15,3,106,38
10,15,3,107,8
10,15,3,108,2
10,15,3,109,8
10,15,3,110,7
10,15,3,111,7
10,15,3,112,7
10,15,3,113,5
10,15,3,114,1
10,15,3,115,0
10,15,3,116,33
10,15,3,117,1
10,15,3,118,0
10,15,3,119,29
10,15,3,120,5
10,15,3,121,5
10,15,3,122,3
10,15,3,123,4
10,15,3,124,20
10,15,3,125,11
10,15,3,126,0
10,15,3,127,0
10,15,3,128,17
10,15,3,129,24
10,15,3,130,0
10,15,3,131,24
10,15,3,132,15
10,15,3,133,26
10,15,3,134,23
10,15,3,135,24
10,15,3,136,16
10,15,3,137,14
10,15,3,138,23
10,15,3,139,10
10,15,3,140,13
10,15,3,141,13
10,15,3,142,0
10,15,3,143,0
10,15,3,144,14
10,15,3,145,18
10,15,3,146,10
10,15,3,147,0
10,15,3,148,16
10,15,3,149,3
10,15,3,150,10
10,15,3,151,10
10,15,3,152,8
10,15,3,153,0
10,15,3,154,8
10,15,3,155,9
10,15,3,156,7
10,15,3,157,7
10,15,3,158,6
10,15,3,159,4
10,15,3,160,5
10,15,3,161,4
10,15,3,162,7
10,15,3,163,4
10,15,3,164,3
10,15,3,165,2
10,15,3,166,1
10,15,3,167,1
10,15,3,168,0
10,15,3,169,0
10,15,3,170,2
10,15,3,171,1
10,15,4,0,0
10,15,4,1,0
10,15,4,2,0
10,15,4,3,0
10,15,4,4,0
10,15,4,5,0
10,15,4,6,2
10,15,4,7,1
10,15,4,8,0
10,15,4,9,1
10,15,4,10,0
10,15,4,11,0
10,15,4,12,0
10,15,4,13,0
10,15,4,14,15
10,15,4,15,17
10,15,4,16,6
10,15,4,17,5
10,15,4,18,13
10,15,4,19,11
10,15,4,20,11
10,15,4,21,14
10,15,4,22,14
10,15,4,23,12
10,15,4,24,13
10,15,4,25,9
10,15,4,26,15
10,15,4,27,9
10,15,4,28,14
10,15,4,29,13
10,15,4,30,12
10,15,4,31,13
10,15,4,32,12
10,15,4,33,73
10,15,4,34,35
10,15,4,35,93
10,15,4,36,5
10,15,4,37,29
10,15,4,38,31
10,15,4,39,52
10,15,4,40,51
10,15,4,41,31
10,15,4,42,20
10,15,4,43,24
10,15,4,44,57
10,15,4,45,12
10,15,4,46,25
10,15,4,47,30
10,15,4,48,12
10,15,4,49,23
10,15,4,50,50
10,15,4,51,13
10,15,4,52,13
10,15,4,53,20
10,15,4,54,24
10,15,4,55,20
10,15,4,56,30
10,15,4,57,73
10,15,4,58,67
10,15,4,59,19
10,15,4,60,39
10,15,4,61,43
10,15,4,62,63
10,15,4,63,68
10,15,4,64,21
10,15,4,65,65
10,15,4,66,44
10,15,4,67,61
10,15,4,68,19
10,15,4,69,12
10,15,4,70,68
10,15,4,71,70
10,15,4,72,9
10,15,4,73,16
10,15,4,74,37
10,15,4,75,20
10,15,4,76,5
10,15,4,77,63
10,15,4,78,35
10,15,4,79,16
10,15,4,80,37
10,15,4,81,11
10,15,4,82,8
10,15,4,83,48
10,15,4,84,55
10,15,4,85,8
10,15,4,86,5
10,15,4,87,31
10,15,4,88,30
10,15,4,89,5
10,15,4,90,3
10,15,4,91,4
10,15,4,92,2
10,15,4,93,2
10,15,4,94,1
10,15,4,95,0
10,15,4,96,49
10,15,4,97,46
10,15,4,98,2
10,15,4,99,13
10,15,4,100,1
10,15,4,101,0
10,15,4,102,29
10,15,4,103,30
10,15,4,104,46
10,15,4,105,44
10,15,4,106,24
10,15,4,107,9
10,15,4,108,26
10,15,4,109,24
10,15,4,110,39
10,15,4,111,36
10,15,4,112,32
10,15,4,113,24
10,15,4,114,22
10,15,4,115,26
10,15,4,116,34
10,15,4,117,24
10,15,4,118,24
10,15,4,119,10
10,15,4,120,21
10,15,4,121,19
10,15,4,122,19
10,15,4,123,18
10,15,4,124,16
10,15,4,125,20
10,15,4,126,21
10,15,4,127,24
10,15,4,128,16
10,15,4,129,14
10,15,4,130,6
10,15,4,131,23
10,15,4,132,13
10,15,4,133,15
10,15,4,134,4
10,15,4,135,11
10,15,4,136,12
10,15,4,137,14
10,15,4,138,13
10,15,4,139,19
10,15,4,140,0
10,15,4,141,11
10,15,4,142,15
10,15,4,143,7
10,15,4,144,5
10,15,4,145,3
10,15,4,146,12
10,15,4,147,9
10,15,4,148,8
10,15,4,149,0
10,15,4,150,5
10,15,4,151,5
10,15,4,152,11
10,15,4,153,5
10,15,4,154,3
10,15,4,155,3
10,15,4,156,2
10,15,4,157,1
10,15,4,158,1
10,15,4,159,0
10,15,4,160,2
10,15,4,161,1
10,15,4,162,0
10,15,4,163,0
10,15,4,164,0
10,15,4,165,3
10,15,4,166,0
10,15,4,167,2
10,15,4,168,1
10,15,4,169,0
10,15,4,170,1
10,15,5,0,0
10,15,5,1,0
10,15,5,2,0
10,15,5,3,0
10,15,5,4,0
10,15,5,5,0
10,15,5,6,0
10,15,5,7,2
10,15,5,8,1
10,15,5,9,1
10,15,5,10,0
10,15,5,11,2
10,15,5,12,1
10,15,5,13,0
10,15,5,14,6
10,15,5,15,15
10,15,5,16,5
10,15,5,17,6
10,15,5,18,5
10,15,5,19,2
10,15,5,20,18
10,15,5,21,15
10,15,5,22,17
10,15,5,23,15
10,15,5,24,13
10,15,5,25,14
10,15,5,26,10
10,15,5,27,13
10,15,5,28,13
10,15,5,29,11
10,15,5,30,11
10,15,5,31,12
10,15,5,32,9
10,15,5,33,11
10,15,5,34,7
10,15,5,35,7
10,15,5,36,39
10,15,5,37,7
10,15,5,38,7
10,15,5,39,83
10,15,5,40,7
10,15,5,41,48
10,15,5,42,33
10,15,5,43,6
10,15,5,44,45
10,15,5,45,70
10,15,5,46,31
10,15,5,47,6
10,15,5,48,45
10,15,5,49,35
10,15,5,50,31
10,15,5,51,75
10,15,5,52,30
10,15,5,53,6
10,15,5,54,76
10,15,5,55,33
10,15,5,56,74
10,15,5,57,74
10,15,5,58,26
10,15,5,59,74
10,15,5,60,69
10,15,5,61,21
10,15,5,62,0
10,15,5,63,65
10,15,5,64,19
10,15,5,65,16
10,15,5,66,50
10,15,5,67,52
10,15,5,68,56
10,15,5,69,9
10,15,5,70,10
10,15,5,71,7
10,15,5,72,58
10,15,5,73,61
10,15,5,74,38
10,15,5,75,8
10,15,5,76,47
10,15,5,77,44
10,15,5,78,56
10,15,5,79,51
10,15,5,80,44
10,15,5,81,38
10,15,5,82,36
10,15,5,83,38
10,15,5,84,34
10,15,5,85,1
10,15,5,86,0
10,15,5,87,49
10,15,5,88,4
10,15,5,89,20
10,15,5,90,55
10,15,5,91,22
10,15,5,92,2
10,15,5,93,52
10,15,5,94,6
10,15,5,95,47
10,15,5,96,5
10,15,5,97,4
10,15,5,98,35
10,15,5,99,35
10,15,5,100,41
10,15,5,101,6
10,15,5,102,5
10,15,5,103,16
10,15,5,104,43
10,15,5,105,23
10,15,5,106,42
10,15,5,107,40
10,15,5,108,36
10,15,5,109,18
10,15,5,110,18
10,15,5,111,30
10,15,5,112,37
10,15,5,113,0
10,15,5,114,13
10,15,5,115,12
10,15,5,116,9
10,15,5,117,14
10,15,5,118,11
10,15,5,119,10
10,15,5,120,31
10,15,5,121,30
10,15,5,122,27
10,15,5,123,7
10,15,5,124,6
10,15,5,125,10
10,15,5,126,25
10,15,5,127,10
10,15,5,128,22
10,15,5,129,4
10,15,5,130,23
10,15,5,131,9
10,15,5,132,8
10,15,5,133,6
10,15,5,134,22
10,15,5,135,22
10,15,5,136,23
10,15,5,137,20
10,15,5,138,18
10,15,5,139,18
10,15,5,140,4
10,15,5,141,2
10,15,5,142,10
10,15,5,143,16
10,15,5,144,11
10,15,5,145,14
10,15,5,146,14
10,15,5,147,13
10,15,5,148,11
10,15,5,149,0
10,15,5,150,4
10,15,5,151,10
10,15,5,152,5
10,15,5,153,5
10,15,5,154,5
10,15,5,155,2
10,15,5,156,1
10,15,5,157,0
10,15,5,158,5
10,15,5,159,0
10,15,5,160,0
10,15,5,161,0
10,15,5,162,5
10,15,5,163,3
10,15,5,164,2
10,15,5,165,0
10,15,5,166,0
10,15,5,167,1
10,15,5,168,0
10,15,5,169,1
10,15,6,0,0
10,15,6,1,0
10,15,6,2,0
10,15,6,3,0
10,15,6,4,0
10,15,6,5,1
10,15,6,6,0
10,15,6,7,4
10,15,6,8,2
10,15,6,9,2
10,15,6,10,0
10,15,6,11,0
10,15,6,12,2
10,15,6,13,1
10,15,6,14,4
10,15,6,15,3
10,15,6,16,0
10,15,6,17,1
10,15,6,18,0
10,15,6,19,11
10,15,6,20,6
10,15,6,21,12
10,15,6,22,6
10,15,6,23,8
10,15,6,24,10
10,15,6,25,12
10,15,6,26,0
10,15,6,27,16
10,15,6,28,15
10,15,6,29,14
10,15,6,30,15
10,15,6,31,12
10,15,6,32,13
10,15,6,33,11
10,15,6,34,8
10,15,6,35,16
10,15,6,36,78
10,15,6,37,81
10,15,6,38,9
10,15,6,39,14
10,15,6,40,12
10,15,6,41,13
10,15,6,42,12
10,15,6,43,29
10,15,6,44,76
10,15,6,45,92
10,15,6,46,23
10,15,6,47,74
10,15,6,48,79
10,15,6,49,78
10,15,6,50,81
10,15,6,51,76
10,15,6,52,74
10,15,6,53,21
10,15,6,54,70
10,15,6,55,16
10,15,6,56,24
10,15,6,57,43
10,15,6,58,67
10,15,6,59,52
10,15,6,60,67
10,15,6,61,62
10,15,6,62,72
10,15,6,63,19
10,15,6,64,17
10,15,6,65,63
10,15,6,66,14
10,15,6,67,64
10,15,6,68,8
10,15,6,69,14
10,15,6,70,15
10,15,6,71,16
10,15,6,72,65
10,15,6,73,41
10,15,6,74,47
10,15,6,75,28
10,15,6,76,9
10,15,6,77,45
10,15,6,78,58
10,15,6,79,60
10,15,6,80,57
10,15,6,81,59
10,15,6,82,2
10,15,6,83,12
10,15,6,84,37
10,15,6,85,57
10,15,6,86,52
10,15,6,87,54
10,15,6,88,53
10,15,6,89,14
10,15,6,90,11
10,15,6,91,44
10,15,6,92,20
10,15,6,93,54
10,15,6,94,43
10,15,6,95,49
10,15,6,96,50
10,15,6,97,49
10,15,6,98,18
10,15,6,99,16
10,15,6,100,46
10,15,6,101,14
10,15,6,102,34
10,15,6,103,14
10,15,6,104,35
10,15,6,105,13
10,15,6,106,38
10,15,6,107,7
10,15,6,108,40
10,15,6,109,35
10,15,6,110,12
10,15,6,111,6
10,15,6,112,11
10,15,6,113,31
10,15,6,114,10
10,15,6,115,31
10,15,6,116,36
10,15,6,117,34
10,15,6,118,3
10,15,6,119,33
10,15,6,120,8
10,15,6,121,5
10,15,6,122,9
10,15,6,123,28
10,15,6,124,26
10,15,6,125,27
10,15,6,126,28
10,15,6,127,7
10,15,6,128,26
10,15,6,129,2
10,15,6,130,23
10,15,6,131,2
10,15,6,132,0
10,15,6,133,1
10,15,6,134,0
10,15,6,135,0
10,15,6,136,0
10,15,6,137,15
10,15,6,138,15
10,15,6,139,23
10,15,6,140,20
10,15,6,141,19
10,15,6,142,18
10,15,6,143,0
10,15,6,144,15
10,15,6,145,14
10,15,6,146,0
10,15,6,147,15
10,15,6,148,13
10,15,6,149,13
10,15,6,150,11
10,15,6,151,11
10,15,6,152,9
10,15,6,153,11
10,15,6,154,0
10,15,6,155,10
10,15,6,156,10
10,15,6,157,7
10,15,6,158,0
10,15,6,159,0
10,15,6,160,9
10,15,6,161,9
10,15,6,162,9
10,15,6,163,0
10,15,6,164,7
10,15,6,165,6
10,15,6,166,5
10,15,6,167,5
10,15,6,168,4
10,15,6,169,4
10,15,6,170,3
10,15,6,171,2
10,15,6,172,1
10,15,6,173,1
10,15,7,0,0
10,15,7,1,0
10,15,7,2,0
10,15,7,3,0
10,15,7,4,0
10,15,7,5,0
10,15,7,6,0
10,15,7,7,4
10,15,7,8,6
10,15,7,9,3
10,15,7,10,1
10,15,7,11,0
10,15,7,12,0
10,15,7,13,0
10,15,7,14,11
10,15,7,15,9
10,15,7,16,5
10,15,7,17,10
10,15,7,18,9
10,15,7,19,8
10,15,7,20,13
10,15,7,21,12
10,15,7,22,17
10,15,7,23,9
10,15,7,24,6
10,15,7,25,9
10,15,7,26,36
10,15,7,27,39
10,15,7,28,7
10,15,7,29,14
10,15,7,30,30
10,15,7,31,9
10,15,7,32,53
10,15,7,33,89
10,15,7,34,24
10,15,7,35,8
10,15,7,36,7
10,15,7,37,6
10,15,7,38,29
10,15,7,39,34
10,15,7,40,9
10,15,7,41,29
10,15,7,42,44
10,15,7,43,39
10,15,7,44,78
10,15,7,45,76
10,15,7,46,80
10,15,7,47,73
10,15,7,48,75
10,15,7,49,77
10,15,7,50,18
10,15,7,51,72
10,15,7,52,52
10,15,7,53,69
10,15,7,54,15
10,15,7,55,67
10,15,7,56,16
10,15,7,57,18
10,15,7,58,16
10,15,7,59,17
10,15,7,60,64
10,15,7,61,11
10,15,7,62,67
10,15,7,63,23
10,15,7,64,29
10,15,7,65,4
10,15,7,66,67
10,15,7,67,17
10,15,7,68,16
10,15,7,69,66
10,15,7,70,61
10,15,7,71,61
10,15,7,72,25
10,15,7,73,11
10,15,7,74,10
10,15,7,75,58
10,15,7,76,57
10,15,7,77,24
10,15,7,78,50
10,15,7,79,19
10,15,7,80,53
10,15,7,81,47
10,15,7,82,22
10,15,7,83,56
10,15,7,84,24
10,15,7,85,6
10,15,7,86,20
10,15,7,87,4
10,15,7,88,21
10,15,7,89,45
10,15,7,90,13
10,15,7,91,52
10,15,7,92,0
10,15,7,93,46
10,15,7,94,23
10,15,7,95,48
10,15,7,96,5
10,15,7,97,46
10,15,7,98,6
10,15,7,99,5
10,15,7,100,4
10,15,7,101,45
10,15,7,102,46
10,15,7,103,10
10,15,7,104,40
10,15,7,105,36
10,15,7,106,0
10,15,7,107,0
10,15,7,108,0
10,15,7,109,39
10,15,7,110,17
10,15,7,111,15
10,15,7,112,41
10,15,7,113,36
10,15,7,114,35
10,15,7,115,6
10,15,7,116,32
10,15,7,117,4
10,15,7,118,13
10,15,7,119,30
10,15,7,120,32
10,15,7,121,28
10,15,7,122,29
10,15,7,123,29
10,15,7,124,24
10,15,7,125,27
10,15,7,126,21
10,15,7,127,27
10,15,7,128,24
10,15,7,129,25
10,15,7,130,23
10,15,7,131,25
10,15,7,132,23
10,15,7,133,24
10,15,7,134,19
10,15,7,135,22
10,15,7,136,20
10,15,7,137,12
10,15,7,138,16
10,15,7,139,14
10,15,7,140,14
10,15,7,141,14
10,15,7,142,15
10,15,7,143,14
10,15,7,144,16
10,15,7,145,14
10,15,7,146,13
10,15,7,147,10
10,15,7,148,4
10,15,7,149,13
10,15,7,150,2
10,15,7,151,9
10,15,7,152,8
10,15,7,153,9
10,15,7,154,7
10,15,7,155,0
10,15,7,156,7
10,15,7,157,2
10,15,7,158,6
10,15,7,159,6
10,15,7,160,5
10,15,7,161,4
10,15,7,162,1
10,15,7,163,0
10,15,7,164,2
10,15,7,165,1
10,15,8,0,0
10,15,8,1,0
10,15,8,2,0
10,15,8,3,0
10,15,8,4,0
10,15,8,5,2
10,15,8,6,1
10,15,8,7,0
10,15,8,8,1
10,15,8,9,2
10,15,8,10,1
10,15,8,11,0
10,15,8,12,4
10,15,8,13,3
10,15,8,14,2
10,15,8,15,2
10,15,8,16,6
10,15,8,17,3
10,15,8,18,1
10,15,8,19,8
10,15,8,20,6
10,15,8,21,14
10,15,8,22,27
10,15,8,23,0
10,15,8,24,52
10,15,8,25,14
10,15,8,26,10
10,15,8,27,15
10,15,8,28,10
10,15,8,29,52
10,15,8,30,11
10,15,8,31,12
10,15,8,32,13
10,15,8,33,29
10,15,8,34,12
10,15,8,35,33
10,15,8,36,13
10,15,8,37,50
10,15,8,38,28
10,15,8,39,11
10,15,8,40,29
10,15,8,41,82
10,15,8,42,12
10,15,8,43,9
10,15,8,44,15
10,15,8,45,14
10,15,8,46,15
10,15,8,47,13
10,15,8,48,12
10,15,8,49,11
10,15,8,50,36
10,15,8,51,9
10,15,8,52,46
10,15,8,53,11
10,15,8,54,72
10,15,8,55,8
10,15,8,56,72
10,15,8,57,76
10,15,8,58,35
10,15,8,59,50
10,15,8,60,75
10,15,8,61,18
10,15,8,62,15
10,15,8,63,37
10,15,8,64,17
10,15,8,65,9
10,15,8,66,36
10,15,8,67,53
10,15,8,68,56
10,15,8,69,17
10,15,8,70,58
10,15,8,71,0
10,15,8,72,52
10,15,8,73,61
10,15,8,74,50
10,15,8,75,63
10,15,8,76,62
10,15,8,77,62
10,15,8,78,4
10,15,8,79,14
10,15,8,80,65
10,15,8,81,12
10,15,8,82,15
10,15,8,83,30
10,15,8,84,42
10,15,8,85,41
10,15,8,86,6
10,15,8,87,7
10,15,8,88,39
10,15,8,89,28
10,15,8,90,40
10,15,8,91,5
10,15,8,92,48
10,15,8,93,6
10,15,8,94,48
10,15,8,95,4
10,15,8,96,12
10,15,8,97,49
10,15,8,98,6
10,15,8,99,31
10,15,8,100,0
10,15,8,101,46
10,15,8,102,7
10,15,8,103,43
10,15,8,104,14
10,15,8,105,41
10,15,8,106,31
10,15,8,107,40
10,15,8,108,38
10,15,8,109,25
10,15,8,110,4
10,15,8,111,2
10,15,8,112,40
10,15,8,113,27
10,15,8,114,32
10,15,8,115,34
10,15,8,116,0
10,15,8,117,0
10,15,8,118,3
10,15,8,119,30
10,15,8,120,2
10,15,8,121,30
10,15,8,122,31
10,15,8,123,29
10,15,8,124,27
10,15,8,125,29
10,15,8,126,10
10,15,8,127,24
10,15,8,128,25
10,15,8,129,19
10,15,8,130,0
10,15,8,131,27
10,15,8,132,24
10,15,8,133,20
10,15,8,134,20
10,15,8,135,15
10,15,8,136,16
10,15,8,137,8
10,15,8,138,5
10,15,8,139,17
10,15,8,140,14
10,15,8,141,15
10,15,8,142,13
10,15,8,143,5
10,15,8,144,18
10,15,8,145,16
10,15,8,146,16
10,15,8,147,17
10,15,8,148,15
10,15,8,149,8
10,15,8,150,7
10,15,8,151,6
10,15,8,152,5
10,15,8,153,10
10,15,8,154,3
10,15,8,155,2
10,15,8,156,0
10,15,8,157,1
10,15,8,158,0
10,15,8,159,7
10,15,8,160,6
10,15,8,161,2
10,15,8,162,0
10,15,8,163,4
10,15,8,164,3
10,15,8,165,1
10,15,8,166,0
10,15,8,167,0
10,15,8,168,3
10,15,8,169,1
10,15,8,170,1
10,15,8,171,0
10,15,8,172,0
10,15,8,173,1
10,15,9,0,0
10,15,9,1,0
10,15,9,2,0
10,15,9,3,0
10,15,9,4,0
10,15,9,5,2
10,15,9,6,1
10,15,9,7,0
10,15,9,8,0
10,15,9,9,0
10,15,9,10,3
10,15,9,11,2
10,15,9,12,4
10,15,9,13,3
10,15,9,14,3
10,15,9,15,2
10,15,9,16,10
10,15,9,17,3
10,15,9,18,2
10,15,9,19,6
10,15,9,20,18
10,15,9,21,35
10,15,9,22,42
10,15,9,23,17
10,15,9,24,12
10,15,9,25,8
10,15,9,26,10
10,15,9,27,53
10,15,9,28,24
10,15,9,29,9
10,15,9,30,9
10,15,9,31,29
10,15,9,32,8
10,15,9,33,8
10,15,9,34,32
10,15,9,35,32
10,15,9,36,31
10,15,9,37,11
10,15,9,38,45
10,15,9,39,30
10,15,9,40,44
10,15,9,41,43
10,15,9,42,42
10,15,9,43,42
10,15,9,44,80
10,15,9,45,40
10,15,9,46,32
10,15,9,47,49
10,15,9,48,28
10,15,9,49,24
10,15,9,50,75
10,15,9,51,86
10,15,9,52,12
10,15,9,53,12
10,15,9,54,78
10,15,9,55,38
10,15,9,56,45
10,15,9,57,40
10,15,9,58,11
10,15,9,59,36
10,15,9,60,39
10,15,9,61,38
10,15,9,62,17
10,15,9,63,41
10,15,9,64,69
10,15,9,65,19
10,15,9,66,66
10,15,9,67,33
10,15,9,68,18
10,15,9,69,44
10,15,9,70,41
10,15,9,71,45
10,15,9,72,16
10,15,9,73,45
10,15,9,74,41
10,15,9,75,46
10,15,9,76,63
10,15,9,77,26
10,15,9,78,47
10,15,9,79,24
10,15,9,80,23
10,15,9,81,21
10,15,9,82,19
10,15,9,83,20
10,15,9,84,19
10,15,9,85,22
10,15,9,86,31
10,15,9,87,29
10,15,9,88,29
10,15,9,89,33
10,15,9,90,15
10,15,9,91,47
10,15,9,92,26
10,15,9,93,51
10,15,9,94,53
10,15,9,95,46
10,15,9,96,0
10,15,9,97,52
10,15,9,98,11
10,15,9,99,15
10,15,9,100,12
10,15,9,101,12
10,15,9,102,27
10,15,9,103,27
10,15,9,104,20
10,15,9,105,19
10,15,9,106,25
10,15,9,107,18
10,15,9,108,23
10,15,9,109,21
10,15,9,110,22
10,15,9,111,0
10,15,9,112,0
10,15,9,113,7
10,15,9,114,18
10,15,9,115,6
10,15,9,116,19
10,15,9,117,24
10,15,9,118,10
10,15,9,119,37
10,15,9,120,21
10,15,9,121,19
10,15,9,122,30
10,15,9,123,30
10,15,9,124,29
10,15,9,125,19
10,15,9,126,18
10,15,9,127,27
10,15,9,128,26
10,15,9,129,25
10,15,9,130,23
10,15,9,131,22
10,15,9,132,0
10,15,9,133,1
10,15,9,134,0
10,15,9,135,21
10,15,9,136,0
10,15,9,137,11
10,15,9,138,15
10,15,9,139,1
10,15,9,140,0
10,15,9,141,19
10,15,9,142,14
10,15,9,143,12
10,15,9,144,15
10,15,9,145,10
10,15,9,146,6
10,15,9,147,1
10,15,9,148,0
10,15,9,149,6
10,15,9,150,4
10,15,9,151,12
10,15,9,152,2
10,15,9,153,6
10,15,9,154,3
10,15,9,155,3
10,15,9,156,0
10,15,9,157,4
10,15,9,158,6
10,15,9,159,0
10,15,9,160,5
10,15,9,161,1
10,15,9,162,0
10,15,9,163,5
10,15,9,164,4
10,15,9,165,3
10,15,9,166,2
10,15,9,167,1
10,15,9,168,1
10,15,9,169,0
10,15,9,170,0
10,15,9,171,0
10,15,9,172,0
10,15,9,173,1
10,15,10,0,0
10,15,10,1,0
10,15,10,2,0
10,15,10,3,0
10,15,10,4,0
10,15,10,5,1
10,15,10,6,0
10,15,10,7,0
10,15,10,8,2
10,15,10,9,1
10,15,10,10,0
10,15,10,11,4
10,15,10,12,3
10,15,10,13,2
10,15,10,14,1
10,15,10,15,0
10,15,10,16,9
10,15,10,17,3
10,15,10,18,12
10,15,10,19,5
10,15,10,20,5
10,15,10,21,10
10,15,10,22,18
10,15,10,23,9
10,15,10,24,15
10,15,10,25,7
10,15,10,26,17
10,15,10,27,17
10,15,10,28,13
10,15,10,29,12
10,15,10,30,49
10,15,10,31,11
10,15,10,32,41
10,15,10,33,46
10,15,10,34,30
10,15,10,35,19
10,15,10,36,12
10,15,10,37,12
10,15,10,38,79
10,15,10,39,15
10,15,10,40,81
10,15,10,41,66
10,15,10,42,46
10,15,10,43,44
10,15,10,44,72
10,15,10,45,8
10,15,10,46,83
10,15,10,47,61
10,15,10,48,78
10,15,10,49,23
10,15,10,50,77
10,15,10,51,77
10,15,10,52,61
10,15,10,53,76
10,15,10,54,23
10,15,10,55,40
10,15,10,56,50
10,15,10,57,21
10,15,10,58,18
10,15,10,59,18
10,15,10,60,56
10,15,10,61,72
10,15,10,62,75
10,15,10,63,70
10,15,10,64,8
10,15,10,65,69
10,15,10,66,64
10,15,10,67,18
10,15,10,68,20
10,15,10,69,51
10,15,10,70,52
10,15,10,71,19
10,15,10,72,17
10,15,10,73,24
10,15,10,74,22
10,15,10,75,17
10,15,10,76,0
10,15,10,77,51
10,15,10,78,54
10,15,10,79,62
10,15,10,80,51
10,15,10,81,47
10,15,10,82,48
10,15,10,83,43
10,15,10,84,0
10,15,10,85,55
10,15,10,86,37
10,15,10,87,45
10,15,10,88,22
10,15,10,89,51
10,15,10,90,45
10,15,10,91,43
10,15,10,92,12
10,15,10,93,46
10,15,10,94,43
10,15,10,95,25
10,15,10,96,46
10,15,10,97,41
10,15,10,98,44
10,15,10,99,39
10,15,10,100,16
10,15,10,101,17
10,15,10,102,12
10,15,10,103,43
10,15,10,104,40
10,15,10,105,40
10,15,10,106,36
10,15,10,107,9
10,15,10,108,36
10,15,10,109,37
10,15,10,110,37
10,15,10,111,37
10,15,10,112,8
10,15,10,113,23
10,15,10,114,34
10,15,10,115,6
10,15,10,116,30
10,15,10,117,37
10,15,10,118,30
10,15,10,119,21
10,15,10,120,31
10,15,10,121,31
10,15,10,122,25
10,15,10,123,28
10,15,10,124,25
10,15,10,125,28
10,15,10,126,23
10,15,10,127,27
10,15,10,128,25
10,15,10,129,20
10,15,10,130,5
10,15,10,131,11
10,15,10,132,21
10,15,10,133,21
10,15,10,134,11
10,15,10,135,21
10,15,10,136,15
10,15,10,137,6
10,15,10,138,4
10,15,10,139,18
10,15,10,140,15
10,15,10,141,14
10,15,10,142,15
10,15,10,143,17
10,15,10,144,14
10,15,10,145,10
10,15,10,146,10
10,15,10,147,2
10,15,10,148,13
10,15,10,149,8
10,15,10,150,11
10,15,10,151,8
10,15,10,152,8
10,15,10,153,5
10,15,10,154,4
10,15,10,155,4
10,15,10,156,4
10,15,10,157,3
10,15,10,158,2
10,15,10,159,1
10,15,10,160,1
10,15,10,161,0
10,15,10,162,0
10,15,10,163,1
10,15,10,164,0
10,15,10,165,0
10,15,10,166,0
10,15,10,167,0
10,15,10,168,0
10,15,10,169,0
10,15,10,170,0
10,15,10,171,0
10,15,10,172,0
10,15,10,173,0
10,15,10,174,0
10,15,10,175,0
10,15,10,176,0
10,15,10,177,1
10,15,11,0,0
10,15,11,1,0
10,15,11,2,0
10,15,11,3,0
10,15,11,4,0
10,15,11,5,0
10,15,11,6,2
10,15,11,7,0
10,15,11,8,0
10,15,11,9,2
10,15,11,10,3
10,15,11,11,2
10,15,11,12,1
10,15,11,13,0
10,15,11,14,3
10,15,11,15,2
10,15,11,16,2
10,15,11,17,9
10,15,11,18,8
10,15,11,19,3
10,15,11,20,3
10,15,11,21,9
10,15,11,22,12
10,15,11,23,0
10,15,11,24,8
10,15,11,25,15
10,15,11,26,13
10,15,11,27,11
10,15,11,28,17
10,15,11,29,32
10,15,11,30,33
10,15,11,31,34
10,15,11,32,15
10,15,11,33,11
10,15,11,34,15
10,15,11,35,49
10,15,11,36,48
10,15,11,37,12
10,15,11,38,12
10,15,11,39,11
10,15,11,40,45
10,15,11,41,11
10,15,11,42,22
10,15,11,43,45
10,15,11,44,39
10,15,11,45,41
10,15,11,46,38
10,15,11,47,21
10,15,11,48,40
10,15,11,49,40
10,15,11,50,5
10,15,11,51,42
10,15,11,52,43
10,15,11,53,45
10,15,11,54,66
10,15,11,55,46
10,15,11,56,42
10,15,11,57,5
10,15,11,58,49
10,15,11,59,73
10,15,11,60,70
10,15,11,61,70
10,15,11,62,74
10,15,11,63,36
10,15,11,64,45
10,15,11,65,48
10,15,11,66,46
10,15,11,67,71
10,15,11,68,41
10,15,11,69,41
10,15,11,70,10
10,15,11,71,32
10,15,11,72,7
10,15,11,73,36
10,15,11,74,42
10,15,11,75,1
10,15,11,76,0
10,15,11,77,36
10,15,11,78,64
10,15,11,79,59
10,15,11,80,24
10,15,11,81,60
10,15,11,82,22
10,15,11,83,0
10,15,11,84,38
10,15,11,85,34
10,15,11,86,32
10,15,11,87,53
10,15,11,88,41
10,15,11,89,51
10,15,11,90,47
10,15,11,91,51
10,15,11,92,45
10,15,11,93,48
10,15,11,94,31
10,15,11,95,23
10,15,11,96,47
10,15,11,97,23
10,15,11,98,2
10,15,11,99,44
10,15,11,100,15
10,15,11,101,13
10,15,11,102,40
10,15,11,103,0
10,15,11,104,0
10,15,11,105,40
10,15,11,106,0
10,15,11,107,46
10,15,11,108,42
10,15,11,109,38
10,15,11,110,24
10,15,11,111,15
10,15,11,112,39
10,15,11,113,33
10,15,11,114,32
10,15,11,115,29
10,15,11,116,35
10,15,11,117,34
10,15,11,118,27
10,15,11,119,33
10,15,11,120,31
10,15,11,121,30
10,15,11,122,28
10,15,11,123,23
10,15,11,124,32
10,15,11,125,29
10,15,11,126,0
10,15,11,127,27
10,15,11,128,21
10,15,11,129,19
10,15,11,130,25
10,15,11,131,19
10,15,11,132,22
10,15,11,133,14
10,15,11,134,23
10,15,11,135,19
10,15,11,136,6
10,15,11,137,7
10,15,11,138,17
10,15,11,139,15
10,15,11,140,13
10,15,11,141,12
10,15,11,142,11
10,15,11,143,13
10,15,11,144,0
10,15,11,145,0
10,15,11,146,11
10,15,11,147,14
10,15,11,148,14
10,15,11,149,13
10,15,11,150,0
10,15,11,151,9
10,15,11,152,12
10,15,11,153,12
10,15,11,154,10
10,15,11,155,10
10,15,11,156,9
10,15,11,157,9
10,15,11,158,5
10,15,11,159,4
10,15,11,160,7
10,15,11,161,4
10,15,11,162,2
10,15,11,163,0
10,15,11,164,0
10,15,11,165,1
10,15,11,166,0
10,15,11,167,1
10,15,11,168,0
10,15,11,169,0
10,15,11,170,0
10,15,11,171,0
10,15,11,172,2
10,15,11,173,1
10,15,11,174,0
10,15,11,175,1
10,15,12,0,0
10,15,12,1,0
10,15,12,2,0
10,15,12,3,0
10,15,12,4,0
10,15,12,5,0
10,15,12,6,0
10,15,12,7,3
10,15,12,8,2
10,15,12,9,1
10,15,12,10,0
10,15,12,11,3
10,15,12,12,3
10,15,12,13,2
10,15,12,14,10
10,15,12,15,11
10,15,12,16,10
10,15,12,17,4
10,15,12,18,0
10,15,12,19,9
10,15,12,20,8
10,15,12,21,15
10,15,12,22,11
10,15,12,23,10
10,15,12,24,8
10,15,12,25,8
10,15,12,26,8
10,15,12,27,31
10,15,12,28,27
10,15,12,29,8
10,15,12,30,8
10,15,12,31,28
10,15,12,32,75
10,15,12,33,11
10,15,12,34,9
10,15,12,35,26
10,15,12,36,12
10,15,12,37,10
10,15,12,38,7
10,15,12,39,7
10,15,12,40,39
10,15,12,41,87
10,15,12,42,7
10,15,12,43,5
10,15,12,44,8
10,15,12,45,8
10,15,12,46,61
10,15,12,47,6
10,15,12,48,5
10,15,12,49,65
10,15,12,50,41
10,15,12,51,64
10,15,12,52,34
10,15,12,53,33
10,15,12,54,36
10,15,12,55,32
10,15,12,56,33
10,15,12,57,6
10,15,12,58,29
10,15,12,59,66
10,15,12,60,8
10,15,12,61,27
10,15,12,62,28
10,15,12,63,26
10,15,12,64,53
10,15,12,65,23
10,15,12,66,64
10,15,12,67,17
10,15,12,68,17
10,15,12,69,14
10,15,12,70,61
10,15,12,71,23
10,15,12,72,10
10,15,12,73,11
10,15,12,74,56
10,15,12,75,55
10,15,12,76,10
10,15,12,77,58
10,15,12,78,24
10,15,12,79,22
10,15,12,80,53
10,15,12,81,58
10,15,12,82,55
10,15,12,83,7
10,15,12,84,4
10,15,12,85,36
10,15,12,86,3
10,15,12,87,39
10,15,12,88,38
10,15,12,89,0
10,15,12,90,23
10,15,12,91,20
10,15,12,92,29
10,15,12,93,27
10,15,12,94,46
10,15,12,95,13
10,15,12,96,48
10,15,12,97,11
10,15,12,98,32
10,15,12,99,10
10,15,12,100,0
10,15,12,101,28
10,15,12,102,18
10,15,12,103,19
10,15,12,104,47
10,15,12,105,0
10,15,12,106,47
10,15,12,107,42
10,15,12,108,13
10,15,12,109,12
10,15,12,110,37
10,15,12,111,37
10,15,12,112,17
10,15,12,113,10
10,15,12,114,38
10,15,12,115,36
10,15,12,116,20
10,15,12,117,18
10,15,12,118,17
10,15,12,119,11
10,15,12,120,31
10,15,12,121,11
10,15,12,122,8
10,15,12,123,25
10,15,12,124,6
10,15,12,125,0
10,15,12,126,11
10,15,12,127,7
10,15,12,128,8
10,15,12,129,8
10,15,12,130,10
10,15,12,131,8
10,15,12,132,7
10,15,12,133,26
10,15,12,134,4
10,15,12,135,17
10,15,12,136,0
10,15,12,137,0
10,15,12,138,23
10,15,12,139,0
10,15,12,140,22
10,15,12,141,0
10,15,12,142,0
10,15,12,143,13
10,15,12,144,17
10,15,12,145,10
10,15,12,146,0
10,15,12,147,13
10,15,12,148,10
10,15,12,149,8
10,15,12,150,8
10,15,12,151,0
10,15,12,152,9
10,15,12,153,14
10,15,12,154,11
10,15,12,155,9
10,15,12,156,9
10,15,12,157,8
10,15,12,158,8
10,15,12,159,6
10,15,12,160,5
10,15,12,161,0
10,15,12,162,6
10,15,12,163,0
10,15,12,164,6
10,15,12,165,6
10,15,12,166,2
10,15,12,167,1
10,15,12,168,0
10,15,12,169,3
10,15,12,170,2
10,15,12,171,0
10,15,12,172,0
10,15,12,173,1
10,20,1,0,0
10,20,1,1,0
10,20,1,2,0
10,20,1,3,0
10,20,1,4,0
10,20,1,5,0
10,20,1,6,4
10,20,1,7,1
10,20,1,8,0
10,20,1,9,2
10,20,1,10,1
10,20,1,11,0
10,20,1,12,0
10,20,1,13,1
10,20,1,14,0
10,20,1,15,25
10,20,1,16,14
10,20,1,17,13
10,20,1,18,14
10,20,1,19,20
10,20,1,20,15
10,20,1,21,15
10,20,1,22,16
10,20,1,23,22
10,20,1,24,20
10,20,1,25,16
10,20,1,26,15
10,20,1,27,44
10,20,1,28,16
10,20,1,29,23
10,20,1,30,26
10,20,1,31,95
10,20,1,32,17
10,20,1,33,63
10,20,1,34,11
10,20,1,35,11
10,20,1,36,11
10,20,1,37,108
10,20,1,38,10
10,20,1,39,108
10,20,1,40,104
10,20,1,41,21
10,20,1,42,17
10,20,1,43,90
10,20,1,44,105
10,20,1,45,97
10,20,1,46,97
10,20,1,47,97
10,20,1,48,97
10,20,1,49,102
10,20,1,50,97
10,20,1,51,92
10,20,1,52,86
10,20,1,53,89
10,20,1,54,90
10,20,1,55,94
10,20,1,56,91
10,20,1,57,93
10,20,1,58,84
10,20,1,59,85
10,20,1,60,55
10,20,1,61,93
10,20,1,62,91
10,20,1,63,89
10,20,1,64,91
10,20,1,65,10
10,20,1,66,83
10,20,1,67,88
10,20,1,68,81
10,20,1,69,82
10,20,1,70,85
10,20,1,71,80
10,20,1,72,82
10,20,1,73,84
10,20,1,74,22
10,20,1,75,22
10,20,1,76,23
10,20,1,77,20
10,20,1,78,83
10,20,1,79,19
10,20,1,80,81
10,20,1,81,75
10,20,1,82,72
10,20,1,83,74
10,20,1,84,75
10,20,1,85,77
10,20,1,86,57
10,20,1,87,79
10,20,1,88,38
10,20,1,89,77
10,20,1,90,21
10,20,1,91,38
10,20,1,92,74
10,20,1,93,71
10,20,1,94,38
10,20,1,95,68
10,20,1,96,65
10,20,1,97,63
10,20,1,98,62
10,20,1,99,48
10,20,1,100,62
10,20,1,101,58
10,20,1,102,61
10,20,1,103,63
10,20,1,104,63
10,20,1,105,65
10,20,1,106,66
10,20,1,107,61
10,20,1,108,61
10,20,1,109,61
10,20,1,110,62
10,20,1,111,59
10,20,1,112,37
10,20,1,113,59
10,20,1,114,49
10,20,1,115,59
10,20,1,116,58
10,20,1,117,56
10,20,1,118,51
10,20,1,119,30
10,20,1,120,51
10,20,1,121,53
10,20,1,122,48
10,20,1,123,47
10,20,1,124,50
10,20,1,125,47
10,20,1,126,48
10,20,1,127,42
10,20,1,128,46
10,20,1,129,45
10,20,1,130,42
10,20,1,131,37
10,20,1,132,39
10,20,1,133,38
10,20,1,134,32
10,20,1,135,31
10,20,1,136,41
10,20,1,137,33
10,20,1,138,34
10,20,1,139,38
10,20,1,140,32
10,20,1,141,36
10,20,1,142,34
10,20,1,143,36
10,20,1,144,36
10,20,1,145,37
10,20,1,146,35
10,20,1,147,32
10,20,1,148,32
10,20,1,149,31
10,20,1,150,30
10,20,1,151,30
10,20,1,152,31
10,20,1,153,28
10,20,1,154,22
10,20,1,155,32
10,20,1,156,24
10,20,1,157,31
10,20,1,158,27
10,20,1,159,27
10,20,1,160,29
10,20,1,161,26
10,20,1,162,27
10,20,1,163,28
10,20,1,164,21
10,20,1,165,21
10,20,1,166,22
10,20,1,167,22
10,20,1,168,20
10,20,1,169,18
10,20,1,170,15
10,20,1,171,14
10,20,1,172,11
10,20,1,173,17
10,20,1,174,11
10,20,1,175,17
10,20,1,176,16
10,20,1,177,16
10,20,1,178,15
10,20,1,179,15
10,20,1,180,13
10,20,1,181,13
10,20,1,182,13
10,20,1,183,12
10,20,1,184,10
10,20,1,185,10
10,20,1,186,11
10,20,1,187,10
10,20,1,188,11
10,20,1,189,11
10,20,1,190,10
10,20,1,191,11
10,20,1,192,10
10,20,1,193,8
10,20,1,194,8
10,20,1,195,8
10,20,1,196,7
10,20,1,197,8
10,20,1,198,5
10,20,1,199,6
10,20,1,200,5
10,20,1,201,4
10,20,1,202,3
10,20,1,203,5
10,20,1,204,3
10,20,1,205,2
10,20,1,206,3
10,20,1,207,1
10,20,1,208,0
10,20,1,209,0
10,20,1,210,1
10,20,2,0,0
10,20,2,1,0
10,20,2,2,0
10,20,2,3,0
10,20,2,4,0
10,20,2,5,0
10,20,2,6,0
10,20,2,7,2
10,20,2,8,1
10,20,2,9,0
10,20,2,10,5
10,20,2,11,3
10,20,2,12,0
10,20,2,13,15
10,20,2,14,0
10,20,2,15,24
10,20,2,16,21
10,20,2,17,22
10,20,2,18,18
10,20,2,19,19
10,20,2,20,19
10,20,2,21,20
10,20,2,22,15
10,20,2,23,20
10,20,2,24,48
10,20,2,25,42
10,20,2,26,17
10,20,2,27,52
10,20,2,28,101
10,20,2,29,53
10,20,2,30,45
10,20,2,31,42
10,20,2,32,15
10,20,2,33,12
10,20,2,34,14
10,20,2,35,46
10,20,2,36,42
10,20,2,37,41
10,20,2,38,43
10,20,2,39,71
10,20,2,40,92
10,20,2,41,35
10,20,2,42,39
10,20,2,43,35
10,20,2,44,103
10,20,2,45,35
10,20,2,46,97
10,20,2,47,94
10,20,2,48,92
10,20,2,49,94
10,20,2,50,85
10,20,2,51,99
10,20,2,52,35
10,20,2,53,94
10,20,2,54,93
10,20,2,55,91
10,20,2,56,91
10,20,2,57,86
10,20,2,58,46
10,20,2,59,93
10,20,2,60,96
10,20,2,61,31
10,20,2,62,11
10,20,2,63,94
10,20,2,64,27
10,20,2,65,91
10,20,2,66,87
10,20,2,67,82
10,20,2,68,83
10,20,2,69,84
10,20,2,70,85
10,20,2,71,82
10,20,2,72,68
10,20,2,73,82
10,20,2,74,30
10,20,2,75,81
10,20,2,76,80
10,20,2,77,73
10,20,2,78,66
10,20,2,79,64
10,20,2,80,66
10,20,2,81,71
10,20,2,82,73
10,20,2,83,76
10,20,2,84,71
10,20,2,85,64
10,20,2,86,23
10,20,2,87,73
10,20,2,88,12
10,20,2,89,67
10,20,2,90,40
10,20,2,91,73
10,20,2,92,64
10,20,2,93,69
10,20,2,94,66
10,20,2,95,66
10,20,2,96,69
10,20,2,97,69
10,20,2,98,68
10,20,2,99,67
10,20,2,100,63
10,20,2,101,63
10,20,2,102,60
10,20,2,103,58
10,20,2,104,61
10,20,2,105,57
10,20,2,106,56
10,20,2,107,53
10,20,2,108,54
10,20,2,109,56
10,20,2,110,60
10,20,2,111,60
10,20,2,112,56
10,20,2,113,58
10,20,2,114,53
10,20,2,115,56
10,20,2,116,60
10,20,2,117,52
10,20,2,118,53
10,20,2,119,51
10,20,2,120,11
10,20,2,121,44
10,20,2,122,49
10,20,2,123,49
10,20,2,124,43
10,20,2,125,43
10,20,2,126,45
10,20,2,127,46
10,20,2,128,47
10,20,2,129,48
10,20,2,130,41
10,20,2,131,46
10,20,2,132,47
10,20,2,133,43
10,20,2,134,42
10,20,2,135,43
10,20,2,136,38
10,20,2,137,38
10,20,2,138,39
10,20,2,139,38
10,20,2,140,38
10,20,2,141,38
10,20,2,142,38
10,20,2,143,34
10,20,2,144,34
10,20,2,145,36
10,20,2,146,34
10,20,2,147,33
10,20,2,148,33
10,20,2,149,33
10,20,2,150,27
10,20,2,151,36
10,20,2,152,35
10,20,2,153,32
10,20,2,154,33
10,20,2,155,33
10,20,2,156,23
10,20,2,157,26
10,20,2,158,31
10,20,2,159,29
10,20,2,160,28
10,20,2,161,26
10,20,2,162,26
10,20,2,163,24
10,20,2,164,27
10,20,2,165,23
10,20,2,166,22
10,20,2,167,22
10,20,2,168,22
10,20,2,169,22
10,20,2,170,22
10,20,2,171,17
10,20,2,172,20
10,20,2,173,14
10,20,2,174,17
10,20,2,175,18
10,20,2,176,16
10,20,2,177,15
10,20,2,178,13
10,20,2,179,14
10,20,2,180,15
10,20,2,181,13
10,20,2,182,11
10,20,2,183,12
10,20,2,184,13
10,20,2,185,13
10,20,2,186,12
10,20,2,187,12
10,20,2,188,11
10,20,2,189,12
10,20,2,190,10
10,20,2,191,7
10,20,2,192,7
10,20,2,193,6
10,20,2,194,7
10,20,2,195,8
10,20,2,196,7
10,20,2,197,7
10,20,2,198,7
10,20,2,199,5
10,20,2,200,6
10,20,2,201,5
10,20,2,202,5
10,20,2,203,5
10,20,2,204,4
10,20,2,205,3
10,20,2,206,3
10,20,2,207,1
10,20,2,208,0
10,20,2,209,0
10,20,2,210,0
10,20,2,211,1
10,20,3,0,0
10,20,3,1,0
10,20,3,2,0
10,20,3,3,0
10,20,3,4,0
10,20,3,5,0
10,20,3,6,2
10,20,3,7,0
10,20,3,8,0
10,20,3,9,4
10,20,3,10,3
10,20,3,11,2
10,20,3,12,1
10,20,3,13,0
10,20,3,14,22
10,20,3,15,4
10,20,3,16,13
10,20,3,17,16
10,20,3,18,23
10,20,3,19,21
10,20,3,20,15
10,20,3,21,13
10,20,3,22,19
10,20,3,23,20
10,20,3,24,17
10,20,3,25,19
10,20,3,26,19
10,20,3,27,42
10,20,3,28,55
10,20,3,29,70
10,20,3,30,38
10,20,3,31,39
10,20,3,32,37
10,20,3,33,65
10,20,3,34,106
10,20,3,35,43
10,20,3,36,105
10,20,3,37,61
10,20,3,38,103
10,20,3,39,98
10,20,3,40,87
10,20,3,41,17
10,20,3,42,16
10,20,3,43,15
10,20,3,44,104
10,20,3,45,100
10,20,3,46,102
10,20,3,47,100
10,20,3,48,98
10,20,3,49,101
10,20,3,50,97
10,20,3,51,94
10,20,3,52,93
10,20,3,53,28
10,20,3,54,94
10,20,3,55,92
10,20,3,56,61
10,20,3,57,85
10,20,3,58,58
10,20,3,59,86
10,20,3,60,84
10,20,3,61,89
10,20,3,62,84
10,20,3,63,90
10,20,3,64,86
10,20,3,65,84
10,20,3,66,86
10,20,3,67,89
10,20,3,68,88
10,20,3,69,84
10,20,3,70,80
10,20,3,71,72
10,20,3,72,15
10,20,3,73,82
10,20,3,74,79
10,20,3,75,37
10,20,3,76,78
10,20,3,77,82
10,20,3,78,77
10,20,3,79,78
10,20,3,80,76
10,20,3,81,76
10,20,3,82,77
10,20,3,83,76
10,20,3,84,79
10,20,3,85,71
10,20,3,86,73
10,20,3,87,72
10,20,3,88,71
10,20,3,89,73
10,20,3,90,70
10,20,3,91,69
10,20,3,92,70
10,20,3,93,69
10,20,3,94,70
10,20,3,95,67
10,20,3,96,62
10,20,3,97,66
10,20,3,98,62
10,20,3,99,24
10,20,3,100,69
10,20,3,101,67
10,20,3,102,64
10,20,3,103,65
10,20,3,104,59
10,20,3,105,59
10,20,3,106,65
10,20,3,107,62
10,20,3,108,58
10,20,3,109,58
10,20,3,110,54
10,20,3,111,59
10,20,3,112,55
10,20,3,113,57
10,20,3,114,54
10,20,3,115,51
10,20,3,116,54
10,20,3,117,58
10,20,3,118,22
10,20,3,119,55
10,20,3,120,17
10,20,3,121,55
10,20,3,122,53
10,20,3,123,53
10,20,3,124,48
10,20,3,125,47
10,20,3,126,49
10,20,3,127,44
10,20,3,128,46
10,20,3,129,42
10,20,3,130,46
10,20,3,131,43
10,20,3,132,43
10,20,3,133,38
10,20,3,134,43
10,20,3,135,40
10,20,3,136,10
10,20,3,137,38
10,20,3,138,36
10,20,3,139,37
10,20,3,140,36
10,20,3,141,34
10,20,3,142,36
10,20,3,143,25
10,20,3,144,37
10,20,3,145,32
10,20,3,146,37
10,20,3,147,34
10,20,3,148,35
10,20,3,149,32
10,20,3,150,34
10,20,3,151,33
10,20,3,152,29
10,20,3,153,33
10,20,3,154,31
10,20,3,155,30
10,20,3,156,27
10,20,3,157,28
10,20,3,158,25
10,20,3,159,23
10,20,3,160,28
10,20,3,161,26
10,20,3,162,23
10,20,3,163,22
10,20,3,164,21
10,20,3,165,24
10,20,3,166,23
10,20,3,167,24
10,20,3,168,21
10,20,3,169,22
10,20,3,170,22
10,20,3,171,18
10,20,3,172,15
10,20,3,173,19
10,20,3,174,19
10,20,3,175,19
10,20,3,176,18
10,20,3,177,17
10,20,3,178,18
10,20,3,179,15
10,20,3,180,15
10,20,3,181,12
10,20,3,182,10
10,20,3,183,11
10,20,3,184,11
10,20,3,185,11
10,20,3,186,10
10,20,3,187,10
10,20,3,188,10
10,20,3,189,10
10,20,3,190,10
10,20,3,191,10
10,20,3,192,10
10,20,3,193,10
10,20,3,194,10
10,20,3,195,10
10,20,3,196,10
10,20,3,197,10
10,20,3,198,9
10,20,3,199,7
10,20,3,200,4
10,20,3,201,5
10,20,3,202,5
10,20,3,203,6
10,20,3,204,5
10,20,3,205,3
10,20,3,206,0
10,20,3,207,0
10,20,3,208,3
10,20,3,209,1
10,20,3,210,0
10,20,3,211,0
10,20,3,212,0
10,20,3,213,1
10,20,4,0,0
10,20,4,1,0
10,20,4,2,0
10,20,4,3,0
10,20,4,4,0
10,20,4,5,0
10,20,4,6,1
10,20,4,7,0
10,20,4,8,2
10,20,4,9,1
10,20,4,10,0
10,20,4,11,1
10,20,4,12,0
10,20,4,13,0
10,20,4,14,11
10,20,4,15,22
10,20,4,16,21
10,20,4,17,20
10,20,4,18,7
10,20,4,19,17
10,20,4,20,16
10,20,4,21,12
10,20,4,22,24
10,20,4,23,23
10,20,4,24,19
10,20,4,25,18
10,20,4,26,15
10,20,4,27,19
10,20,4,28,15
10,20,4,29,14
10,20,4,30,11
10,20,4,31,13
10,20,4,32,13
10,20,4,33,44
10,20,4,34,94
10,20,4,35,39
10,20,4,36,35
10,20,4,37,37
10,20,4,38,33
10,20,4,39,38
10,20,4,40,102
10,20,4,41,97
10,20,4,42,97
10,20,4,43,95
10,20,4,44,12
10,20,4,45,40
10,20,4,46,94
10,20,4,47,90
10,20,4,48,34
10,20,4,49,41
10,20,4,50,35
10,20,4,51,37
10,20,4,52,35
10,20,4,53,32
10,20,4,54,90
10,20,4,55,88
10,20,4,56,93
10,20,4,57,91
10,20,4,58,93
10,20,4,59,89
10,20,4,60,47
10,20,4,61,89
10,20,4,62,85
10,20,4,63,88
10,20,4,64,83
10,20,4,65,83
10,20,4,66,85
10,20,4,67,81
10,20,4,68,81
10,20,4,69,82
10,20,4,70,83
10,20,4,71,69
10,20,4,72,83
10,20,4,73,85
10,20,4,74,79
10,20,4,75,83
10,20,4,76,78
10,20,4,77,77
10,20,4,78,77
10,20,4,79,82
10,20,4,80,78
10,20,4,81,74
10,20,4,82,74
10,20,4,83,71
10,20,4,84,76
10,20,4,85,68
10,20,4,86,72
10,20,4,87,80
10,20,4,88,74
10,20,4,89,69
10,20,4,90,72
10,20,4,91,65
10,20,4,92,64
10,20,4,93,69
10,20,4,94,67
10,20,4,95,63
10,20,4,96,26
10,20,4,97,64
10,20,4,98,68
10,20,4,99,69
10,20,4,100,65
10,20,4,101,63
10,20,4,102,66
10,20,4,103,58
10,20,4,104,53
10,20,4,105,49
10,20,4,106,57
10,20,4,107,65
10,20,4,108,45
10,20,4,109,60
10,20,4,110,59
10,20,4,111,56
10,20,4,112,55
10,20,4,113,54
10,20,4,114,59
10,20,4,115,51
10,20,4,116,13
10,20,4,117,13
10,20,4,118,50
10,20,4,119,52
10,20,4,120,54
10,20,4,121,52
10,20,4,122,45
10,20,4,123,49
10,20,4,124,45
10,20,4,125,49
10,20,4,126,46
10,20,4,127,48
10,20,4,128,45
10,20,4,129,48
10,20,4,130,43
10,20,4,131,36
10,20,4,132,37
10,20,4,133,43
10,20,4,134,44
10,20,4,135,41
10,20,4,136,41
10,20,4,137,42
10,20,4,138,39
10,20,4,139,35
10,20,4,140,38
10,20,4,141,38
10,20,4,142,37
10,20,4,143,36
10,20,4,144,33
10,20,4,145,18
10,20,4,146,33
10,20,4,147,34
10,20,4,148,30
10,20,4,149,28
10,20,4,150,31
10,20,4,151,32
10,20,4,152,32
10,20,4,153,23
10,20,4,154,29
10,20,4,155,25
10,20,4,156,28
10,20,4,157,25
10,20,4,158,22
10,20,4,159,22
10,20,4,160,25
10,20,4,161,24
10,20,4,162,21
10,20,4,163,21
10,20,4,164,19
10,20,4,165,22
10,20,4,166,17
10,20,4,167,19
10,20,4,168,18
10,20,4,169,14
10,20,4,170,19
10,20,4,171,16
10,20,4,172,13
10,20,4,173,20
10,20,4,174,19
10,20,4,175,17
10,20,4,176,14
10,20,4,177,14
10,20,4,178,14
10,20,4,179,15
10,20,4,180,16
10,20,4,181,13
10,20,4,182,13
10,20,4,183,14
10,20,4,184,13
10,20,4,185,12
10,20,4,186,11
10,20,4,187,10
10,20,4,188,9
10,20,4,189,5
10,20,4,190,8
10,20,4,191,6
10,20,4,192,6
10,20,4,193,7
10,20,4,194,6
10,20,4,195,8
10,20,4,196,6
10,20,4,197,7
10,20,4,198,7
10,20,4,199,7
10,20,4,200,4
10,20,4,201,4
10,20,4,202,5
10,20,4,203,6
10,20,4,204,4
10,20,4,205,3
10,20,4,206,1
10,20,4,207,3
10,20,4,208,2
10,20,4,209,1
10,20,5,0,0
10,20,5,1,0
10,20,5,2,0
10,20,5,3,0
10,20,5,4,0
10,20,5,5,2
10,20,5,6,1
10,20,5,7,1
10,20,5,8,0
10,20,5,9,2
10,20,5,10,1
10,20,5,11,0
10,20,5,12,0
10,20,5,13,13
10,20,5,14,19
10,20,5,15,11
10,20,5,16,21
10,20,5,17,16
10,20,5,18,20
10,20,5,19,16
10,20,5,20,19
10,20,5,21,20
10,20,5,22,20
10,20,5,23,19
10,20,5,24,16
10,20,5,25,19
10,20,5,26,91
10,20,5,27,38
10,20,5,28,38
10,20,5,29,31
10,20,5,30,19
10,20,5,31,18
10,20,5,32,39
10,20,5,33,34
10,20,5,34,19
10,20,5,35,15
10,20,5,36,13
10,20,5,37,64
10,20,5,38,43
10,20,5,39,110
10,20,5,40,112
10,20,5,41,20
10,20,5,42,18
10,20,5,43,20
10,20,5,44,103
10,20,5,45,42
10,20,5,46,96
10,20,5,47,98
10,20,5,48,103
10,20,5,49,88
10,20,5,50,96
10,20,5,51,90
10,20,5,52,92
10,20,5,53,93
10,20,5,54,99
10,20,5,55,88
10,20,5,56,92
10,20,5,57,87
10,20,5,58,87
10,20,5,59,94
10,20,5,60,94
10,20,5,61,20
10,20,5,62,66
10,20,5,63,84
10,20,5,64,79
10,20,5,65,85
10,20,5,66,84
10,20,5,67,88
10,20,5,68,87
10,20,5,69,87
10,20,5,70,77
10,20,5,71,79
10,20,5,72,82
10,20,5,73,81
10,20,5,74,77
10,20,5,75,83
10,20,5,76,78
10,20,5,77,81
10,20,5,78,81
10,20,5,79,77
10,20,5,80,76
10,20,5,81,70
10,20,5,82,70
10,20,5,83,73
10,20,5,84,75
10,20,5,85,76
10,20,5,86,48
10,20,5,87,75
10,20,5,88,75
10,20,5,89,74
10,20,5,90,68
10,20,5,91,69
10,20,5,92,70
10,20,5,93,67
10,20,5,94,66
10,20,5,95,66
10,20,5,96,64
10,20,5,97,65
10,20,5,98,60
10,20,5,99,65
10,20,5,100,21
10,20,5,101,66
10,20,5,102,66
10,20,5,103,59
10,20,5,104,64
10,20,5,105,59
10,20,5,106,39
10,20,5,107,57
10,20,5,108,54
10,20,5,109,59
10,20,5,110,54
10,20,5,111,36
10,20,5,112,57
10,20,5,113,53
10,20,5,114,58
10,20,5,115,37
10,20,5,116,51
10,20,5,117,56
10,20,5,118,50
10,20,5,119,50
10,20,5,120,54
10,20,5,121,49
10,20,5,122,48
10,20,5,123,47
10,20,5,124,52
10,20,5,125,54
10,20,5,126,51
10,20,5,127,50
10,20,5,128,51
10,20,5,129,46
10,20,5,130,47
10,20,5,131,51
10,20,5,132,45
10,20,5,133,44
10,20,5,134,38
10,20,5,135,39
10,20,5,136,41
10,20,5,137,38
10,20,5,138,39
10,20,5,139,37
10,20,5,140,40
10,20,5,141,38
10,20,5,142,38
10,20,5,143,38
10,20,5,144,41
10,20,5,145,41
10,20,5,146,38
10,20,5,147,35
10,20,5,148,35
10,20,5,149,34
10,20,5,150,32
10,20,5,151,31
10,20,5,152,36
10,20,5,153,32
10,20,5,154,28
10,20,5,155,28
10,20,5,156,30
10,20,5,157,27
10,20,5,158,30
10,20,5,159,29
10,20,5,160,23
10,20,5,161,25
10,20,5,162,24
10,20,5,163,26
10,20,5,164,23
10,20,5,165,22
10,20,5,166,24
10,20,5,167,17
10,20,5,168,25
10,20,5,169,22
10,20,5,170,21
10,20,5,171,21
10,20,5,172,16
10,20,5,173,20
10,20,5,174,20
10,20,5,175,19
10,20,5,176,19
10,20,5,177,15
10,20,5,178,15
10,20,5,179,12
10,20,5,180,11
10,20,5,181,14
10,20,5,182,14
10,20,5,183,14
10,20,5,184,15
10,20,5,185,14
10,20,5,186,13
10,20,5,187,13
10,20,5,188,10
10,20,5,189,12
10,20,5,190,9
10,20,5,191,11
10,20,5,192,6
10,20,5,193,11
10,20,5,194,10
10,20,5,195,9
10,20,5,196,6
10,20,5,197,4
10,20,5,198,6
10,20,5,199,4
10,20,5,200,6
10,20,5,201,4
10,20,5,202,3
10,20,5,203,4
10,20,5,204,2
10,20,5,205,3
10,20,5,206,0
10,20,5,207,2
10,20,5,208,0
10,20,5,209,0
10,20,5,210,0
10,20,5,211,0
10,20,5,212,0
10,20,5,213,0
10,20,5,214,0
10,20,5,215,0
10,20,5,216,1
10,20,6,0,0
10,20,6,1,0
10,20,6,2,0
10,20,6,3,0
10,20,6,4,0
10,20,6,5,0
10,20,6,6,0
10,20,6,7,2
10,20,6,8,0
10,20,6,9,2
10,20,6,10,1
10,20,6,11,1
10,20,6,12,0
10,20,6,13,1
10,20,6,14,0
10,20,6,15,24
10,20,6,16,0
10,20,6,17,23
10,20,6,18,26
10,20,6,19,18
10,20,6,20,22
10,20,6,21,25
10,20,6,22,22
10,20,6,23,26
10,20,6,24,25
10,20,6,25,36
10,20,6,26,42
10,20,6,27,40
10,20,6,28,43
10,20,6,29,40
10,20,6,30,19
10,20,6,31,20
10,20,6,32,17
10,20,6,33,15
10,20,6,34,106
10,20,6,35,15
10,20,6,36,14
10,20,6,37,13
10,20,6,38,10
10,20,6,39,100
10,20,6,40,14
10,20,6,41,101
10,20,6,42,105
10,20,6,43,103
10,20,6,44,12
10,20,6,45,99
10,20,6,46,65
10,20,6,47,93
10,20,6,48,92
10,20,6,49,94
10,20,6,50,98
10,20,6,51,92
10,20,6,52,95
10,20,6,53,90
10,20,6,54,8
10,20,6,55,91
10,20,6,56,90
10,20,6,57,62
10,20,6,58,61
10,20,6,59,89
10,20,6,60,90
10,20,6,61,91
10,20,6,62,83
10,20,6,63,90
10,20,6,64,32
10,20,6,65,84
10,20,6,66,86
10,20,6,67,82
10,20,6,68,79
10,20,6,69,86
10,20,6,70,82
10,20,6,71,13
10,20,6,72,76
10,20,6,73,83
10,20,6,74,83
10,20,6,75,85
10,20,6,76,80
10,20,6,77,85
10,20,6,78,56
10,20,6,79,43
10,20,6,80,82
10,20,6,81,80
10,20,6,82,77
10,20,6,83,76
10,20,6,84,77
10,20,6,85,40
10,20,6,86,76
10,20,6,87,71
10,20,6,88,69
10,20,6,89,72
10,20,6,90,66
10,20,6,91,69
10,20,6,92,62
10,20,6,93,40
10,20,6,94,35
10,20,6,95,63
10,20,6,96,68
10,20,6,97,63
10,20,6,98,64
10,20,6,99,64
10,20,6,100,60
10,20,6,101,61
10,20,6,102,63
10,20,6,103,60
10,20,6,104,63
10,20,6,105,67
10,20,6,106,43
10,20,6,107,62
10,20,6,108,62
10,20,6,109,61
10,20,6,110,59
10,20,6,111,58
10,20,6,112,61
10,20,6,113,56
10,20,6,114,53
10,20,6,115,54
10,20,6,116,57
10,20,6,117,40
10,20,6,118,56
10,20,6,119,39
10,20,6,120,34
10,20,6,121,51
10,20,6,122,46
10,20,6,123,46
10,20,6,124,47
10,20,6,125,49
10,20,6,126,45
10,20,6,127,46
10,20,6,128,30
10,20,6,129,35
10,20,6,130,37
10,20,6,131,45
10,20,6,132,43
10,20,6,133,42
10,20,6,134,39
10,20,6,135,38
10,20,6,136,39
10,20,6,137,27
10,20,6,138,42
10,20,6,139,34
10,20,6,140,34
10,20,6,141,38
10,20,6,142,34
10,20,6,143,34
10,20,6,144,31
10,20,6,145,33
10,20,6,146,33
10,20,6,147,29
10,20,6,148,27
10,20,6,149,27
10,20,6,150,30
10,20,6,151,28
10,20,6,152,30
10,20,6,153,26
10,20,6,154,26
10,20,6,155,28
10,20,6,156,23
10,20,6,157,24
10,20,6,158,23
10,20,6,159,21
10,20,6,160,22
10,20,6,161,26
10,20,6,162,23
10,20,6,163,20
10,20,6,164,20
10,20,6,165,17
10,20,6,166,17
10,20,6,167,16
10,20,6,168,17
10,20,6,169,16
10,20,6,170,17
10,20,6,171,15
10,20,6,172,16
10,20,6,173,15
10,20,6,174,15
10,20,6,175,14
10,20,6,176,12
10,20,6,177,13
10,20,6,178,13
10,20,6,179,12
10,20,6,180,11
10,20,6,181,10
10,20,6,182,10
10,20,6,183,10
10,20,6,184,9
10,20,6,185,7
10,20,6,186,8
10,20,6,187,9
10,20,6,188,8
10,20,6,189,8
10,20,6,190,6
10,20,6,191,6
10,20,6,192,6
10,20,6,193,6
10,20,6,194,6
10,20,6,195,7
10,20,6,196,6
10,20,6,197,6
10,20,6,198,5
10,20,6,199,7
10,20,6,200,7
10,20,6,201,6
10,20,6,202,6
10,20,6,203,4
10,20,6,204,4
10,20,6,205,4
10,20,6,206,4
10,20,6,207,2
10,20,6,208,2
10,20,6,209,1
10,20,6,210,0
10,20,6,211,0
10,20,6,212,0
10,20,6,213,0
10,20,6,214,0
10,20,6,215,1
10,20,7,0,0
10,20,7,1,0
10,20,7,2,0
10,20,7,3,0
10,20,7,4,0
10,20,7,5,1
10,20,7,6,0
10,20,7,7,0
10,20,7,8,0
10,20,7,9,8
10,20,7,10,17
10,20,7,11,7
10,20,7,12,3
10,20,7,13,2
10,20,7,14,2
10,20,7,15,2
10,20,7,16,23
10,20,7,17,14
10,20,7,18,21
10,20,7,19,22
10,20,7,20,20
10,20,7,21,19
10,20,7,22,18
10,20,7,23,16
10,20,7,24,18
10,20,7,25,46
10,20,7,26,18
10,20,7,27,12
10,20,7,28,14
10,20,7,29,40
10,20,7,30,11
10,20,7,31,64
10,20,7,32,53
10,20,7,33,64
10,20,7,34,13
10,20,7,35,107
10,20,7,36,90
10,20,7,37,108
10,20,7,38,108
10,20,7,39,112
10,20,7,40,14
10,20,7,41,66
10,20,7,42,103
10,20,7,43,93
10,20,7,44,92
10,20,7,45,100
10,20,7,46,99
10,20,7,47,92
10,20,7,48,92
10,20,7,49,93
10,20,7,50,93
10,20,7,51,96
10,20,7,52,57
10,20,7,53,77
10,20,7,54,88
10,20,7,55,93
10,20,7,56,91
10,20,7,57,85
10,20,7,58,82
10,20,7,59,30
10,20,7,60,79
10,20,7,61,35
10,20,7,62,86
10,20,7,63,85
10,20,7,64,87
10,20,7,65,85
10,20,7,66,88
10,20,7,67,82
10,20,7,68,84
10,20,7,69,29
10,20,7,70,89
10,20,7,71,90
10,20,7,72,25
10,20,7,73,21
10,20,7,74,20
10,20,7,75,83
10,20,7,76,79
10,20,7,77,80
10,20,7,78,72
10,20,7,79,73
10,20,7,80,79
10,20,7,81,75
10,20,7,82,73
10,20,7,83,78
10,20,7,84,76
10,20,7,85,73
10,20,7,86,74
10,20,7,87,67
10,20,7,88,71
10,20,7,89,24
10,20,7,90,23
10,20,7,91,25
10,20,7,92,73
10,20,7,93,66
10,20,7,94,17
10,20,7,95,63
10,20,7,96,68
10,20,7,97,68
10,20,7,98,72
10,20,7,99,70
10,20,7,100,68
10,20,7,101,66
10,20,7,102,62
10,20,7,103,66
10,20,7,104,64
10,20,7,105,62
10,20,7,106,61
10,20,7,107,61
10,20,7,108,60
10,20,7,109,61
10,20,7,110,45
10,20,7,111,58
10,20,7,112,56
10,20,7,113,54
10,20,7,114,41
10,20,7,115,37
10,20,7,116,39
10,20,7,117,61
10,20,7,118,60
10,20,7,119,58
10,20,7,120,47
10,20,7,121,42
10,20,7,122,39
10,20,7,123,51
10,20,7,124,53
10,20,7,125,51
10,20,7,126,48
10,20,7,127,26
10,20,7,128,50
10,20,7,129,45
10,20,7,130,31
10,20,7,131,44
10,20,7,132,44
10,20,7,133,44
10,20,7,134,40
10,20,7,135,36
10,20,7,136,43
10,20,7,137,34
10,20,7,138,34
10,20,7,139,31
10,20,7,140,34
10,20,7,141,39
10,20,7,142,32
10,20,7,143,29
10,20,7,144,36
10,20,7,145,37
10,20,7,146,36
10,20,7,147,34
10,20,7,148,34
10,20,7,149,31
10,20,7,150,31
10,20,7,151,33
10,20,7,152,28
10,20,7,153,25
10,20,7,154,29
10,20,7,155,29
10,20,7,156,26
10,20,7,157,24
10,20,7,158,29
10,20,7,159,28
10,20,7,160,28
10,20,7,161,25
10,20,7,162,25
10,20,7,163,24
10,20,7,164,21
10,20,7,165,24
10,20,7,166,22
10,20,7,167,20
10,20,7,168,21
10,20,7,169,21
10,20,7,170,21
10,20,7,171,19
10,20,7,172,18
10,20,7,173,14
10,20,7,174,17
10,20,7,175,18
10,20,7,176,17
10,20,7,177,18
10,20,7,178,15
10,20,7,179,12
10,20,7,180,13
10,20,7,181,11
10,20,7,182,12
10,20,7,183,11
10,20,7,184,12
10,20,7,185,11
10,20,7,186,10
10,20,7,187,9
10,20,7,188,8
10,20,7,189,8
10,20,7,190,5
10,20,7,191,6
10,20,7,192,7
10,20,7,193,6
10,20,7,194,6
10,20,7,195,5
10,20,7,196,6
10,20,7,197,6
10,20,7,198,7
10,20,7,199,6
10,20,7,200,6
10,20,7,201,6
10,20,7,202,4
10,20,7,203,3
10,20,7,204,3
10,20,7,205,1
10,20,7,206,0
10,20,7,207,1
10,20,8,0,0
10,20,8,1,0
10,20,8,2,0
10,20,8,3,0
10,20,8,4,0
10,20,8,5,0
10,20,8,6,4
10,20,8,7,5
10,20,8,8,4
10,20,8,9,3
10,20,8,10,1
10,20,8,11,0
10,20,8,12,5
10,20,8,13,3
10,20,8,14,1
10,20,8,15,0
10,20,8,16,28
10,20,8,17,20
10,20,8,18,24
10,20,8,19,22
10,20,8,20,20
10,20,8,21,18
10,20,8,22,45
10,20,8,23,38
10,20,8,24,15
10,20,8,25,20
10,20,8,26,10
10,20,8,27,15
10,20,8,28,19
10,20,8,29,38
10,20,8,30,60
10,20,8,31,13
10,20,8,32,102
10,20,8,33,67
10,20,8,34,64
10,20,8,35,68
10,20,8,36,65
10,20,8,37,63
10,20,8,38,58
10,20,8,39,95
10,20,8,40,11
10,20,8,41,15
10,20,8,42,12
10,20,8,43,59
10,20,8,44,10
10,20,8,45,94
10,20,8,46,95
10,20,8,47,96
10,20,8,48,93
10,20,8,49,98
10,20,8,50,92
10,20,8,51,56
10,20,8,52,93
10,20,8,53,95
10,20,8,54,92
10,20,8,55,95
10,20,8,56,47
10,20,8,57,45
10,20,8,58,89
10,20,8,59,89
10,20,8,60,90
10,20,8,61,96
10,20,8,62,91
10,20,8,63,86
10,20,8,64,85
10,20,8,65,88
10,20,8,66,90
10,20,8,67,89
10,20,8,68,90
10,20,8,69,88
10,20,8,70,80
10,20,8,71,79
10,20,8,72,84
10,20,8,73,83
10,20,8,74,83
10,20,8,75,84
10,20,8,76,81
10,20,8,77,73
10,20,8,78,50
10,20,8,79,73
10,20,8,80,19
10,20,8,81,72
10,20,8,82,72
10,20,8,83,45
10,20,8,84,48
10,20,8,85,70
10,20,8,86,70
10,20,8,87,71
10,20,8,88,67
10,20,8,89,70
10,20,8,90,69
10,20,8,91,28
10,20,8,92,68
10,20,8,93,44
10,20,8,94,71
10,20,8,95,69
10,20,8,96,62
10,20,8,97,58
10,20,8,98,56
10,20,8,99,54
10,20,8,100,67
10,20,8,101,62
10,20,8,102,58
10,20,8,103,60
10,20,8,104,62
10,20,8,105,63
10,20,8,106,61
10,20,8,107,61
10,20,8,108,56
10,20,8,109,60
10,20,8,110,56
10,20,8,111,53
10,20,8,112,43
10,20,8,113,41
10,20,8,114,42
10,20,8,115,44
10,20,8,116,36
10,20,8,117,56
10,20,8,118,39
10,20,8,119,48
10,20,8,120,54
10,20,8,121,48
10,20,8,122,35
10,20,8,123,49
10,20,8,124,37
10,20,8,125,35
10,20,8,126,35
10,20,8,127,46
10,20,8,128,30
10,20,8,129,30
10,20,8,130,38
10,20,8,131,33
10,20,8,132,36
10,20,8,133,42
10,20,8,134,39
10,20,8,135,42
10,20,8,136,36
10,20,8,137,37
10,20,8,138,30
10,20,8,139,38
10,20,8,140,35
10,20,8,141,41
10,20,8,142,34
10,20,8,143,33
10,20,8,144,30
10,20,8,145,29
10,20,8,146,34
10,20,8,147,25
10,20,8,148,27
10,20,8,149,22
10,20,8,150,31
10,20,8,151,31
10,20,8,152,23
10,20,8,153,25
10,20,8,154,21
10,20,8,155,25
10,20,8,156,30
10,20,8,157,28
10,20,8,158,20
10,20,8,159,22
10,20,8,160,21
10,20,8,161,20
10,20,8,162,20
10,20,8,163,21
10,20,8,164,17
10,20,8,165,16
10,20,8,166,17
10,20,8,167,17
10,20,8,168,14
10,20,8,169,13
10,20,8,170,14
10,20,8,171,14
10,20,8,172,12
10,20,8,173,8
10,20,8,174,16
10,20,8,175,9
10,20,8,176,9
10,20,8,177,12
10,20,8,178,14
10,20,8,179,14
10,20,8,180,12
10,20,8,181,12
10,20,8,182,11
10,20,8,183,9
10,20,8,184,9
10,20,8,185,8
10,20,8,186,7
10,20,8,187,7
10,20,8,188,6
10,20,8,189,8
10,20,8,190,7
10,20,8,191,6
10,20,8,192,7
10,20,8,193,7
10,20,8,194,8
10,20,8,195,7
10,20,8,196,6
10,20,8,197,7
10,20,8,198,5
10,20,8,199,6
10,20,8,200,7
10,20,8,201,4
10,20,8,202,4
10,20,8,203,3
10,20,8,204,3
10,20,8,205,1
10,20,8,206,0
10,20,8,207,0
10,20,8,208,2
10,20,8,209,1
10,20,8,210,1
10,20,9,0,0
10,20,9,1,0
10,20,9,2,0
10,20,9,3,0
10,20,9,4,0
10,20,9,5,0
10,20,9,6,4
10,20,9,7,3
10,20,9,8,2
10,20,9,9,3
10,20,9,10,2
10,20,9,11,0
10,20,9,12,0
10,20,9,13,4
10,20,9,14,13
10,20,9,15,13
10,20,9,16,2
10,20,9,17,12
10,20,9,18,23
10,20,9,19,20
10,20,9,20,51
10,20,9,21,78
10,20,9,22,20
10,20,9,23,26
10,20,9,24,17
10,20,9,25,19
10,20,9,26,40
10,20,9,27,17
10,20,9,28,23
10,20,9,29,18
10,20,9,30,10
10,20,9,31,63
10,20,9,32,61
10,20,9,33,60
10,20,9,34,64
10,20,9,35,100
10,20,9,36,101
10,20,9,37,13
10,20,9,38,64
10,20,9,39,107
10,20,9,40,102
10,20,9,41,98
10,20,9,42,97
10,20,9,43,94
10,20,9,44,95
10,20,9,45,92
10,20,9,46,98
10,20,9,47,11
10,20,9,48,11
10,20,9,49,13
10,20,9,50,16
10,20,9,51,93
10,20,9,52,94
10,20,9,53,16
10,20,9,54,98
10,20,9,55,97
10,20,9,56,95
10,20,9,57,89
10,20,9,58,96
10,20,9,59,95
10,20,9,60,101
10,20,9,61,47
10,20,9,62,101
10,20,9,63,38
10,20,9,64,36
10,20,9,65,39
10,20,9,66,38
10,20,9,67,60
10,20,9,68,85
10,20,9,69,88
10,20,9,70,87
10,20,9,71,84
10,20,9,72,36
10,20,9,73,83
10,20,9,74,39
10,20,9,75,83
10,20,9,76,80
10,20,9,77,35
10,20,9,78,76
10,20,9,79,71
10,20,9,80,72
10,20,9,81,74
10,20,9,82,74
10,20,9,83,78
10,20,9,84,82
10,20,9,85,75
10,20,9,86,78
10,20,9,87,71
10,20,9,88,70
10,20,9,89,74
10,20,9,90,73
10,20,9,91,66
10,20,9,92,69
10,20,9,93,24
10,20,9,94,22
10,20,9,95,22
10,20,9,96,64
10,20,9,97,67
10,20,9,98,61
10,20,9,99,61
10,20,9,100,65
10,20,9,101,21
10,20,9,102,65
10,20,9,103,59
10,20,9,104,59
10,20,9,105,63
10,20,9,106,59
10,20,9,107,67
10,20,9,108,63
10,20,9,109,54
10,20,9,110,61
10,20,9,111,56
10,20,9,112,50
10,20,9,113,53
10,20,9,114,33
10,20,9,115,35
10,20,9,116,49
10,20,9,117,50
10,20,9,118,50
10,20,9,119,49
10,20,9,120,51
10,20,9,121,53
10,20,9,122,52
10,20,9,123,56
10,20,9,124,54
10,20,9,125,46
10,20,9,126,50
10,20,9,127,46
10,20,9,128,39
10,20,9,129,46
10,20,9,130,29
10,20,9,131,47
10,20,9,132,46
10,20,9,133,40
10,20,9,134,42
10,20,9,135,41
10,20,9,136,45
10,20,9,137,38
10,20,9,138,35
10,20,9,139,40
10,20,9,140,38
10,20,9,141,42
10,20,9,142,33
10,20,9,143,34
10,20,9,144,36
10,20,9,145,32
10,20,9,146,31
10,20,9,147,30
10,20,9,148,30
10,20,9,149,29
10,20,9,150,27
10,20,9,151,28
10,20,9,152,30
10,20,9,153,32
10,20,9,154,28
10,20,9,155,30
10,20,9,156,17
10,20,9,157,16
10,20,9,158,30
10,20,9,159,26
10,20,9,160,28
10,20,9,161,30
10,20,9,162,28
10,20,9,163,25
10,20,9,164,23
10,20,9,165,24
10,20,9,166,27
10,20,9,167,24
10,20,9,168,23
10,20,9,169,23
10,20,9,170,25
10,20,9,171,21
10,20,9,172,25
10,20,9,173,20
10,20,9,174,17
10,20,9,175,15
10,20,9,176,18
10,20,9,177,15
10,20,9,178,15
10,20,9,179,17
10,20,9,180,12
10,20,9,181,13
10,20,9,182,12
10,20,9,183,12
10,20,9,184,13
10,20,9,185,9
10,20,9,186,13
10,20,9,187,12
10,20,9,188,10
10,20,9,189,9
10,20,9,190,11
10,20,9,191,11
10,20,9,192,11
10,20,9,193,10
10,20,9,194,9
10,20,9,195,6
10,20,9,196,9
10,20,9,197,4
10,20,9,198,9
10,20,9,199,6
10,20,9,200,7
10,20,9,201,5
10,20,9,202,5
10,20,9,203,4
10,20,9,204,2
10,20,9,205,1
10,20,9,206,0
10,20,9,207,0
10,20,9,208,0
10,20,9,209,0
10,20,9,210,0
10,20,9,211,1
10,20,10,0,0
10,20,10,1,0
10,20,10,2,0
10,20,10,3,0
10,20,10,4,0
10,20,10,5,0
10,20,10,6,2
10,20,10,7,1
10,20,10,8,0
10,20,10,9,4
10,20,10,10,3
10,20,10,11,2
10,20,10,12,0
10,20,10,13,12
10,20,10,14,12
10,20,10,15,13
10,20,10,16,10
10,20,10,17,21
10,20,10,18,18
10,20,10,19,45
10,20,10,20,13
10,20,10,21,45
10,20,10,22,19
10,20,10,23,24
10,20,10,24,45
10,20,10,25,21
10,20,10,26,24
10,20,10,27,19
10,20,10,28,17
10,20,10,29,35
10,20,10,30,18
10,20,10,31,38
10,20,10,32,35
10,20,10,33,31
10,20,10,34,13
10,20,10,35,33
10,20,10,36,60
10,20,10,37,83
10,20,10,38,36
10,20,10,39,84
10,20,10,40,13
10,20,10,41,99
10,20,10,42,101
10,20,10,43,99
10,20,10,44,105
10,20,10,45,107
10,20,10,46,101
10,20,10,47,19
10,20,10,48,38
10,20,10,49,91
10,20,10,50,99
10,20,10,51,18
10,20,10,52,89
10,20,10,53,101
10,20,10,54,103
10,20,10,55,60
10,20,10,56,93
10,20,10,57,90
10,20,10,58,90
10,20,10,59,96
10,20,10,60,93
10,20,10,61,17
10,20,10,62,88
10,20,10,63,91
10,20,10,64,88
10,20,10,65,94
10,20,10,66,92
10,20,10,67,84
10,20,10,68,88
10,20,10,69,83
10,20,10,70,17
10,20,10,71,81
10,20,10,72,80
10,20,10,73,69
10,20,10,74,82
10,20,10,75,83
10,20,10,76,82
10,20,10,77,76
10,20,10,78,50
10,20,10,79,48
10,20,10,80,77
10,20,10,81,79
10,20,10,82,46
10,20,10,83,72
10,20,10,84,74
10,20,10,85,70
10,20,10,86,71
10,20,10,87,73
10,20,10,88,71
10,20,10,89,72
10,20,10,90,65
10,20,10,91,68
10,20,10,92,66
10,20,10,93,69
10,20,10,94,60
10,20,10,95,13
10,20,10,96,62
10,20,10,97,48
10,20,10,98,65
10,20,10,99,38
10,20,10,100,65
10,20,10,101,66
10,20,10,102,65
10,20,10,103,60
10,20,10,104,63
10,20,10,105,59
10,20,10,106,57
10,20,10,107,47
10,20,10,108,57
10,20,10,109,59
10,20,10,110,52
10,20,10,111,52
10,20,10,112,57
10,20,10,113,58
10,20,10,114,56
10,20,10,115,53
10,20,10,116,55
10,20,10,117,51
10,20,10,118,52
10,20,10,119,50
10,20,10,120,50
10,20,10,121,55
10,20,10,122,51
10,20,10,123,51
10,20,10,124,47
10,20,10,125,50
10,20,10,126,47
10,20,10,127,46
10,20,10,128,45
10,20,10,129,45
10,20,10,130,42
10,20,10,131,44
10,20,10,132,42
10,20,10,133,40
10,20,10,134,41
10,20,10,135,45
10,20,10,136,39
10,20,10,137,41
10,20,10,138,41
10,20,10,139,40
10,20,10,140,40
10,20,10,141,40
10,20,10,142,36
10,20,10,143,32
10,20,10,144,39
10,20,10,145,36
10,20,10,146,33
10,20,10,147,35
10,20,10,148,32
10,20,10,149,31
10,20,10,150,32
10,20,10,151,28
10,20,10,152,27
10,20,10,153,28
10,20,10,154,27
10,20,10,155,28
10,20,10,156,21
10,20,10,157,18
10,20,10,158,25
10,20,10,159,25
10,20,10,160,24
10,20,10,161,24
10,20,10,162,19
10,20,10,163,17
10,20,10,164,22
10,20,10,165,19
10,20,10,166,15
10,20,10,167,16
10,20,10,168,20
10,20,10,169,19
10,20,10,170,19
10,20,10,171,20
10,20,10,172,18
10,20,10,173,14
10,20,10,174,13
10,20,10,175,15
10,20,10,176,14
10,20,10,177,12
10,20,10,178,13
10,20,10,179,12
10,20,10,180,12
10,20,10,181,13
10,20,10,182,9
10,20,10,183,11
10,20,10,184,11
10,20,10,185,10
10,20,10,186,11
10,20,10,187,9
10,20,10,188,6
10,20,10,189,9
10,20,10,190,8
10,20,10,191,7
10,20,10,192,9
10,20,10,193,8
10,20,10,194,7
10,20,10,195,6
10,20,10,196,7
10,20,10,197,6
10,20,10,198,7
10,20,10,199,5
10,20,10,200,6
10,20,10,201,5
10,20,10,202,4
10,20,10,203,3
10,20,10,204,3
10,20,10,205,3
10,20,10,206,2
10,20,10,207,1
10,20,11,0,0
10,20,11,1,0
10,20,11,2,0
10,20,11,3,0
10,20,11,4,0
10,20,11,5,0
10,20,11,6,0
10,20,11,7,1
10,20,11,8,0
10,20,11,9,12
10,20,11,10,3
10,20,11,11,9
10,20,11,12,28
10,20,11,13,27
10,20,11,14,22
10,20,11,15,23
10,20,11,16,19
10,20,11,17,12
10,20,11,18,13
10,20,11,19,21
10,20,11,20,24
10,20,11,21,23
10,20,11,22,18
10,20,11,23,16
10,20,11,24,15
10,20,11,25,10
10,20,11,26,10
10,20,11,27,12
10,20,11,28,18
10,20,11,29,14
10,20,11,30,13
10,20,11,31,15
10,20,11,32,16
10,20,11,33,12
10,20,11,34,39
10,20,11,35,65
10,20,11,36,15
10,20,11,37,34
10,20,11,38,65
10,20,11,39,12
10,20,11,40,93
10,20,11,41,103
10,20,11,42,104
10,20,11,43,86
10,20,11,44,90
10,20,11,45,103
10,20,11,46,56
10,20,11,47,100
10,20,11,48,85
10,20,11,49,96
10,20,11,50,98
10,20,11,51,84
10,20,11,52,91
10,20,11,53,96
10,20,11,54,17
10,20,11,55,17
10,20,11,56,95
10,20,11,57,96
10,20,11,58,90
10,20,11,59,40
10,20,11,60,66
10,20,11,61,91
10,20,11,62,71
10,20,11,63,86
10,20,11,64,91
10,20,11,65,94
10,20,11,66,86
10,20,11,67,87
10,20,11,68,53
10,20,11,69,85
10,20,11,70,84
10,20,11,71,79
10,20,11,72,76
10,20,11,73,34
10,20,11,74,77
10,20,11,75,6
10,20,11,76,78
10,20,11,77,85
10,20,11,78,47
10,20,11,79,84
10,20,11,80,79
10,20,11,81,75
10,20,11,82,77
10,20,11,83,75
10,20,11,84,71
10,20,11,85,73
10,20,11,86,66
10,20,11,87,74
10,20,11,88,74
10,20,11,89,72
10,20,11,90,55
10,20,11,91,68
10,20,11,92,69
10,20,11,93,59
10,20,11,94,63
10,20,11,95,65
10,20,11,96,66
10,20,11,97,68
10,20,11,98,61
10,20,11,99,69
10,20,11,100,59
10,20,11,101,65
10,20,11,102,64
10,20,11,103,67
10,20,11,104,57
10,20,11,105,60
10,20,11,106,55
10,20,11,107,41
10,20,11,108,36
10,20,11,109,54
10,20,11,110,61
10,20,11,111,62
10,20,11,112,48
10,20,11,113,57
10,20,11,114,57
10,20,11,115,43
10,20,11,116,40
10,20,11,117,56
10,20,11,118,56
10,20,11,119,56
10,20,11,120,56
10,20,11,121,53
10,20,11,122,24
10,20,11,123,22
10,20,11,124,41
10,20,11,125,46
10,20,11,126,46
10,20,11,127,45
10,20,11,128,20
10,20,11,129,10
10,20,11,130,41
10,20,11,131,39
10,20,11,132,41
10,20,11,133,39
10,20,11,134,39
10,20,11,135,39
10,20,11,136,37
10,20,11,137,41
10,20,11,138,39
10,20,11,139,38
10,20,11,140,40
10,20,11,141,37
10,20,11,142,33
10,20,11,143,31
10,20,11,144,33
10,20,11,145,35
10,20,11,146,39
10,20,11,147,36
10,20,11,148,26
10,20,11,149,35
10,20,11,150,33
10,20,11,151,27
10,20,11,152,27
10,20,11,153,29
10,20,11,154,31
10,20,11,155,25
10,20,11,156,28
10,20,11,157,25
10,20,11,158,27
10,20,11,159,27
10,20,11,160,27
10,20,11,161,26
10,20,11,162,20
10,20,11,163,23
10,20,11,164,22
10,20,11,165,23
10,20,11,166,21
10,20,11,167,22
10,20,11,168,17
10,20,11,169,20
10,20,11,170,19
10,20,11,171,20
10,20,11,172,19
10,20,11,173,15
10,20,11,174,16
10,20,11,175,14
10,20,11,176,16
10,20,11,177,16
10,20,11,178,13
10,20,11,179,12
10,20,11,180,13
10,20,11,181,11
10,20,11,182,9
10,20,11,183,10
10,20,11,184,9
10,20,11,185,8
10,20,11,186,10
10,20,11,187,7
10,20,11,188,7
10,20,11,189,7
10,20,11,190,7
10,20,11,191,7
10,20,11,192,7
10,20,11,193,7
10,20,11,194,5
10,20,11,195,4
10,20,11,196,6
10,20,11,197,5
10,20,11,198,5
10,20,11,199,4
10,20,11,200,5
10,20,11,201,5
10,20,11,202,5
10,20,11,203,4
10,20,11,204,3
10,20,11,205,1
10,20,11,206,0
10,20,11,207,0
10,20,11,208,0
10,20,11,209,1
10,20,12,0,0
10,20,12,1,0
10,20,12,2,0
10,20,12,3,0
10,20,12,4,0
10,20,12,5,0
10,20,12,6,0
10,20,12,7,3
10,20,12,8,0
10,20,12,9,5
10,20,12,10,10
10,20,12,11,0
10,20,12,12,14
10,20,12,13,8
10,20,12,14,13
10,20,12,15,10
10,20,12,16,15
10,20,12,17,0
10,20,12,18,12
10,20,12,19,17
10,20,12,20,14
10,20,12,21,19
10,20,12,22,28
10,20,12,23,25
10,20,12,24,47
10,20,12,25,20
10,20,12,26,44
10,20,12,27,41
10,20,12,28,17
10,20,12,29,10
10,20,12,30,12
10,20,12,31,17
10,20,12,32,14
10,20,12,33,33
10,20,12,34,30
10,20,12,35,31
10,20,12,36,30
10,20,12,37,97
10,20,12,38,14
10,20,12,39,105
10,20,12,40,18
10,20,12,41,39
10,20,12,42,105
10,20,12,43,13
10,20,12,44,55
10,20,12,45,8
10,20,12,46,101
10,20,12,47,107
10,20,12,48,103
10,20,12,49,39
10,20,12,50,101
10,20,12,51,13
10,20,12,52,99
10,20,12,53,64
10,20,12,54,96
10,20,12,55,91
10,20,12,56,64
10,20,12,57,100
10,20,12,58,92
10,20,12,59,95
10,20,12,60,91
10,20,12,61,53
10,20,12,62,89
10,20,12,63,87
10,20,12,64,81
10,20,12,65,81
10,20,12,66,88
10,20,12,67,84
10,20,12,68,85
10,20,12,69,83
10,20,12,70,55
10,20,12,71,83
10,20,12,72,82
10,20,12,73,50
10,20,12,74,79
10,20,12,75,73
10,20,12,76,11
10,20,12,77,76
10,20,12,78,78
10,20,12,79,80
10,20,12,80,78
10,20,12,81,52
10,20,12,82,27
10,20,12,83,79
10,20,12,84,74
10,20,12,85,49
10,20,12,86,43
10,20,12,87,42
10,20,12,88,81
10,20,12,89,75
10,20,12,90,30
10,20,12,91,72
10,20,12,92,70
10,20,12,93,63
10,20,12,94,68
10,20,12,95,71
10,20,12,96,66
10,20,12,97,11
10,20,12,98,67
10,20,12,99,63
10,20,12,100,32
10,20,12,101,64
10,20,12,102,68
10,20,12,103,62
10,20,12,104,62
10,20,12,105,61
10,20,12,106,60
10,20,12,107,62
10,20,12,108,61
10,20,12,109,57
10,20,12,110,49
10,20,12,111,53
10,20,12,112,64
10,20,12,113,59
10,20,12,114,56
10,20,12,115,53
10,20,12,116,55
10,20,12,117,55
10,20,12,118,53
10,20,12,119,52
10,20,12,120,37
10,20,12,121,36
10,20,12,122,53
10,20,12,123,46
10,20,12,124,47
10,20,12,125,49
10,20,12,126,48
10,20,12,127,52
10,20,12,128,45
10,20,12,129,45
10,20,12,130,45
10,20,12,131,46
10,20,12,132,42
10,20,12,133,41
10,20,12,134,40
10,20,12,135,40
10,20,12,136,38
10,20,12,137,41
10,20,12,138,43
10,20,12,139,41
10,20,12,140,40
10,20,12,141,38
10,20,12,142,34
10,20,12,143,37
10,20,12,144,36
10,20,12,145,36
10,20,12,146,36
10,20,12,147,37
10,20,12,148,36
10,20,12,149,37
10,20,12,150,38
10,20,12,151,37
10,20,12,152,35
10,20,12,153,33
10,20,12,154,31
10,20,12,155,30
10,20,12,156,30
10,20,12,157,32
10,20,12,158,29
10,20,12,159,26
10,20,12,160,28
10,20,12,161,27
10,20,12,162,24
10,20,12,163,25
10,20,12,164,26
10,20,12,165,23
10,20,12,166,23
10,20,12,167,25
10,20,12,168,22
10,20,12,169,23
10,20,12,170,24
10,20,12,171,23
10,20,12,172,21
10,20,12,173,20
10,20,12,174,21
10,20,12,175,18
10,20,12,176,18
10,20,12,177,15
10,20,12,178,14
10,20,12,179,17
10,20,12,180,13
10,20,12,181,14
10,20,12,182,17
10,20,12,183,17
10,20,12,184,15
10,20,12,185,14
10,20,12,186,12
10,20,12,187,11
10,20,12,188,8
10,20,12,189,10
10,20,12,190,9
10,20,12,191,10
10,20,12,192,11
10,20,12,193,11
10,20,12,194,11
10,20,12,195,10
10,20,12,196,8
10,20,12,197,10
10,20,12,198,8
10,20,12,199,6
10,20,12,200,8
10,20,12,201,6
10,20,12,202,5
10,20,12,203,3
10,20,12,204,5
10,20,12,205,4
10,20,12,206,2
10,20,12,207,1
10,20,12,208,0
10,20,12,209,1
10,25,1,0,0
10,25,1,1,0
10,25,1,2,0
10,25,1,3,0
10,25,1,4,0
10,25,1,5,0
10,25,1,6,0
10,25,1,7,0
10,25,1,8,0
10,25,1,9,0
10,25,1,10,29
10,25,1,11,24
10,25,1,12,21
10,25,1,13,25
10,25,1,14,28
10,25,1,15,17
10,25,1,16,26
10,25,1,17,23
10,25,1,18,17
10,25,1,19,21
10,25,1,20,23
10,25,1,21,25
10,25,1,22,24
10,25,1,23,45
10,25,1,24,23
10,25,1,25,48
10,25,1,26,60
10,25,1,27,30
10,25,1,28,86
10,25,1,29,23
10,25,1,30,17
10,25,1,31,16
10,25,1,32,20
10,25,1,33,16
10,25,1,34,16
10,25,1,35,15
10,25,1,36,17
10,25,1,37,119
10,25,1,38,125
10,25,1,39,20
10,25,1,40,114
10,25,1,41,124
10,25,1,42,109
10,25,1,43,111
10,25,1,44,114
10,25,1,45,112
10,25,1,46,115
10,25,1,47,118
10,25,1,48,113
10,25,1,49,112
10,25,1,50,112
10,25,1,51,113
10,25,1,52,89
10,25,1,53,92
10,25,1,54,107
10,25,1,55,95
10,25,1,56,106
10,25,1,57,105
10,25,1,58,114
10,25,1,59,111
10,25,1,60,106
10,25,1,61,94
10,25,1,62,107
10,25,1,63,110
10,25,1,64,103
10,25,1,65,101
10,25,1,66,105
10,25,1,67,100
10,25,1,68,102
10,25,1,69,98
10,25,1,70,96
10,25,1,71,95
10,25,1,72,101
10,25,1,73,99
10,25,1,74,92
10,25,1,75,100
10,25,1,76,94
10,25,1,77,91
10,25,1,78,86
10,25,1,79,87
10,25,1,80,85
10,25,1,81,91
10,25,1,82,96
10,25,1,83,94
10,25,1,84,84
10,25,1,85,90
10,25,1,86,92
10,25,1,87,29
10,25,1,88,92
10,25,1,89,92
10,25,1,90,84
10,25,1,91,90
10,25,1,92,85
10,25,1,93,83
10,25,1,94,86
10,25,1,95,81
10,25,1,96,85
10,25,1,97,85
10,25,1,98,80
10,25,1,99,79
10,25,1,100,77
10,25,1,101,76
10,25,1,102,73
10,25,1,103,76
10,25,1,104,79
10,25,1,105,75
10,25,1,106,77
10,25,1,107,79
10,25,1,108,73
10,25,1,109,73
10,25,1,110,80
10,25,1,111,75
10,25,1,112,76
10,25,1,113,76
10,25,1,114,71
10,25,1,115,66
10,25,1,116,67
10,25,1,117,59
10,25,1,118,68
10,25,1,119,68
10,25,1,120,69
10,25,1,121,61
10,25,1,122,65
10,25,1,123,59
10,25,1,124,19
10,25,1,125,58
10,25,1,126,65
10,25,1,127,65
10,25,1,128,57
10,25,1,129,63
10,25,1,130,61
10,25,1,131,56
10,25,1,132,54
10,25,1,133,57
10,25,1,134,52
10,25,1,135,55
10,25,1,136,52
10,25,1,137,56
10,25,1,138,51
10,25,1,139,57
10,25,1,140,50
10,25,1,141,54
10,25,1,142,54
10,25,1,143,53
10,25,1,144,53
10,25,1,145,46
10,25,1,146,47
10,25,1,147,51
10,25,1,148,49
10,25,1,149,46
10,25,1,150,44
10,25,1,151,41
10,25,1,152,43
10,25,1,153,41
10,25,1,154,36
10,25,1,155,39
10,25,1,156,42
10,25,1,157,41
10,25,1,158,43
10,25,1,159,39
10,25,1,160,40
10,25,1,161,41
10,25,1,162,40
10,25,1,163,42
10,25,1,164,37
10,25,1,165,40
10,25,1,166,40
10,25,1,167,40
10,25,1,168,40
10,25,1,169,37
10,25,1,170,37
10,25,1,171,36
10,25,1,172,34
10,25,1,173,32
10,25,1,174,31
10,25,1,175,31
10,25,1,176,29
10,25,1,177,31
10,25,1,178,30
10,25,1,179,28
10,25,1,180,25
10,25,1,181,28
10,25,1,182,27
10,25,1,183,26
10,25,1,184,21
10,25,1,185,25
10,25,1,186,26
10,25,1,187,26
10,25,1,188,23
10,25,1,189,24
10,25,1,190,21
10,25,1,191,24
10,25,1,192,20
10,25,1,193,20
10,25,1,194,20
10,25,1,195,18
10,25,1,196,16
10,25,1,197,15
10,25,1,198,16
10,25,1,199,19
10,25,1,200,17
10,25,1,201,17
10,25,1,202,17
10,25,1,203,15
10,25,1,204,14
10,25,1,205,15
10,25,1,206,15
10,25,1,207,13
10,25,1,208,13
10,25,1,209,13
10,25,1,210,13
10,25,1,211,10
10,25,1,212,13
10,25,1,213,11
10,25,1,214,10
10,25,1,215,12
10,25,1,216,12
10,25,1,217,11
10,25,1,218,11
10,25,1,219,11
10,25,1,220,8
10,25,1,221,10
10,25,1,222,11
10,25,1,223,10
10,25,1,224,10
10,25,1,225,8
10,25,1,226,10
10,25,1,227,7
10,25,1,228,11
10,25,1,229,10
10,25,1,230,9
10,25,1,231,7
10,25,1,232,9
10,25,1,233,7
10,25,1,234,6
10,25,1,235,10
10,25,1,236,8
10,25,1,237,7
10,25,1,238,8
10,25,1,239,8
10,25,1,240,6
10,25,1,241,7
10,25,1,242,7
10,25,1,243,6
10,25,1,244,6
10,25,1,245,5
10,25,1,246,7
10,25,1,247,6
10,25,1,248,5
10,25,1,249,8
10,25,1,250,7
10,25,1,251,5
10,25,1,252,5
10,25,1,253,3
10,25,1,254,3
10,25,1,255,4
10,25,1,256,3
10,25,1,257,2
10,25,1,258,1
10,25,2,0,0
10,25,2,1,0
10,25,2,2,0
10,25,2,3,0
10,25,2,4,0
10,25,2,5,2
10,25,2,6,0
10,25,2,7,0
10,25,2,8,0
10,25,2,9,23
10,25,2,10,30
10,25,2,11,13
10,25,2,12,23
10,25,2,13,21
10,25,2,14,24
10,25,2,15,26
10,25,2,16,27
10,25,2,17,23
10,25,2,18,14
10,25,2,19,24
10,25,2,20,21
10,25,2,21,25
10,25,2,22,24
10,25,2,23,21
10,25,2,24,21
10,25,2,25,27
10,25,2,26,53
10,25,2,27,59
10,25,2,28,83
10,25,2,29,53
10,25,2,30,20
10,25,2,31,119
10,25,2,32,42
10,25,2,33,127
10,25,2,34,129
10,25,2,35,129
10,25,2,36,71
10,25,2,37,73
10,25,2,38,74
10,25,2,39,124
10,25,2,40,121
10,25,2,41,16
10,25,2,42,115
10,25,2,43,113
10,25,2,44,113
10,25,2,45,119
10,25,2,46,114
10,25,2,47,67
10,25,2,48,112
10,25,2,49,110
10,25,2,50,113
10,25,2,51,110
10,25,2,52,109
10,25,2,53,66
10,25,2,54,114
10,25,2,55,105
10,25,2,56,65
10,25,2,57,106
10,25,2,58,111
10,25,2,59,102
10,25,2,60,106
10,25,2,61,106
10,25,2,62,107
10,25,2,63,102
10,25,2,64,102
10,25,2,65,104
10,25,2,66,100
10,25,2,67,100
10,25,2,68,100
10,25,2,69,98
10,25,2,70,94
10,25,2,71,39
10,25,2,72,95
10,25,2,73,96
10,25,2,74,96
10,25,2,75,94
10,25,2,76,95
10,25,2,77,98
10,25,2,78,97
10,25,2,79,91
10,25,2,80,93
10,25,2,81,90
10,25,2,82,95
10,25,2,83,90
10,25,2,84,94
10,25,2,85,88
10,25,2,86,91
10,25,2,87,90
10,25,2,88,89
10,25,2,89,82
10,25,2,90,85
10,25,2,91,88
10,25,2,92,91
10,25,2,93,85
10,25,2,94,87
10,25,2,95,87
10,25,2,96,85
10,25,2,97,80
10,25,2,98,78
10,25,2,99,77
10,25,2,100,81
10,25,2,101,76
10,25,2,102,75
10,25,2,103,74
10,25,2,104,70
10,25,2,105,76
10,25,2,106,75
10,25,2,107,78
10,25,2,108,77
10,25,2,109,74
10,25,2,110,76
10,25,2,111,76
10,25,2,112,71
10,25,2,113,73
10,25,2,114,68
10,25,2,115,66
10,25,2,116,66
10,25,2,117,67
10,25,2,118,64
10,25,2,119,64
10,25,2,120,68
10,25,2,121,64
10,25,2,122,65
10,25,2,123,63
10,25,2,124,64
10,25,2,125,61
10,25,2,126,63
10,25,2,127,63
10,25,2,128,65
10,25,2,129,65
10,25,2,130,64
10,25,2,131,60
10,25,2,132,61
10,25,2,133,61
10,25,2,134,59
10,25,2,135,59
10,25,2,136,54
10,25,2,137,56
10,25,2,138,58
10,25,2,139,54
10,25,2,140,58
10,25,2,141,53
10,25,2,142,56
10,25,2,143,56
10,25,2,144,57
10,25,2,145,53
10,25,2,146,50
10,25,2,147,51
10,25,2,148,50
10,25,2,149,47
10,25,2,150,46
10,25,2,151,44
10,25,2,152,49
10,25,2,153,42
10,25,2,154,46
10,25,2,155,46
10,25,2,156,47
10,25,2,157,37
10,25,2,158,43
10,25,2,159,41
10,25,2,160,39
10,25,2,161,42
10,25,2,162,41
10,25,2,163,42
10,25,2,164,44
10,25,2,165,43
10,25,2,166,39
10,25,2,167,40
10,25,2,168,38
10,25,2,169,33
10,25,2,170,39
10,25,2,171,36
10,25,2,172,33
10,25,2,173,33
10,25,2,174,30
10,25,2,175,30
10,25,2,176,29
10,25,2,177,32
10,25,2,178,31
10,25,2,179,30
10,25,2,180,30
10,25,2,181,28
10,25,2,182,27
10,25,2,183,29
10,25,2,184,27
10,25,2,185,28
10,25,2,186,30
10,25,2,187,28
10,25,2,188,17
10,25,2,189,27
10,25,2,190,26
10,25,2,191,25
10,25,2,192,26
10,25,2,193,22
10,25,2,194,25
10,25,2,195,24
10,25,2,196,21
10,25,2,197,20
10,25,2,198,18
10,25,2,199,18
10,25,2,200,17
10,25,2,201,16
10,25,2,202,15
10,25,2,203,14
10,25,2,204,15
10,25,2,205,16
10,25,2,206,15
10,25,2,207,15
10,25,2,208,14
10,25,2,209,15
10,25,2,210,14
10,25,2,211,14
10,25,2,212,13
10,25,2,213,13
10,25,2,214,13
10,25,2,215,11
10,25,2,216,11
10,25,2,217,10
10,25,2,218,10
10,25,2,219,10
10,25,2,220,10
10,25,2,221,10
10,25,2,222,9
10,25,2,223,10
10,25,2,224,10
10,25,2,225,9
10,25,2,226,11
10,25,2,227,8
10,25,2,228,10
10,25,2,229,10
10,25,2,230,11
10,25,2,231,11
10,25,2,232,9
10,25,2,233,11
10,25,2,234,9
10,25,2,235,9
10,25,2,236,9
10,25,2,237,10
10,25,2,238,7
10,25,2,239,7
10,25,2,240,7
10,25,2,241,8
10,25,2,242,7
10,25,2,243,7
10,25,2,244,7
10,25,2,245,7
10,25,2,246,7
10,25,2,247,6
10,25,2,248,6
10,25,2,249,6
10,25,2,250,5
10,25,2,251,6
10,25,2,252,3
10,25,2,253,4
10,25,2,254,3
10,25,2,255,2
10,25,2,256,1
10,25,3,0,0
10,25,3,1,0
10,25,3,2,0
10,25,3,3,0
10,25,3,4,0
10,25,3,5,0
10,25,3,6,4
10,25,3,7,0
10,25,3,8,0
10,25,3,9,16
10,25,3,10,20
10,25,3,11,18
10,25,3,12,30
10,25,3,13,33
10,25,3,14,33
10,25,3,15,28
10,25,3,16,20
10,25,3,17,16
10,25,3,18,18
10,25,3,19,15
10,25,3,20,23
10,25,3,21,20
10,25,3,22,22
10,25,3,23,26
10,25,3,24,25
10,25,3,25,19
10,25,3,26,15
10,25,3,27,22
10,25,3,28,19
10,25,3,29,20
10,25,3,30,21
10,25,3,31,21
10,25,3,32,15
10,25,3,33,48
10,25,3,34,15
10,25,3,35,14
10,25,3,36,78
10,25,3,37,75
10,25,3,38,54
10,25,3,39,126
10,25,3,40,75
10,25,3,41,71
10,25,3,42,70
10,25,3,43,116
10,25,3,44,119
10,25,3,45,108
10,25,3,46,113
10,25,3,47,116
10,25,3,48,119
10,25,3,49,117
10,25,3,50,67
10,25,3,51,114
10,25,3,52,103
10,25,3,53,106
10,25,3,54,98
10,25,3,55,92
10,25,3,56,98
10,25,3,57,109
10,25,3,58,95
10,25,3,59,101
10,25,3,60,105
10,25,3,61,98
10,25,3,62,99
10,25,3,63,57
10,25,3,64,101
10,25,3,65,100
10,25,3,66,102
10,25,3,67,103
10,25,3,68,104
10,25,3,69,97
10,25,3,70,100
10,25,3,71,98
10,25,3,72,26
10,25,3,73,100
10,25,3,74,98
10,25,3,75,91
10,25,3,76,90
10,25,3,77,88
10,25,3,78,92
10,25,3,79,92
10,25,3,80,86
10,25,3,81,89
10,25,3,82,90
10,25,3,83,90
10,25,3,84,85
10,25,3,85,85
10,25,3,86,83
10,25,3,87,89
10,25,3,88,80
10,25,3,89,85
10,25,3,90,81
10,25,3,91,78
10,25,3,92,76
10,25,3,93,81
10,25,3,94,83
10,25,3,95,80
10,25,3,96,82
10,25,3,97,82
10,25,3,98,84
10,25,3,99,82
10,25,3,100,83
10,25,3,101,79
10,25,3,102,79
10,25,3,103,77
10,25,3,104,78
10,25,3,105,79
10,25,3,106,76
10,25,3,107,77
10,25,3,108,75
10,25,3,109,74
10,25,3,110,74
10,25,3,111,73
10,25,3,112,71
10,25,3,113,72
10,25,3,114,71
10,25,3,115,68
10,25,3,116,73
10,25,3,117,70
10,25,3,118,69
10,25,3,119,70
10,25,3,120,68
10,25,3,121,69
10,25,3,122,66
10,25,3,123,62
10,25,3,124,60
10,25,3,125,62
10,25,3,126,58
10,25,3,127,59
10,25,3,128,59
10,25,3,129,62
10,25,3,130,67
10,25,3,131,61
10,25,3,132,58
10,25,3,133,57
10,25,3,134,62
10,25,3,135,51
10,25,3,136,57
10,25,3,137,56
10,25,3,138,51
10,25,3,139,58
10,25,3,140,55
10,25,3,141,57
10,25,3,142,56
10,25,3,143,50
10,25,3,144,54
10,25,3,145,47
10,25,3,146,52
10,25,3,147,52
10,25,3,148,46
10,25,3,149,40
10,25,3,150,46
10,25,3,151,43
10,25,3,152,43
10,25,3,153,46
10,25,3,154,46
10,25,3,155,46
10,25,3,156,43
10,25,3,157,45
10,25,3,158,44
10,25,3,159,43
10,25,3,160,43
10,25,3,161,42
10,25,3,162,40
10,25,3,163,40
10,25,3,164,40
10,25,3,165,39
10,25,3,166,40
10,25,3,167,35
10,25,3,168,37
10,25,3,169,33
10,25,3,170,33
10,25,3,171,34
10,25,3,172,33
10,25,3,173,33
10,25,3,174,35
10,25,3,175,35
10,25,3,176,32
10,25,3,177,35
10,25,3,178,33
10,25,3,179,33
10,25,3,180,31
10,25,3,181,29
10,25,3,182,32
10,25,3,183,29
10,25,3,184,30
10,25,3,185,28
10,25,3,186,29
10,25,3,187,26
10,25,3,188,27
10,25,3,189,24
10,25,3,190,20
10,25,3,191,23
10,25,3,192,21
10,25,3,193,20
10,25,3,194,23
10,25,3,195,22
10,25,3,196,22
10,25,3,197,21
10,25,3,198,20
10,25,3,199,20
10,25,3,200,17
10,25,3,201,17
10,25,3,202,18
10,25,3,203,17
10,25,3,204,17
10,25,3,205,15
10,25,3,206,14
10,25,3,207,15
10,25,3,208,15
10,25,3,209,15
10,25,3,210,11
10,25,3,211,12
10,25,3,212,13
10,25,3,213,13
10,25,3,214,11
10,25,3,215,12
10,25,3,216,12
10,25,3,217,10
10,25,3,218,9
10,25,3,219,12
10,25,3,220,11
10,25,3,221,10
10,25,3,222,10
10,25,3,223,10
10,25,3,224,9
10,25,3,225,10
10,25,3,226,10
10,25,3,227,9
10,25,3,228,7
10,25,3,229,8
10,25,3,230,7
10,25,3,231,7
10,25,3,232,6
10,25,3,233,8
10,25,3,234,8
10,25,3,235,6
10,25,3,236,8
10,25,3,237,8
10,25,3,238,7
10,25,3,239,5
10,25,3,240,4
10,25,3,241,7
10,25,3,242,7
10,25,3,243,6
10,25,3,244,9
10,25,3,245,6
10,25,3,246,6
10,25,3,247,5
10,25,3,248,5
10,25,3,249,8
10,25,3,250,5
10,25,3,251,4
10,25,3,252,4
10,25,3,253,4
10,25,3,254,3
10,25,3,255,0
10,25,3,256,0
10,25,3,257,0
10,25,3,258,2
10,25,3,259,1
10,25,4,0,0
10,25,4,1,0
10,25,4,2,0
10,25,4,3,0
10,25,4,4,0
10,25,4,5,4
10,25,4,6,2
10,25,4,7,2
10,25,4,8,1
10,25,4,9,0
10,25,4,10,13
10,25,4,11,20
10,25,4,12,7
10,25,4,13,4
10,25,4,14,17
10,25,4,15,15
10,25,4,16,16
10,25,4,17,20
10,25,4,18,28
10,25,4,19,22
10,25,4,20,51
10,25,4,21,15
10,25,4,22,45
10,25,4,23,70
10,25,4,24,89
10,25,4,25,84
10,25,4,26,53
10,25,4,27,54
10,25,4,28,87
10,25,4,29,154
10,25,4,30,82
10,25,4,31,90
10,25,4,32,143
10,25,4,33,76
10,25,4,34,99
10,25,4,35,105
10,25,4,36,123
10,25,4,37,122
10,25,4,38,105
10,25,4,39,106
10,25,4,40,116
10,25,4,41,127
10,25,4,42,121
10,25,4,43,115
10,25,4,44,115
10,25,4,45,118
10,25,4,46,116
10,25,4,47,107
10,25,4,48,97
10,25,4,49,119
10,25,4,50,116
10,25,4,51,108
10,25,4,52,111
10,25,4,53,107
10,25,4,54,111
10,25,4,55,106
10,25,4,56,106
10,25,4,57,102
10,25,4,58,64
10,25,4,59,106
10,25,4,60,102
10,25,4,61,100
10,25,4,62,102
10,25,4,63,104
10,25,4,64,105
10,25,4,65,102
10,25,4,66,24
10,25,4,67,104
10,25,4,68,99
10,25,4,69,97
10,25,4,70,98
10,25,4,71,93
10,25,4,72,91
10,25,4,73,89
10,25,4,74,90
10,25,4,75,93
10,25,4,76,91
10,25,4,77,92
10,25,4,78,90
10,25,4,79,89
10,25,4,80,94
10,25,4,81,89
10,25,4,82,91
10,25,4,83,91
10,25,4,84,93
10,25,4,85,93
10,25,4,86,82
10,25,4,87,85
10,25,4,88,86
10,25,4,89,83
10,25,4,90,82
10,25,4,91,87
10,25,4,92,83
10,25,4,93,80
10,25,4,94,82
10,25,4,95,79
10,25,4,96,78
10,25,4,97,80
10,25,4,98,78
10,25,4,99,75
10,25,4,100,77
10,25,4,101,82
10,25,4,102,79
10,25,4,103,83
10,25,4,104,76
10,25,4,105,76
10,25,4,106,81
10,25,4,107,77
10,25,4,108,73
10,25,4,109,54
10,25,4,110,73
10,25,4,111,69
10,25,4,112,72
10,25,4,113,68
10,25,4,114,70
10,25,4,115,66
10,25,4,116,66
10,25,4,117,64
10,25,4,118,61
10,25,4,119,64
10,25,4,120,62
10,25,4,121,68
10,25,4,122,62
10,25,4,123,62
10,25,4,124,58
10,25,4,125,61
10,25,4,126,54
10,25,4,127,57
10,25,4,128,58
10,25,4,129,58
10,25,4,130,60
10,25,4,131,58
10,25,4,132,54
10,25,4,133,59
10,25,4,134,58
10,25,4,135,61
10,25,4,136,55
10,25,4,137,53
10,25,4,138,57
10,25,4,139,53
10,25,4,140,52
10,25,4,141,48
10,25,4,142,51
10,25,4,143,50
10,25,4,144,52
10,25,4,145,47
10,25,4,146,48
10,25,4,147,49
10,25,4,148,46
10,25,4,149,43
10,25,4,150,47
10,25,4,151,47
10,25,4,152,48
10,25,4,153,50
10,25,4,154,47
10,25,4,155,41
10,25,4,156,43
10,25,4,157,37
10,25,4,158,39
10,25,4,159,43
10,25,4,160,40
10,25,4,161,39
10,25,4,162,37
10,25,4,163,37
10,25,4,164,33
10,25,4,165,32
10,25,4,166,35
10,25,4,167,34
10,25,4,168,36
10,25,4,169,35
10,25,4,170,33
10,25,4,171,30
10,25,4,172,30
10,25,4,173,30
10,25,4,174,27
10,25,4,175,28
10,25,4,176,30
10,25,4,177,26
10,25,4,178,25
10,25,4,179,20
10,25,4,180,25
10,25,4,181,26
10,25,4,182,24
10,25,4,183,22
10,25,4,184,22
10,25,4,185,24
10,25,4,186,24
10,25,4,187,23
10,25,4,188,21
10,25,4,189,18
10,25,4,190,20
10,25,4,191,19
10,25,4,192,19
10,25,4,193,18
10,25,4,194,17
10,25,4,195,19
10,25,4,196,18
10,25,4,197,18
10,25,4,198,16
10,25,4,199,15
10,25,4,200,16
10,25,4,201,15
10,25,4,202,16
10,25,4,203,17
10,25,4,204,17
10,25,4,205,16
10,25,4,206,16
10,25,4,207,15
10,25,4,208,13
10,25,4,209,12
10,25,4,210,13
10,25,4,211,13
10,25,4,212,13
10,25,4,213,10
10,25,4,214,11
10,25,4,215,10
10,25,4,216,11
10,25,4,217,10
10,25,4,218,10
10,25,4,219,12
10,25,4,220,11
10,25,4,221,9
10,25,4,222,9
10,25,4,223,10
10,25,4,224,9
10,25,4,225,11
10,25,4,226,9
10,25,4,227,7
10,25,4,228,10
10,25,4,229,8
10,25,4,230,8
10,25,4,231,7
10,25,4,232,6
10,25,4,233,6
10,25,4,234,6
10,25,4,235,7
10,25,4,236,5
10,25,4,237,7
10,25,4,238,8
10,25,4,239,7
10,25,4,240,8
10,25,4,241,6
10,25,4,242,5
10,25,4,243,7
10,25,4,244,6
10,25,4,245,7
10,25,4,246,6
10,25,4,247,5
10,25,4,248,4
10,25,4,249,3
10,25,4,250,4
10,25,4,251,2
10,25,4,252,2
10,25,4,253,2
10,25,4,254,2
10,25,4,255,1
10,25,5,0,0
10,25,5,1,0
10,25,5,2,0
10,25,5,3,0
10,25,5,4,0
10,25,5,5,1
10,25,5,6,0
10,25,5,7,0
10,25,5,8,8
10,25,5,9,0
10,25,5,10,6
10,25,5,11,14
10,25,5,12,24
10,25,5,13,24
10,25,5,14,25
10,25,5,15,25
10,25,5,16,25
10,25,5,17,25
10,25,5,18,22
10,25,5,19,15
10,25,5,20,13
10,25,5,21,12
10,25,5,22,25
10,25,5,23,23
10,25,5,24,23
10,25,5,25,30
10,25,5,26,17
10,25,5,27,17
10,25,5,28,52
10,25,5,29,22
10,25,5,30,46
10,25,5,31,18
10,25,5,32,20
10,25,5,33,75
10,25,5,34,74
10,25,5,35,77
10,25,5,36,74
10,25,5,37,105
10,25,5,38,103
10,25,5,39,104
10,25,5,40,122
10,25,5,41,120
10,25,5,42,75
10,25,5,43,9
10,25,5,44,97
10,25,5,45,113
10,25,5,46,70
10,25,5,47,111
10,25,5,48,65
10,25,5,49,121
10,25,5,50,116
10,25,5,51,113
10,25,5,52,66
10,25,5,53,70
10,25,5,54,114
10,25,5,55,109
10,25,5,56,102
10,25,5,57,108
10,25,5,58,110
10,25,5,59,107
10,25,5,60,103
10,25,5,61,97
10,25,5,62,70
10,25,5,63,110
10,25,5,64,105
10,25,5,65,100
10,25,5,66,105
10,25,5,67,100
10,25,5,68,102
10,25,5,69,97
10,25,5,70,93
10,25,5,71,93
10,25,5,72,95
10,25,5,73,98
10,25,5,74,98
10,25,5,75,99
10,25,5,76,96
10,25,5,77,96
10,25,5,78,96
10,25,5,79,91
10,25,5,80,92
10,25,5,81,92
10,25,5,82,92
10,25,5,83,95
10,25,5,84,89
10,25,5,85,89
10,25,5,86,88
10,25,5,87,94
10,25,5,88,91
10,25,5,89,88
10,25,5,90,83
10,25,5,91,84
10,25,5,92,91
10,25,5,93,83
10,25,5,94,83
10,25,5,95,84
10,25,5,96,83
10,25,5,97,83
10,25,5,98,45
10,25,5,99,82
10,25,5,100,80
10,25,5,101,81
10,25,5,102,81
10,25,5,103,76
10,25,5,104,74
10,25,5,105,74
10,25,5,106,74
10,25,5,107,56
10,25,5,108,71
10,25,5,109,72
10,25,5,110,72
10,25,5,111,67
10,25,5,112,74
10,25,5,113,52
10,25,5,114,47
10,25,5,115,70
10,25,5,116,68
10,25,5,117,71
10,25,5,118,72
10,25,5,119,68
10,25,5,120,68
10,25,5,121,67
10,25,5,122,67
10,25,5,123,71
10,25,5,124,42
10,25,5,125,65
10,25,5,126,65
10,25,5,127,64
10,25,5,128,62
10,25,5,129,61
10,25,5,130,60
10,25,5,131,57
10,25,5,132,59
10,25,5,133,60
10,25,5,134,59
10,25,5,135,55
10,25,5,136,59
10,25,5,137,53
10,25,5,138,53
10,25,5,139,41
10,25,5,140,56
10,25,5,141,44
10,25,5,142,51
10,25,5,143,55
10,25,5,144,52
10,25,5,145,49
10,25,5,146,50
10,25,5,147,51
10,25,5,148,49
10,25,5,149,52
10,25,5,150,53
10,25,5,151,49
10,25,5,152,48
10,25,5,153,45
10,25,5,154,44
10,25,5,155,50
10,25,5,156,41
10,25,5,157,45
10,25,5,158,44
10,25,5,159,44
10,25,5,160,44
10,25,5,161,36
10,25,5,162,44
10,25,5,163,37
10,25,5,164,40
10,25,5,165,35
10,25,5,166,38
10,25,5,167,34
10,25,5,168,38
10,25,5,169,36
10,25,5,170,33
10,25,5,171,33
10,25,5,172,32
10,25,5,173,30
10,25,5,174,31
10,25,5,175,29
10,25,5,176,28
10,25,5,177,30
10,25,5,178,30
10,25,5,179,28
10,25,5,180,27
10,25,5,181,18
10,25,5,182,18
10,25,5,183,27
10,25,5,184,25
10,25,5,185,23
10,25,5,186,24
10,25,5,187,24
10,25,5,188,22
10,25,5,189,23
10,25,5,190,23
10,25,5,191,22
10,25,5,192,23
10,25,5,193,22
10,25,5,194,19
10,25,5,195,20
10,25,5,196,19
10,25,5,197,19
10,25,5,198,16
10,25,5,199,19
10,25,5,200,16
10,25,5,201,15
10,25,5,202,15
10,25,5,203,15
10,25,5,204,15
10,25,5,205,15
10,25,5,206,14
10,25,5,207,13
10,25,5,208,14
10,25,5,209,13
10,25,5,210,11
10,25,5,211,14
10,25,5,212,10
10,25,5,213,11
10,25,5,214,11
10,25,5,215,10
10,25,5,216,10
10,25,5,217,11
10,25,5,218,10
10,25,5,219,11
10,25,5,220,10
10,25,5,221,8
10,25,5,222,10
10,25,5,223,10
10,25,5,224,7
10,25,5,225,9
10,25,5,226,11
10,25,5,227,11
10,25,5,228,8
10,25,5,229,8
10,25,5,230,8
10,25,5,231,8
10,25,5,232,7
10,25,5,233,9
10,25,5,234,9
10,25,5,235,8
10,25,5,236,7
10,25,5,237,9
10,25,5,238,9
10,25,5,239,8
10,25,5,240,6
10,25,5,241,8
10,25,5,242,4
10,25,5,243,8
10,25,5,244,7
10,25,5,245,6
10,25,5,246,7
10,25,5,247,5
10,25,5,248,7
10,25,5,249,6
10,25,5,250,4
10,25,5,251,6
10,25,5,252,5
10,25,5,253,3
10,25,5,254,3
10,25,5,255,0
10,25,5,256,2
10,25,5,257,1
10,25,6,0,0
10,25,6,1,0
10,25,6,2,0
10,25,6,3,0
10,25,6,4,0
10,25,6,5,1
10,25,6,6,0
10,25,6,7,1
10,25,6,8,0
10,25,6,9,1
10,25,6,10,0
10,25,6,11,26
10,25,6,12,31
10,25,6,13,17
10,25,6,14,26
10,25,6,15,26
10,25,6,16,27
10,25,6,17,25
10,25,6,18,16
10,25,6,19,21
10,25,6,20,57
10,25,6,21,14
10,25,6,22,18
10,25,6,23,54
10,25,6,24,51
10,25,6,25,80
10,25,6,26,53
10,25,6,27,57
10,25,6,28,57
10,25,6,29,25
10,25,6,30,56
10,25,6,31,46
10,25,6,32,79
10,25,6,33,18
10,25,6,34,20
10,25,6,35,126
10,25,6,36,124
10,25,6,37,16
10,25,6,38,120
10,25,6,39,115
10,25,6,40,24
10,25,6,41,119
10,25,6,42,117
10,25,6,43,117
10,25,6,44,117
10,25,6,45,110
10,25,6,46,118
10,25,6,47,118
10,25,6,48,119
10,25,6,49,114
10,25,6,50,114
10,25,6,51,107
10,25,6,52,107
10,25,6,53,105
10,25,6,54,108
10,25,6,55,97
10,25,6,56,106
10,25,6,57,105
10,25,6,58,107
10,25,6,59,106
10,25,6,60,98
10,25,6,61,65
10,25,6,62,61
10,25,6,63,98
10,25,6,64,103
10,25,6,65,102
10,25,6,66,98
10,25,6,67,99
10,25,6,68,102
10,25,6,69,66
10,25,6,70,99
10,25,6,71,90
10,25,6,72,97
10,25,6,73,95
10,25,6,74,92
10,25,6,75,94
10,25,6,76,95
10,25,6,77,93
10,25,6,78,90
10,25,6,79,92
10,25,6,80,94
10,25,6,81,93
10,25,6,82,86
10,25,6,83,87
10,25,6,84,89
10,25,6,85,90
10,25,6,86,82
10,25,6,87,59
10,25,6,88,86
10,25,6,89,81
10,25,6,90,82
10,25,6,91,83
10,25,6,92,83
10,25,6,93,81
10,25,6,94,79
10,25,6,95,85
10,25,6,96,80
10,25,6,97,78
10,25,6,98,84
10,25,6,99,79
10,25,6,100,78
10,25,6,101,86
10,25,6,102,80
10,25,6,103,75
10,25,6,104,72
10,25,6,105,78
10,25,6,106,73
10,25,6,107,75
10,25,6,108,78
10,25,6,109,72
10,25,6,110,75
10,25,6,111,73
10,25,6,112,71
10,25,6,113,76
10,25,6,114,72
10,25,6,115,69
10,25,6,116,70
10,25,6,117,63
10,25,6,118,72
10,25,6,119,61
10,25,6,120,68
10,25,6,121,69
10,25,6,122,66
10,25,6,123,68
10,25,6,124,63
10,25,6,125,60
10,25,6,126,38
10,25,6,127,60
10,25,6,128,58
10,25,6,129,58
10,25,6,130,55
10,25,6,131,58
10,25,6,132,60
10,25,6,133,57
10,25,6,134,30
10,25,6,135,57
10,25,6,136,59
10,25,6,137,55
10,25,6,138,55
10,25,6,139,50
10,25,6,140,50
10,25,6,141,51
10,25,6,142,52
10,25,6,143,53
10,25,6,144,50
10,25,6,145,50
10,25,6,146,53
10,25,6,147,52
10,25,6,148,50
10,25,6,149,49
10,25,6,150,54
10,25,6,151,50
10,25,6,152,45
10,25,6,153,45
10,25,6,154,46
10,25,6,155,43
10,25,6,156,44
10,25,6,157,44
10,25,6,158,44
10,25,6,159,42
10,25,6,160,42
10,25,6,161,40
10,25,6,162,38
10,25,6,163,38
10,25,6,164,34
10,25,6,165,38
10,25,6,166,38
10,25,6,167,39
10,25,6,168,37
10,25,6,169,36
10,25,6,170,33
10,25,6,171,30
10,25,6,172,31
10,25,6,173,32
10,25,6,174,30
10,25,6,175,28
10,25,6,176,30
10,25,6,177,29
10,25,6,178,30
10,25,6,179,30
10,25,6,180,27
10,25,6,181,25
10,25,6,182,25
10,25,6,183,26
10,25,6,184,21
10,25,6,185,27
10,25,6,186,26
10,25,6,187,25
10,25,6,188,24
10,25,6,189,23
10,25,6,190,21
10,25,6,191,20
10,25,6,192,19
10,25,6,193,17
10,25,6,194,18
10,25,6,195,17
10,25,6,196,17
10,25,6,197,18
10,25,6,198,17
10,25,6,199,18
10,25,6,200,17
10,25,6,201,15
10,25,6,202,16
10,25,6,203,14
10,25,6,204,16
10,25,6,205,14
10,25,6,206,15
10,25,6,207,14
10,25,6,208,14
10,25,6,209,11
10,25,6,210,12
10,25,6,211,10
10,25,6,212,10
10,25,6,213,9
10,25,6,214,10
10,25,6,215,9
10,25,6,216,8
10,25,6,217,10
10,25,6,218,11
10,25,6,219,8
10,25,6,220,9
10,25,6,221,7
10,25,6,222,7
10,25,6,223,6
10,25,6,224,7
10,25,6,225,7
10,25,6,226,9
10,25,6,227,9
10,25,6,228,10
10,25,6,229,8
10,25,6,230,9
10,25,6,231,9
10,25,6,232,8
10,25,6,233,9
10,25,6,234,9
10,25,6,235,9
10,25,6,236,8
10,25,6,237,6
10,25,6,238,6
10,25,6,239,6
10,25,6,240,7
10,25,6,241,8
10,25,6,242,8
10,25,6,243,7
10,25,6,244,7
10,25,6,245,5
10,25,6,246,6
10,25,6,247,6
10,25,6,248,4
10,25,6,249,4
10,25,6,250,5
10,25,6,251,5
10,25,6,252,4
10,25,6,253,3
10,25,6,254,3
10,25,6,255,2
10,25,6,256,1
10,25,7,0,0
10,25,7,1,0
10,25,7,2,0
10,25,7,3,0
10,25,7,4,0
10,25,7,5,0
10,25,7,6,3
10,25,7,7,14
10,25,7,8,18
10,25,7,9,4
10,25,7,10,10
10,25,7,11,16
10,25,7,12,17
10,25,7,13,13
10,25,7,14,16
10,25,7,15,9
10,25,7,16,23
10,25,7,17,22
10,25,7,18,22
10,25,7,19,25
10,25,7,20,25
10,25,7,21,23
10,25,7,22,27
10,25,7,23,24
10,25,7,24,20
10,25,7,25,20
10,25,7,26,14
10,25,7,27,61
10,25,7,28,18
10,25,7,29,119
10,25,7,30,85
10,25,7,31,144
10,25,7,32,136
10,25,7,33,77
10,25,7,34,53
10,25,7,35,52
10,25,7,36,126
10,25,7,37,100
10,25,7,38,123
10,25,7,39,48
10,25,7,40,115
10,25,7,41,119
10,25,7,42,101
10,25,7,43,101
10,25,7,44,117
10,25,7,45,96
10,25,7,46,116
10,25,7,47,23
10,25,7,48,114
10,25,7,49,115
10,25,7,50,112
10,25,7,51,106
10,25,7,52,108
10,25,7,53,94
10,25,7,54,106
10,25,7,55,16
10,25,7,56,91
10,25,7,57,96
10,25,7,58,105
10,25,7,59,107
10,25,7,60,105
10,25,7,61,103
10,25,7,62,88
10,25,7,63,105
10,25,7,64,104
10,25,7,65,97
10,25,7,66,103
10,25,7,67,102
10,25,7,68,99
10,25,7,69,104
10,25,7,70,33
10,25,7,71,100
10,25,7,72,96
10,25,7,73,98
10,25,7,74,95
10,25,7,75,102
10,25,7,76,94
10,25,7,77,101
10,25,7,78,99
10,25,7,79,99
10,25,7,80,95
10,25,7,81,97
10,25,7,82,92
10,25,7,83,96
10,25,7,84,94
10,25,7,85,93
10,25,7,86,91
10,25,7,87,88
10,25,7,88,90
10,25,7,89,88
10,25,7,90,91
10,25,7,91,91
10,25,7,92,88
10,25,7,93,84
10,25,7,94,84
10,25,7,95,87
10,25,7,96,78
10,25,7,97,83
10,25,7,98,81
10,25,7,99,87
10,25,7,100,84
10,25,7,101,81
10,25,7,102,82
10,25,7,103,78
10,25,7,104,75
10,25,7,105,77
10,25,7,106,75
10,25,7,107,77
10,25,7,108,79
10,25,7,109,74
10,25,7,110,72
10,25,7,111,78
10,25,7,112,74
10,25,7,113,68
10,25,7,114,69
10,25,7,115,73
10,25,7,116,66
10,25,7,117,71
10,25,7,118,66
10,25,7,119,72
10,25,7,120,69
10,25,7,121,62
10,25,7,122,64
10,25,7,123,62
10,25,7,124,63
10,25,7,125,58
10,25,7,126,57
10,25,7,127,58
10,25,7,128,64
10,25,7,129,57
10,25,7,130,61
10,25,7,131,58
10,25,7,132,56
10,25,7,133,55
10,25,7,134,55
10,25,7,135,53
10,25,7,136,55
10,25,7,137,57
10,25,7,138,54
10,25,7,139,57
10,25,7,140,51
10,25,7,141,53
10,25,7,142,53
10,25,7,143,55
10,25,7,144,52
10,25,7,145,49
10,25,7,146,52
10,25,7,147,49
10,25,7,148,50
10,25,7,149,44
10,25,7,150,47
10,25,7,151,44
10,25,7,152,45
10,25,7,153,49
10,25,7,154,47
10,25,7,155,49
10,25,7,156,46
10,25,7,157,44
10,25,7,158,43
10,25,7,159,44
10,25,7,160,41
10,25,7,161,42
10,25,7,162,40
10,25,7,163,40
10,25,7,164,39
10,25,7,165,42
10,25,7,166,37
10,25,7,167,40
10,25,7,168,39
10,25,7,169,34
10,25,7,170,34
10,25,7,171,36
10,25,7,172,31
10,25,7,173,34
10,25,7,174,38
10,25,7,175,35
10,25,7,176,33
10,25,7,177,30
10,25,7,178,32
10,25,7,179,34
10,25,7,180,31
10,25,7,181,29
10,25,7,182,27
10,25,7,183,28
10,25,7,184,28
10,25,7,185,26
10,25,7,186,27
10,25,7,187,26
10,25,7,188,29
10,25,7,189,27
10,25,7,190,24
10,25,7,191,26
10,25,7,192,22
10,25,7,193,21
10,25,7,194,22
10,25,7,195,23
10,25,7,196,21
10,25,7,197,22
10,25,7,198,22
10,25,7,199,19
10,25,7,200,18
10,25,7,201,21
10,25,7,202,19
10,25,7,203,16
10,25,7,204,17
10,25,7,205,17
10,25,7,206,16
10,25,7,207,16
10,25,7,208,16
10,25,7,209,15
10,25,7,210,14
10,25,7,211,12
10,25,7,212,13
10,25,7,213,13
10,25,7,214,14
10,25,7,215,12
10,25,7,216,11
10,25,7,217,10
10,25,7,218,13
10,25,7,219,13
10,25,7,220,11
10,25,7,221,10
10,25,7,222,10
10,25,7,223,10
10,25,7,224,10
10,25,7,225,9
10,25,7,226,10
10,25,7,227,8
10,25,7,228,8
10,25,7,229,8
10,25,7,230,9
10,25,7,231,8
10,25,7,232,6
10,25,7,233,9
10,25,7,234,7
10,25,7,235,6
10,25,7,236,8
10,25,7,237,8
10,25,7,238,7
10,25,7,239,8
10,25,7,240,7
10,25,7,241,7
10,25,7,242,7
10,25,7,243,6
10,25,7,244,6
10,25,7,245,4
10,25,7,246,5
10,25,7,247,5
10,25,7,248,4
10,25,7,249,4
10,25,7,250,1
10,25,7,251,4
10,25,7,252,3
10,25,7,253,1
10,25,7,254,0
10,25,7,255,1
10,25,7,256,0
10,25,7,257,0
10,25,7,258,1
10,25,8,0,0
10,25,8,1,0
10,25,8,2,0
10,25,8,3,0
10,25,8,4,0
10,25,8,5,0
10,25,8,6,3
10,25,8,7,9
10,25,8,8,1
10,25,8,9,0
10,25,8,10,4
10,25,8,11,3
10,25,8,12,2
10,25,8,13,29
10,25,8,14,26
10,25,8,15,25
10,25,8,16,21
10,25,8,17,23
10,25,8,18,23
10,25,8,19,22
10,25,8,20,19
10,25,8,21,25
10,25,8,22,24
10,25,8,23,57
10,25,8,24,53
10,25,8,25,86
10,25,8,26,21
10,25,8,27,22
10,25,8,28,51
10,25,8,29,49
10,25,8,30,44
10,25,8,31,44
10,25,8,32,109
10,25,8,33,130
10,25,8,34,40
10,25,8,35,124
10,25,8,36,122
10,25,8,37,124
10,25,8,38,118
10,25,8,39,113
10,25,8,40,124
10,25,8,41,120
10,25,8,42,89
10,25,8,43,112
10,25,8,44,111
10,25,8,45,116
10,25,8,46,115
10,25,8,47,88
10,25,8,48,112
10,25,8,49,116
10,25,8,50,115
10,25,8,51,112
10,25,8,52,110
10,25,8,53,110
10,25,8,54,105
10,25,8,55,106
10,25,8,56,109
10,25,8,57,108
10,25,8,58,107
10,25,8,59,112
10,25,8,60,107
10,25,8,61,101
10,25,8,62,99
10,25,8,63,102
10,25,8,64,99
10,25,8,65,100
10,25,8,66,102
10,25,8,67,100
10,25,8,68,96
10,25,8,69,80
10,25,8,70,100
10,25,8,71,99
10,25,8,72,78
10,25,8,73,103
10,25,8,74,99
10,25,8,75,99
10,25,8,76,98
10,25,8,77,102
10,25,8,78,92
10,25,8,79,97
10,25,8,80,96
10,25,8,81,93
10,25,8,82,94
10,25,8,83,93
10,25,8,84,19
10,25,8,85,87
10,25,8,86,86
10,25,8,87,86
10,25,8,88,84
10,25,8,89,88
10,25,8,90,86
10,25,8,91,91
10,25,8,92,86
10,25,8,93,87
10,25,8,94,86
10,25,8,95,84
10,25,8,96,80
10,25,8,97,79
10,25,8,98,84
10,25,8,99,80
10,25,8,100,81
10,25,8,101,78
10,25,8,102,76
10,25,8,103,74
10,25,8,104,79
10,25,8,105,74
10,25,8,106,73
10,25,8,107,78
10,25,8,108,70
10,25,8,109,71
10,25,8,110,67
10,25,8,111,68
10,25,8,112,73
10,25,8,113,74
10,25,8,114,68
10,25,8,115,72
10,25,8,116,72
10,25,8,117,71
10,25,8,118,70
10,25,8,119,68
10,25,8,120,68
10,25,8,121,61
10,25,8,122,63
10,25,8,123,62
10,25,8,124,63
10,25,8,125,58
10,25,8,126,52
10,25,8,127,63
10,25,8,128,63
10,25,8,129,60
10,25,8,130,64
10,25,8,131,61
10,25,8,132,60
10,25,8,133,59
10,25,8,134,16
10,25,8,135,53
10,25,8,136,53
10,25,8,137,59
10,25,8,138,58
10,25,8,139,54
10,25,8,140,54
10,25,8,141,50
10,25,8,142,52
10,25,8,143,49
10,25,8,144,49
10,25,8,145,49
10,25,8,146,47
10,25,8,147,51
10,25,8,148,43
10,25,8,149,49
10,25,8,150,50
10,25,8,151,47
10,25,8,152,47
10,25,8,153,46
10,25,8,154,50
10,25,8,155,46
10,25,8,156,48
10,25,8,157,44
10,25,8,158,44
10,25,8,159,43
10,25,8,160,46
10,25,8,161,41
10,25,8,162,38
10,25,8,163,38
10,25,8,164,37
10,25,8,165,38
10,25,8,166,36
10,25,8,167,38
10,25,8,168,35
10,25,8,169,35
10,25,8,170,34
10,25,8,171,31
10,25,8,172,35
10,25,8,173,30
10,25,8,174,33
10,25,8,175,28
10,25,8,176,29
10,25,8,177,30
10,25,8,178,31
10,25,8,179,30
10,25,8,180,28
10,25,8,181,28
10,25,8,182,25
10,25,8,183,24
10,25,8,184,21
10,25,8,185,22
10,25,8,186,23
10,25,8,187,25
10,25,8,188,25
10,25,8,189,25
10,25,8,190,24
10,25,8,191,23
10,25,8,192,23
10,25,8,193,22
10,25,8,194,20
10,25,8,195,18
10,25,8,196,18
10,25,8,197,17
10,25,8,198,16
10,25,8,199,17
10,25,8,200,15
10,25,8,201,16
10,25,8,202,14
10,25,8,203,12
10,25,8,204,12
10,25,8,205,13
10,25,8,206,15
10,25,8,207,12
10,25,8,208,15
10,25,8,209,15
10,25,8,210,13
10,25,8,211,12
10,25,8,212,12
10,25,8,213,12
10,25,8,214,11
10,25,8,215,7
10,25,8,216,11
10,25,8,217,11
10,25,8,218,12
10,25,8,219,11
10,25,8,220,11
10,25,8,221,10
10,25,8,222,8
10,25,8,223,7
10,25,8,224,8
10,25,8,225,8
10,25,8,226,7
10,25,8,227,8
10,25,8,228,10
10,25,8,229,10
10,25,8,230,11
10,25,8,231,8
10,25,8,232,9
10,25,8,233,8
10,25,8,234,8
10,25,8,235,8
10,25,8,236,9
10,25,8,237,8
10,25,8,238,5
10,25,8,239,5
10,25,8,240,5
10,25,8,241,6
10,25,8,242,5
10,25,8,243,4
10,25,8,244,6
10,25,8,245,7
10,25,8,246,5
10,25,8,247,5
10,25,8,248,4
10,25,8,249,6
10,25,8,250,4
10,25,8,251,4
10,25,8,252,3
10,25,8,253,3
10,25,8,254,2
10,25,8,255,1
10,25,9,0,0
10,25,9,1,0
10,25,9,2,0
10,25,9,3,0
10,25,9,4,0
10,25,9,5,1
10,25,9,6,0
10,25,9,7,0
10,25,9,8,3
10,25,9,9,2
10,25,9,10,1
10,25,9,11,0
10,25,9,12,0
10,25,9,13,5
10,25,9,14,18
10,25,9,15,26
10,25,9,16,29
10,25,9,17,23
10,25,9,18,4
10,25,9,19,28
10,25,9,20,22
10,25,9,21,51
10,25,9,22,25
10,25,9,23,20
10,25,9,24,22
10,25,9,25,20
10,25,9,26,53
10,25,9,27,147
10,25,9,28,51
10,25,9,29,22
10,25,9,30,122
10,25,9,31,46
10,25,9,32,79
10,25,9,33,140
10,25,9,34,141
10,25,9,35,131
10,25,9,36,126
10,25,9,37,129
10,25,9,38,133
10,25,9,39,130
10,25,9,40,121
10,25,9,41,123
10,25,9,42,119
10,25,9,43,115
10,25,9,44,118
10,25,9,45,112
10,25,9,46,109
10,25,9,47,116
10,25,9,48,114
10,25,9,49,112
10,25,9,50,115
10,25,9,51,111
10,25,9,52,116
10,25,9,53,110
10,25,9,54,109
10,25,9,55,74
10,25,9,56,110
10,25,9,57,112
10,25,9,58,107
10,25,9,59,103
10,25,9,60,40
10,25,9,61,105
10,25,9,62,102
10,25,9,63,95
10,25,9,64,97
10,25,9,65,105
10,25,9,66,99
10,25,9,67,100
10,25,9,68,103
10,25,9,69,100
10,25,9,70,102
10,25,9,71,103
10,25,9,72,101
10,25,9,73,98
10,25,9,74,92
10,25,9,75,92
10,25,9,76,91
10,25,9,77,94
10,25,9,78,94
10,25,9,79,91
10,25,9,80,93
10,25,9,81,89
10,25,9,82,90
10,25,9,83,96
10,25,9,84,89
10,25,9,85,89
10,25,9,86,95
10,25,9,87,89
10,25,9,88,83
10,25,9,89,86
10,25,9,90,85
10,25,9,91,81
10,25,9,92,88
10,25,9,93,86
10,25,9,94,83
10,25,9,95,84
10,25,9,96,81
10,25,9,97,80
10,25,9,98,79
10,25,9,99,74
10,25,9,100,55
10,25,9,101,78
10,25,9,102,77
10,25,9,103,79
10,25,9,104,79
10,25,9,105,83
10,25,9,106,43
10,25,9,107,76
10,25,9,108,68
10,25,9,109,70
10,25,9,110,68
10,25,9,111,70
10,25,9,112,68
10,25,9,113,68
10,25,9,114,72
10,25,9,115,68
10,25,9,116,65
10,25,9,117,66
10,25,9,118,47
10,25,9,119,66
10,25,9,120,68
10,25,9,121,65
10,25,9,122,28
10,25,9,123,67
10,25,9,124,66
10,25,9,125,61
10,25,9,126,63
10,25,9,127,62
10,25,9,128,61
10,25,9,129,58
10,25,9,130,58
10,25,9,131,60
10,25,9,132,58
10,25,9,133,59
10,25,9,134,58
10,25,9,135,59
10,25,9,136,56
10,25,9,137,53
10,25,9,138,49
10,25,9,139,53
10,25,9,140,55
10,25,9,141,54
10,25,9,142,54
10,25,9,143,51
10,25,9,144,51
10,25,9,145,49
10,25,9,146,48
10,25,9,147,51
10,25,9,148,50
10,25,9,149,47
10,25,9,150,49
10,25,9,151,49
10,25,9,152,46
10,25,9,153,50
10,25,9,154,47
10,25,9,155,43
10,25,9,156,43
10,25,9,157,45
10,25,9,158,45
10,25,9,159,40
10,25,9,160,39
10,25,9,161,43
10,25,9,162,43
10,25,9,163,41
10,25,9,164,43
10,25,9,165,44
10,25,9,166,43
10,25,9,167,41
10,25,9,168,38
10,25,9,169,38
10,25,9,170,40
10,25,9,171,34
10,25,9,172,40
10,25,9,173,37
10,25,9,174,33
10,25,9,175,31
10,25,9,176,33
10,25,9,177,32
10,25,9,178,27
10,25,9,179,31
10,25,9,180,30
10,25,9,181,31
10,25,9,182,28
10,25,9,183,30
10,25,9,184,28
10,25,9,185,32
10,25,9,186,31
10,25,9,187,29
10,25,9,188,28
10,25,9,189,28
10,25,9,190,25
10,25,9,191,23
10,25,9,192,23
10,25,9,193,24
10,25,9,194,22
10,25,9,195,22
10,25,9,196,25
10,25,9,197,23
10,25,9,198,22
10,25,9,199,20
10,25,9,200,16
10,25,9,201,21
10,25,9,202,19
10,25,9,203,13
10,25,9,204,17
10,25,9,205,18
10,25,9,206,17
10,25,9,207,16
10,25,9,208,14
10,25,9,209,14
10,25,9,210,13
10,25,9,211,15
10,25,9,212,15
10,25,9,213,15
10,25,9,214,14
10,25,9,215,12
10,25,9,216,12
10,25,9,217,11
10,25,9,218,12
10,25,9,219,12
10,25,9,220,13
10,25,9,221,12
10,25,9,222,11
10,25,9,223,11
10,25,9,224,9
10,25,9,225,9
10,25,9,226,10
10,25,9,227,10
10,25,9,228,9
10,25,9,229,9
10,25,9,230,9
10,25,9,231,9
10,25,9,232,10
10,25,9,233,8
10,25,9,234,8
10,25,9,235,7
10,25,9,236,7
10,25,9,237,6
10,25,9,238,5
10,25,9,239,7
10,25,9,240,5
10,25,9,241,7
10,25,9,242,7
10,25,9,243,7
10,25,9,244,6
10,25,9,245,7
10,25,9,246,6
10,25,9,247,7
10,25,9,248,7
10,25,9,249,7
10,25,9,250,4
10,25,9,251,5
10,25,9,252,4
10,25,9,253,4
10,25,9,254,4
10,25,9,255,3
10,25,9,256,2
10,25,9,257,1
10,25,10,0,0
10,25,10,1,0
10,25,10,2,0
10,25,10,3,0
10,25,10,4,0
10,25,10,5,0
10,25,10,6,0
10,25,10,7,5
10,25,10,8,3
10,25,10,9,3
10,25,10,10,0
10,25,10,11,4
10,25,10,12,2
10,25,10,13,26
10,25,10,14,14
10,25,10,15,16
10,25,10,16,15
10,25,10,17,12
10,25,10,18,25
10,25,10,19,25
10,25,10,20,50
10,25,10,21,31
10,25,10,22,54
10,25,10,23,53
10,25,10,24,56
10,25,10,25,62
10,25,10,26,26
10,25,10,27,58
10,25,10,28,50
10,25,10,29,51
10,25,10,30,73
10,25,10,31,136
10,25,10,32,80
10,25,10,33,72
10,25,10,34,67
10,25,10,35,66
10,25,10,36,106
10,25,10,37,121
10,25,10,38,120
10,25,10,39,121
10,25,10,40,117
10,25,10,41,113
10,25,10,42,111
10,25,10,43,118
10,25,10,44,113
10,25,10,45,110
10,25,10,46,110
10,25,10,47,76
10,25,10,48,115
10,25,10,49,104
10,25,10,50,109
10,25,10,51,113
10,25,10,52,97
10,25,10,53,102
10,25,10,54,101
10,25,10,55,104
10,25,10,56,103
10,25,10,57,107
10,25,10,58,65
10,25,10,59,107
10,25,10,60,31
10,25,10,61,30
10,25,10,62,104
10,25,10,63,105
10,25,10,64,112
10,25,10,65,103
10,25,10,66,102
10,25,10,67,100
10,25,10,68,106
10,25,10,69,101
10,25,10,70,102
10,25,10,71,97
10,25,10,72,101
10,25,10,73,96
10,25,10,74,46
10,25,10,75,96
10,25,10,76,98
10,25,10,77,97
10,25,10,78,99
10,25,10,79,97
10,25,10,80,96
10,25,10,81,90
10,25,10,82,90
10,25,10,83,89
10,25,10,84,93
10,25,10,85,89
10,25,10,86,85
10,25,10,87,86
10,25,10,88,85
10,25,10,89,87
10,25,10,90,86
10,25,10,91,83
10,25,10,92,84
10,25,10,93,90
10,25,10,94,86
10,25,10,95,87
10,25,10,96,80
10,25,10,97,85
10,25,10,98,81
10,25,10,99,79
10,25,10,100,80
10,25,10,101,79
10,25,10,102,84
10,25,10,103,81
10,25,10,104,75
10,25,10,105,69
10,25,10,106,76
10,25,10,107,77
10,25,10,108,48
10,25,10,109,45
10,25,10,110,75
10,25,10,111,72
10,25,10,112,71
10,25,10,113,73
10,25,10,114,72
10,25,10,115,65
10,25,10,116,75
10,25,10,117,75
10,25,10,118,71
10,25,10,119,68
10,25,10,120,73
10,25,10,121,67
10,25,10,122,70
10,25,10,123,70
10,25,10,124,66
10,25,10,125,67
10,25,10,126,62
10,25,10,127,64
10,25,10,128,59
10,25,10,129,59
10,25,10,130,53
10,25,10,131,61
10,25,10,132,56
10,25,10,133,56
10,25,10,134,56
10,25,10,135,59
10,25,10,136,59
10,25,10,137,56
10,25,10,138,52
10,25,10,139,48
10,25,10,140,52
10,25,10,141,53
10,25,10,142,52
10,25,10,143,51
10,25,10,144,46
10,25,10,145,52
10,25,10,146,47
10,25,10,147,48
10,25,10,148,48
10,25,10,149,49
10,25,10,150,45
10,25,10,151,41
10,25,10,152,46
10,25,10,153,43
10,25,10,154,45
10,25,10,155,44
10,25,10,156,43
10,25,10,157,43
10,25,10,158,46
10,25,10,159,40
10,25,10,160,37
10,25,10,161,40
10,25,10,162,40
10,25,10,163,39
10,25,10,164,40
10,25,10,165,37
10,25,10,166,37
10,25,10,167,35
10,25,10,168,36
10,25,10,169,34
10,25,10,170,37
10,25,10,171,34
10,25,10,172,36
10,25,10,173,35
10,25,10,174,33
10,25,10,175,33
10,25,10,176,34
10,25,10,177,33
10,25,10,178,28
10,25,10,179,32
10,25,10,180,27
10,25,10,181,29
10,25,10,182,29
10,25,10,183,27
10,25,10,184,28
10,25,10,185,25
10,25,10,186,24
10,25,10,187,22
10,25,10,188,23
10,25,10,189,23
10,25,10,190,20
10,25,10,191,23
10,25,10,192,23
10,25,10,193,16
10,25,10,194,25
10,25,10,195,16
10,25,10,196,24
10,25,10,197,23
10,25,10,198,17
10,25,10,199,21
10,25,10,200,20
10,25,10,201,20
10,25,10,202,18
10,25,10,203,17
10,25,10,204,17
10,25,10,205,16
10,25,10,206,16
10,25,10,207,16
10,25,10,208,15
10,25,10,209,12
10,25,10,210,13
10,25,10,211,11
10,25,10,212,12
10,25,10,213,12
10,25,10,214,11
10,25,10,215,11
10,25,10,216,10
10,25,10,217,10
10,25,10,218,9
10,25,10,219,10
10,25,10,220,9
10,25,10,221,9
10,25,10,222,9
10,25,10,223,8
10,25,10,224,8
10,25,10,225,10
10,25,10,226,10
10,25,10,227,9
10,25,10,228,8
10,25,10,229,10
10,25,10,230,7
10,25,10,231,6
10,25,10,232,6
10,25,10,233,8
10,25,10,234,7
10,25,10,235,6
10,25,10,236,7
10,25,10,237,7
10,25,10,238,5
10,25,10,239,4
10,25,10,240,5
10,25,10,241,6
10,25,10,242,7
10,25,10,243,8
10,25,10,244,5
10,25,10,245,5
10,25,10,246,6
10,25,10,247,7
10,25,10,248,5
10,25,10,249,5
10,25,10,250,4
10,25,10,251,5
10,25,10,252,4
10,25,10,253,3
10,25,10,254,2
10,25,10,255,2
10,25,10,256,1
10,25,11,0,0
10,25,11,1,0
10,25,11,2,0
10,25,11,3,0
10,25,11,4,0
10,25,11,5,1
10,25,11,6,1
10,25,11,7,0
10,25,11,8,2
10,25,11,9,1
10,25,11,10,0
10,25,11,11,29
10,25,11,12,26
10,25,11,13,17
10,25,11,14,12
10,25,11,15,0
10,25,11,16,22
10,25,11,17,0
10,25,11,18,12
10,25,11,19,29
10,25,11,20,18
10,25,11,21,60
10,25,11,22,30
10,25,11,23,25
10,25,11,24,24
10,25,11,25,22
10,25,11,26,22
10,25,11,27,47
10,25,11,28,22
10,25,11,29,52
10,25,11,30,52
10,25,11,31,53
10,25,11,32,42
10,25,11,33,80
10,25,11,34,137
10,25,11,35,77
10,25,11,36,135
10,25,11,37,79
10,25,11,38,77
10,25,11,39,71
10,25,11,40,71
10,25,11,41,121
10,25,11,42,38
10,25,11,43,120
10,25,11,44,112
10,25,11,45,114
10,25,11,46,70
10,25,11,47,73
10,25,11,48,113
10,25,11,49,105
10,25,11,50,64
10,25,11,51,107
10,25,11,52,112
10,25,11,53,108
10,25,11,54,110
10,25,11,55,106
10,25,11,56,99
10,25,11,57,109
10,25,11,58,99
10,25,11,59,100
10,25,11,60,112
10,25,11,61,104
10,25,11,62,105
10,25,11,63,73
10,25,11,64,112
10,25,11,65,99
10,25,11,66,99
10,25,11,67,70
10,25,11,68,99
10,25,11,69,64
10,25,11,70,104
10,25,11,71,100
10,25,11,72,97
10,25,11,73,97
10,25,11,74,98
10,25,11,75,95
10,25,11,76,88
10,25,11,77,88
10,25,11,78,97
10,25,11,79,60
10,25,11,80,94
10,25,11,81,98
10,25,11,82,89
10,25,11,83,94
10,25,11,84,92
10,25,11,85,88
10,25,11,86,89
10,25,11,87,92
10,25,11,88,90
10,25,11,89,84
10,25,11,90,82
10,25,11,91,87
10,25,11,92,88
10,25,11,93,82
10,25,11,94,83
10,25,11,95,85
10,25,11,96,82
10,25,11,97,83
10,25,11,98,80
10,25,11,99,75
10,25,11,100,79
10,25,11,101,77
10,25,11,102,86
10,25,11,103,82
10,25,11,104,78
10,25,11,105,40
10,25,11,106,76
10,25,11,107,80
10,25,11,108,79
10,25,11,109,76
10,25,11,110,76
10,25,11,111,80
10,25,11,112,79
10,25,11,113,72
10,25,11,114,68
10,25,11,115,70
10,25,11,116,71
10,25,11,117,74
10,25,11,118,74
10,25,11,119,71
10,25,11,120,70
10,25,11,121,66
10,25,11,122,66
10,25,11,123,69
10,25,11,124,74
10,25,11,125,68
10,25,11,126,66
10,25,11,127,64
10,25,11,128,62
10,25,11,129,58
10,25,11,130,62
10,25,11,131,63
10,25,11,132,62
10,25,11,133,65
10,25,11,134,68
10,25,11,135,66
10,25,11,136,62
10,25,11,137,58
10,25,11,138,61
10,25,11,139,58
10,25,11,140,57
10,25,11,141,61
10,25,11,142,55
10,25,11,143,59
10,25,11,144,58
10,25,11,145,56
10,25,11,146,51
10,25,11,147,53
10,25,11,148,51
10,25,11,149,45
10,25,11,150,47
10,25,11,151,48
10,25,11,152,48
10,25,11,153,49
10,25,11,154,53
10,25,11,155,50
10,25,11,156,48
10,25,11,157,48
10,25,11,158,49
10,25,11,159,48
10,25,11,160,44
10,25,11,161,44
10,25,11,162,44
10,25,11,163,43
10,25,11,164,44
10,25,11,165,41
10,25,11,166,41
10,25,11,167,39
10,25,11,168,40
10,25,11,169,38
10,25,11,170,39
10,25,11,171,36
10,25,11,172,34
10,25,11,173,36
10,25,11,174,37
10,25,11,175,35
10,25,11,176,32
10,25,11,177,35
10,25,11,178,30
10,25,11,179,32
10,25,11,180,31
10,25,11,181,33
10,25,11,182,31
10,25,11,183,30
10,25,11,184,29
10,25,11,185,30
10,25,11,186,30
10,25,11,187,29
10,25,11,188,27
10,25,11,189,26
10,25,11,190,27
10,25,11,191,27
10,25,11,192,27
10,25,11,193,27
10,25,11,194,24
10,25,11,195,23
10,25,11,196,21
10,25,11,197,24
10,25,11,198,21
10,25,11,199,20
10,25,11,200,19
10,25,11,201,12
10,25,11,202,19
10,25,11,203,17
10,25,11,204,17
10,25,11,205,15
10,25,11,206,15
10,25,11,207,18
10,25,11,208,17
10,25,11,209,16
10,25,11,210,15
10,25,11,211,16
10,25,11,212,16
10,25,11,213,16
10,25,11,214,15
10,25,11,215,13
10,25,11,216,13
10,25,11,217,14
10,25,11,218,12
10,25,11,219,14
10,25,11,220,10
10,25,11,221,11
10,25,11,222,13
10,25,11,223,12
10,25,11,224,14
10,25,11,225,11
10,25,11,226,11
10,25,11,227,11
10,25,11,228,10
10,25,11,229,9
10,25,11,230,10
10,25,11,231,7
10,25,11,232,7
10,25,11,233,7
10,25,11,234,8
10,25,11,235,8
10,25,11,236,9
10,25,11,237,9
10,25,11,238,9
10,25,11,239,6
10,25,11,240,7
10,25,11,241,7
10,25,11,242,7
10,25,11,243,5
10,25,11,244,7
10,25,11,245,9
10,25,11,246,7
10,25,11,247,6
10,25,11,248,5
10,25,11,249,7
10,25,11,250,5
10,25,11,251,6
10,25,11,252,4
10,25,11,253,4
10,25,11,254,3
10,25,11,255,4
10,25,11,256,2
10,25,11,257,0
10,25,11,258,0
10,25,11,259,1
10,25,11,260,0
10,25,11,261,1
10,25,12,0,0
10,25,12,1,0
10,25,12,2,0
10,25,12,3,0
10,25,12,4,0
10,25,12,5,0
10,25,12,6,3
10,25,12,7,3
10,25,12,8,2
10,25,12,9,1
10,25,12,10,0
10,25,12,11,10
10,25,12,12,22
10,25,12,13,26
10,25,12,14,25
10,25,12,15,25
10,25,12,16,16
10,25,12,17,7
10,25,12,18,19
10,25,12,19,31
10,25,12,20,28
10,25,12,21,28
10,25,12,22,30
10,25,12,23,22
10,25,12,24,24
10,25,12,25,20
10,25,12,26,20
10,25,12,27,19
10,25,12,28,19
10,25,12,29,22
10,25,12,30,75
10,25,12,31,24
10,25,12,32,23
10,25,12,33,21
10,25,12,34,17
10,25,12,35,49
10,25,12,36,134
10,25,12,37,122
10,25,12,38,73
10,25,12,39,104
10,25,12,40,122
10,25,12,41,120
10,25,12,42,121
10,25,12,43,117
10,25,12,44,119
10,25,12,45,118
10,25,12,46,118
10,25,12,47,119
10,25,12,48,114
10,25,12,49,113
10,25,12,50,117
10,25,12,51,110
10,25,12,52,107
10,25,12,53,101
10,25,12,54,106
10,25,12,55,110
10,25,12,56,102
10,25,12,57,108
10,25,12,58,106
10,25,12,59,105
10,25,12,60,107
10,25,12,61,106
10,25,12,62,103
10,25,12,63,13
10,25,12,64,104
10,25,12,65,106
10,25,12,66,99
10,25,12,67,102
10,25,12,68,102
10,25,12,69,104
10,25,12,70,101
10,25,12,71,101
10,25,12,72,93
10,25,12,73,96
10,25,12,74,81
10,25,12,75,97
10,25,12,76,67
10,25,12,77,100
10,25,12,78,94
10,25,12,79,94
10,25,12,80,93
10,25,12,81,94
10,25,12,82,89
10,25,12,83,94
10,25,12,84,95
10,25,12,85,88
10,25,12,86,92
10,25,12,87,89
10,25,12,88,88
10,25,12,89,83
10,25,12,90,83
10,25,12,91,80
10,25,12,92,66
10,25,12,93,81
10,25,12,94,82
10,25,12,95,85
10,25,12,96,87
10,25,12,97,78
10,25,12,98,76
10,25,12,99,82
10,25,12,100,79
10,25,12,101,76
10,25,12,102,78
10,25,12,103,81
10,25,12,104,80
10,25,12,105,78
10,25,12,106,77
10,25,12,107,77
10,25,12,108,74
10,25,12,109,70
10,25,12,110,68
10,25,12,111,70
10,25,12,112,72
10,25,12,113,73
10,25,12,114,69
10,25,12,115,69
10,25,12,116,67
10,25,12,117,67
10,25,12,118,65
10,25,12,119,65
10,25,12,120,66
10,25,12,121,66
10,25,12,122,62
10,25,12,123,63
10,25,12,124,60
10,25,12,125,31
10,25,12,126,67
10,25,12,127,34
10,25,12,128,64
10,25,12,129,60
10,25,12,130,59
10,25,12,131,34
10,25,12,132,57
10,25,12,133,62
10,25,12,134,63
10,25,12,135,57
10,25,12,136,55
10,25,12,137,57
10,25,12,138,57
10,25,12,139,55
10,25,12,140,54
10,25,12,141,57
10,25,12,142,58
10,25,12,143,54
10,25,12,144,55
10,25,12,145,52
10,25,12,146,53
10,25,12,147,50
10,25,12,148,50
10,25,12,149,44
10,25,12,150,49
10,25,12,151,45
10,25,12,152,46
10,25,12,153,45
10,25,12,154,51
10,25,12,155,44
10,25,12,156,44
10,25,12,157,44
10,25,12,158,42
10,25,12,159,46
10,25,12,160,43
10,25,12,161,39
10,25,12,162,44
10,25,12,163,41
10,25,12,164,39
10,25,12,165,38
10,25,12,166,36
10,25,12,167,39
10,25,12,168,39
10,25,12,169,37
10,25,12,170,30
10,25,12,171,34
10,25,12,172,35
10,25,12,173,31
10,25,12,174,30
10,25,12,175,29
10,25,12,176,31
10,25,12,177,27
10,25,12,178,26
10,25,12,179,29
10,25,12,180,28
10,25,12,181,27
10,25,12,182,25
10,25,12,183,25
10,25,12,184,26
10,25,12,185,24
10,25,12,186,22
10,25,12,187,23
10,25,12,188,25
10,25,12,189,26
10,25,12,190,25
10,25,12,191,23
10,25,12,192,24
10,25,12,193,23
10,25,12,194,21
10,25,12,195,23
10,25,12,196,20
10,25,12,197,19
10,25,12,198,22
10,25,12,199,18
10,25,12,200,18
10,25,12,201,20
10,25,12,202,17
10,25,12,203,18
10,25,12,204,19
10,25,12,205,17
10,25,12,206,17
10,25,12,207,17
10,25,12,208,17
10,25,12,209,17
10,25,12,210,17
10,25,12,211,17
10,25,12,212,14
10,25,12,213,15
10,25,12,214,14
10,25,12,215,12
10,25,12,216,11
10,25,12,217,13
10,25,12,218,10
10,25,12,219,10
10,25,12,220,10
10,25,12,221,11
10,25,12,222,9
10,25,12,223,10
10,25,12,224,9
10,25,12,225,9
10,25,12,226,11
10,25,12,227,10
10,25,12,228,9
10,25,12,229,10
10,25,12,230,10
10,25,12,231,11
10,25,12,232,9
10,25,12,233,7
10,25,12,234,7
10,25,12,235,6
10,25,12,236,6
10,25,12,237,8
10,25,12,238,6
10,25,12,239,6
10,25,12,240,6
10,25,12,241,5
10,25,12,242,7
10,25,12,243,5
10,25,12,244,5
10,25,12,245,5
10,25,12,246,6
10,25,12,247,4
10,25,12,248,4
10,25,12,249,3
10,25,12,250,3
10,25,12,251,3
10,25,12,252,3
10,25,12,253,3
10,25,12,254,2
10,25,12,255,0
10,25,12,256,0
10,25,12,257,1
12,5,1,0,0
12,5,1,1,0
12,5,1,2,0
12,5,1,3,0
12,5,1,4,0
12,5,1,5,0
12,5,1,6,0
12,5,1,7,0
12,5,1,8,0
12,5,1,9,0
12,5,1,10,0
12,5,1,11,0
12,5,1,12,0
12,5,1,13,4
12,5,1,14,3
12,5,1,15,1
12,5,1,16,1
12,5,1,17,0
12,5,1,18,7
12,5,1,19,5
12,5,1,20,4
12,5,1,21,3
12,5,1,22,1
12,5,1,23,0
12,5,1,24,0
12,5,1,25,0
12,5,1,26,3
12,5,1,27,3
12,5,1,28,5
12,5,1,29,4
12,5,1,30,3
12,5,1,31,2
12,5,1,32,1
12,5,1,33,0
12,5,1,34,0
12,5,1,35,0
12,5,1,36,2
12,5,1,37,1
12,5,1,38,0
12,5,1,39,0
12,5,1,40,0
12,5,1,41,1
12,5,1,42,0
12,5,1,43,0
12,5,1,44,1
12,5,1,45,0
12,5,1,46,0
12,5,1,47,0
12,5,1,48,0
12,5,1,49,0
12,5,1,50,0
12,5,1,51,2
12,5,1,52,1
12,5,1,53,0
12,5,1,54,0
12,5,1,55,0
12,5,1,56,0
12,5,1,57,0
12,5,1,58,0
12,5,1,59,0
12,5,1,60,0
12,5,1,61,0
12,5,1,62,0
12,5,1,63,0
12,5,1,64,0
12,5,1,65,0
12,5,1,66,1
12,5,1,67,0
12,5,1,68,6
12,5,1,69,1
12,5,1,70,0
12,5,1,71,6
12,5,1,72,0
12,5,1,73,0
12,5,1,74,5
12,5,1,75,5
12,5,1,76,7
12,5,1,77,2
12,5,1,78,1
12,5,1,79,0
12,5,1,80,0
12,5,1,81,0
12,5,1,82,0
12,5,1,83,1
12,5,1,84,0
12,5,1,85,1
12,5,1,86,0
12,5,1,87,8
12,5,1,88,0
12,5,1,89,0
12,5,1,90,7
12,5,1,91,7
12,5,1,92,6
12,5,1,93,7
12,5,1,94,4
12,5,1,95,5
12,5,1,96,3
12,5,1,97,0
12,5,1,98,0
12,5,1,99,4
12,5,1,100,5
12,5,1,101,1
12,5,1,102,0
12,5,1,103,2
12,5,1,104,1
12,5,1,105,0
12,5,1,106,3
12,5,1,107,1
12,5,1,108,0
12,5,1,109,0
12,5,1,110,4
12,5,1,111,1
12,5,1,112,0
12,5,1,113,0
12,5,1,114,0
12,5,1,115,2
12,5,1,116,1
12,5,1,117,0
12,5,1,118,0
12,5,1,119,2
12,5,1,120,1
12,5,1,121,7
12,5,1,122,2
12,5,1,123,1
12,5,1,124,0
12,5,1,125,0
12,5,1,126,3
12,5,1,127,1
12,5,1,128,0
12,5,1,129,3
12,5,1,130,2
12,5,1,131,1
12,5,2,0,0
12,5,2,1,0
12,5,2,2,0
12,5,2,3,0
12,5,2,4,0
12,5,2,5,0
12,5,2,6,0
12,5,2,7,0
12,5,2,8,0
12,5,2,9,0
12,5,2,10,1
12,5,2,11,0
12,5,2,12,0
12,5,2,13,0
12,5,2,14,0
12,5,2,15,1
12,5,2,16,0
12,5,2,17,0
12,5,2,18,2
12,5,2,19,1
12,5,2,20,0
12,5,2,21,3
12,5,2,22,3
12,5,2,23,1
12,5,2,24,0
12,5,2,25,2
12,5,2,26,4
12,5,2,27,3
12,5,2,28,2
12,5,2,29,1
12,5,2,30,0
12,5,2,31,0
12,5,2,32,3
12,5,2,33,2
12,5,2,34,1
12,5,2,35,1
12,5,2,36,0
12,5,2,37,0
12,5,2,38,2
12,5,2,39,1
12,5,2,40,2
12,5,2,41,2
12,5,2,42,1
12,5,2,43,0
12,5,2,44,0
12,5,2,45,0
12,5,2,46,0
12,5,2,47,0
12,5,2,48,2
12,5,2,49,1
12,5,2,50,1
12,5,2,51,0
12,5,2,52,2
12,5,2,53,1
12,5,2,54,1
12,5,2,55,0
12,5,2,56,0
12,5,2,57,0
12,5,2,58,1
12,5,2,59,1
12,5,2,60,0
12,5,2,61,2
12,5,2,62,1
12,5,2,63,0
12,5,2,64,0
12,5,2,65,0
12,5,2,66,3
12,5,2,67,0
12,5,2,68,3
12,5,2,69,2
12,5,2,70,1
12,5,2,71,0
12,5,2,72,2
12,5,2,73,1
12,5,2,74,0
12,5,2,75,0
12,5,2,76,0
12,5,2,77,0
12,5,2,78,2
12,5,2,79,1
12,5,2,80,0
12,5,2,81,0
12,5,2,82,0
12,5,2,83,0
12,5,2,84,1
12,5,2,85,0
12,5,2,86,0
12,5,2,87,0
12,5,2,88,0
12,5,2,89,3
12,5,2,90,2
12,5,2,91,1
12,5,2,92,0
12,5,2,93,0
12,5,2,94,1
12,5,2,95,0
12,5,2,96,0
12,5,2,97,0
12,5,2,98,1
12,5,2,99,0
12,5,2,100,1
12,5,2,101,0
12,5,2,102,0
12,5,2,103,2
12,5,2,104,4
12,5,2,105,3
12,5,2,106,0
12,5,2,107,2
12,5,2,108,3
12,5,2,109,0
12,5,2,110,2
12,5,2,111,3
12,5,2,112,2
12,5,2,113,0
12,5,2,114,0
12,5,2,115,1
12,5,2,116,0
12,5,2,117,2
12,5,2,118,1
12,5,2,119,0
12,5,2,120,0
12,5,2,121,0
12,5,2,122,5
12,5,2,123,0
12,5,2,124,0
12,5,2,125,0
12,5,2,126,4
12,5,2,127,3
12,5,2,128,2
12,5,2,129,0
12,5,2,130,0
12,5,2,131,2
12,5,2,132,1
12,5,2,133,0
12,5,2,134,0
12,5,2,135,0
12,5,2,136,0
12,5,2,137,0
12,5,2,138,1
12,5,2,139,0
12,5,2,140,0
12,5,2,141,0
12,5,2,142,0
12,5,2,143,0
12,5,2,144,0
12,5,2,145,0
12,5,2,146,0
12,5,2,147,1
12,5,3,0,0
12,5,3,1,0
12,5,3,2,0
12,5,3,3,0
12,5,3,4,0
12,5,3,5,0
12,5,3,6,0
12,5,3,7,0
12,5,3,8,0
12,5,3,9,0
12,5,3,10,1
12,5,3,11,1
12,5,3,12,0
12,5,3,13,0
12,5,3,14,0
12,5,3,15,4
12,5,3,16,3
12,5,3,17,2
12,5,3,18,0
12,5,3,19,0
12,5,3,20,1
12,5,3,21,0
12,5,3,22,0
12,5,3,23,3
12,5,3,24,2
12,5,3,25,1
12,5,3,26,4
12,5,3,27,5
12,5,3,28,6
12,5,3,29,2
12,5,3,30,1
12,5,3,31,0
12,5,3,32,0
12,5,3,33,0
12,5,3,34,4
12,5,3,35,5
12,5,3,36,3
12,5,3,37,0
12,5,3,38,0
12,5,3,39,6
12,5,3,40,6
12,5,3,41,1
12,5,3,42,0
12,5,3,43,5
12,5,3,44,5
12,5,3,45,3
12,5,3,46,1
12,5,3,47,0
12,5,3,48,3
12,5,3,49,0
12,5,3,50,0
12,5,3,51,2
12,5,3,52,2
12,5,3,53,1
12,5,3,54,1
12,5,3,55,0
12,5,3,56,0
12,5,3,57,0
12,5,3,58,0
12,5,3,59,0
12,5,3,60,0
12,5,3,61,0
12,5,3,62,0
12,5,3,63,4
12,5,3,64,2
12,5,3,65,1
12,5,3,66,0
12,5,3,67,3
12,5,3,68,0
12,5,3,69,0
12,5,3,70,0
12,5,3,71,3
12,5,3,72,2
12,5,3,73,1
12,5,3,74,0
12,5,3,75,0
12,5,3,76,0
12,5,3,77,0
12,5,3,78,0
12,5,3,79,0
12,5,3,80,0
12,5,3,81,0
12,5,3,82,0
12,5,3,83,0
12,5,3,84,1
12,5,3,85,0
12,5,3,86,0
12,5,3,87,0
12,5,3,88,0
12,5,3,89,0
12,5,3,90,0
12,5,3,91,2
12,5,3,92,1
12,5,3,93,0
12,5,3,94,0
12,5,3,95,0
12,5,3,96,2
12,5,3,97,1
12,5,3,98,2
12,5,3,99,0
12,5,3,100,0
12,5,3,101,1
12,5,3,102,0
12,5,3,103,1
12,5,3,104,0
12,5,3,105,0
12,5,3,106,0
12,5,3,107,5
12,5,3,108,3
12,5,3,109,10
12,5,3,110,10
12,5,3,111,9
12,5,3,112,7
12,5,3,113,5
12,5,3,114,11
12,5,3,115,6
12,5,3,116,4
12,5,3,117,5
12,5,3,118,4
12,5,3,119,1
12,5,3,120,0
12,5,3,121,3
12,5,3,122,3
12,5,3,123,0
12,5,3,124,2
12,5,3,125,3
12,5,3,126,2
12,5,3,127,1
12,5,3,128,0
12,5,3,129,0
12,5,3,130,0
12,5,3,131,0
12,5,3,132,0
12,5,3,133,0
12,5,3,134,0
12,5,3,135,2
12,5,3,136,0
12,5,3,137,0
12,5,3,138,4
12,5,3,139,0
12,5,3,140,3
12,5,3,141,2
12,5,3,142,0
12,5,3,143,0
12,5,3,144,1
12,5,4,0,0
12,5,4,1,0
12,5,4,2,0
12,5,4,3,0
12,5,4,4,0
12,5,4,5,0
12,5,4,6,0
12,5,4,7,0
12,5,4,8,0
12,5,4,9,0
12,5,4,10,1
12,5,4,11,0
12,5,4,12,0
12,5,4,13,2
12,5,4,14,0
12,5,4,15,0
12,5,4,16,0
12,5,4,17,0
12,5,4,18,0
12,5,4,19,5
12,5,4,20,5
12,5,4,21,6
12,5,4,22,0
12,5,4,23,4
12,5,4,24,5
12,5,4,25,4
12,5,4,26,3
12,5,4,27,2
12,5,4,28,8
12,5,4,29,0
12,5,4,30,3
12,5,4,31,2
12,5,4,32,2
12,5,4,33,1
12,5,4,34,0
12,5,4,35,0
12,5,4,36,1
12,5,4,37,0
12,5,4,38,2
12,5,4,39,1
12,5,4,40,0
12,5,4,41,0
12,5,4,42,1
12,5,4,43,0
12,5,4,44,1
12,5,4,45,0
12,5,4,46,0
12,5,4,47,1
12,5,4,48,0
12,5,4,49,1
12,5,4,50,0
12,5,4,51,0
12,5,4,52,0
12,5,4,53,0
12,5,4,54,0
12,5,4,55,0
12,5,4,56,0
12,5,4,57,0
12,5,4,58,2
12,5,4,59,1
12,5,4,60,0
12,5,4,61,0
12,5,4,62,0
12,5,4,63,0
12,5,4,64,12
12,5,4,65,10
12,5,4,66,3
12,5,4,67,0
12,5,4,68,0
12,5,4,69,8
12,5,4,70,1
12,5,4,71,1
12,5,4,72,0
12,5,4,73,0
12,5,4,74,12
12,5,4,75,1
12,5,4,76,0
12,5,4,77,5
12,5,4,78,4
12,5,4,79,1
12,5,4,80,0
12,5,4,81,0
12,5,4,82,1
12,5,4,83,0
12,5,4,84,3
12,5,4,85,2
12,5,4,86,1
12,5,4,87,0
12,5,4,88,0
12,5,4,89,0
12,5,4,90,0
12,5,4,91,5
12,5,4,92,0
12,5,4,93,4
12,5,4,94,3
12,5,4,95,2
12,5,4,96,1
12,5,4,97,0
12,5,4,98,0
12,5,4,99,0
12,5,4,100,2
12,5,4,101,1
12,5,4,102,0
12,5,4,103,0
12,5,4,104,0
12,5,4,105,0
12,5,4,106,0
12,5,4,107,0
12,5,4,108,0
12,5,4,109,0
12,5,4,110,0
12,5,4,111,0
12,5,4,112,0
12,5,4,113,0
12,5,4,114,0
12,5,4,115,0
12,5,4,116,7
12,5,4,117,6
12,5,4,118,0
12,5,4,119,4
12,5,4,120,3
12,5,4,121,1
12,5,4,122,0
12,5,4,123,0
12,5,4,124,0
12,5,4,125,0
12,5,4,126,1
12,5,4,127,0
12,5,4,128,0
12,5,4,129,0
12,5,4,130,0
12,5,4,131,3
12,5,4,132,1
12,5,4,133,0
12,5,4,134,0
12,5,4,135,4
12,5,4,136,4
12,5,4,137,3
12,5,4,138,2
12,5,4,139,1
12,5,4,140,0
12,5,4,141,0
12,5,4,142,0
12,5,4,143,0
12,5,4,144,0
12,5,4,145,0
12,5,4,146,0
12,5,4,147,2
12,5,4,148,1
12,5,5,0,0
12,5,5,1,0
12,5,5,2,0
12,5,5,3,0
12,5,5,4,0
12,5,5,5,0
12,5,5,6,0
12,5,5,7,0
12,5,5,8,0
12,5,5,9,0
12,5,5,10,1
12,5,5,11,0
12,5,5,12,0
12,5,5,13,0
12,5,5,14,0
12,5,5,15,0
12,5,5,16,0
12,5,5,17,4
12,5,5,18,5
12,5,5,19,3
12,5,5,20,2
12,5,5,21,0
12,5,5,22,0
12,5,5,23,4
12,5,5,24,4
12,5,5,25,4
12,5,5,26,5
12,5,5,27,4
12,5,5,28,4
12,5,5,29,3
12,5,5,30,2
12,5,5,31,0
12,5,5,32,0
12,5,5,33,6
12,5,5,34,0
12,5,5,35,0
12,5,5,36,2
12,5,5,37,1
12,5,5,38,0
12,5,5,39,0
12,5,5,40,0
12,5,5,41,0
12,5,5,42,2
12,5,5,43,2
12,5,5,44,1
12,5,5,45,0
12,5,5,46,5
12,5,5,47,1
12,5,5,48,0
12,5,5,49,0
12,5,5,50,0
12,5,5,51,2
12,5,5,52,1
12,5,5,53,0
12,5,5,54,1
12,5,5,55,0
12,5,5,56,1
12,5,5,57,0
12,5,5,58,0
12,5,5,59,0
12,5,5,60,0
12,5,5,61,2
12,5,5,62,1
12,5,5,63,0
12,5,5,64,0
12,5,5,65,1
12,5,5,66,0
12,5,5,67,0
12,5,5,68,0
12,5,5,69,0
12,5,5,70,1
12,5,5,71,0
12,5,5,72,0
12,5,5,73,0
12,5,5,74,0
12,5,5,75,0
12,5,5,76,0
12,5,5,77,2
12,5,5,78,1
12,5,5,79,0
12,5,5,80,10
12,5,5,81,2
12,5,5,82,1
12,5,5,83,0
12,5,5,84,0
12,5,5,85,0
12,5,5,86,3
12,5,5,87,2
12,5,5,88,1
12,5,5,89,0
12,5,5,90,2
12,5,5,91,0
12,5,5,92,0
12,5,5,93,2
12,5,5,94,1
12,5,5,95,0
12,5,5,96,0
12,5,5,97,6
12,5,5,98,5
12,5,5,99,2
12,5,5,100,2
12,5,5,101,3
12,5,5,102,0
12,5,5,103,2
12,5,5,104,1
12,5,5,105,0
12,5,5,106,0
12,5,5,107,0
12,5,5,108,0
12,5,5,109,4
12,5,5,110,1
12,5,5,111,0
12,5,5,112,4
12,5,5,113,0
12,5,5,114,2
12,5,5,115,1
12,5,5,116,0
12,5,5,117,0
12,5,5,118,0
12,5,5,119,1
12,5,5,120,1
12,5,5,121,0
12,5,5,122,0
12,5,5,123,0
12,5,5,124,0
12,5,5,125,0
12,5,5,126,0
12,5,5,127,1
12,5,5,128,0
12,5,5,129,0
12,5,5,130,1
12,5,5,131,0
12,5,5,132,0
12,5,5,133,0
12,5,5,134,2
12,5,5,135,0
12,5,5,136,0
12,5,5,137,0
12,5,5,138,0
12,5,5,139,1
12,5,5,140,0
12,5,5,141,0
12,5,5,142,0
12,5,5,143,2
12,5,5,144,1
12,5,5,145,0
12,5,5,146,0
12,5,5,147,0
12,5,5,148,0
12,5,5,149,0
12,5,5,150,0
12,5,5,151,0
12,5,5,152,0
12,5,5,153,0
12,5,5,154,0
12,5,5,155,1
12,5,5,156,1
12,5,6,0,0
12,5,6,1,0
12,5,6,2,0
12,5,6,3,0
12,5,6,4,0
12,5,6,5,0
12,5,6,6,0
12,5,6,7,0
12,5,6,8,1
12,5,6,9,0
12,5,6,10,0
12,5,6,11,0
12,5,6,12,1
12,5,6,13,0
12,5,6,14,0
12,5,6,15,0
12,5,6,16,0
12,5,6,17,0
12,5,6,18,0
12,5,6,19,3
12,5,6,20,2
12,5,6,21,0
12,5,6,22,2
12,5,6,23,1
12,5,6,24,0
12,5,6,25,1
12,5,6,26,1
12,5,6,27,0
12,5,6,28,1
12,5,6,29,0
12,5,6,30,0
12,5,6,31,0
12,5,6,32,8
12,5,6,33,7
12,5,6,34,3
12,5,6,35,2
12,5,6,36,5
12,5,6,37,0
12,5,6,38,4
12,5,6,39,4
12,5,6,40,0
12,5,6,41,2
12,5,6,42,1
12,5,6,43,0
12,5,6,44,0
12,5,6,45,0
12,5,6,46,1
12,5,6,47,1
12,5,6,48,0
12,5,6,49,1
12,5,6,50,0
12,5,6,51,0
12,5,6,52,3
12,5,6,53,0
12,5,6,54,1
12,5,6,55,0
12,5,6,56,0
12,5,6,57,0
12,5,6,58,0
12,5,6,59,0
12,5,6,60,2
12,5,6,61,1
12,5,6,62,0
12,5,6,63,1
12,5,6,64,0
12,5,6,65,0
12,5,6,66,0
12,5,6,67,2
12,5,6,68,1
12,5,6,69,0
12,5,6,70,0
12,5,6,71,1
12,5,6,72,0
12,5,6,73,0
12,5,6,74,0
12,5,6,75,0
12,5,6,76,0
12,5,6,77,2
12,5,6,78,1
12,5,6,79,0
12,5,6,80,0
12,5,6,81,3
12,5,6,82,0
12,5,6,83,0
12,5,6,84,3
12,5,6,85,4
12,5,6,86,1
12,5,6,87,0
12,5,6,88,0
12,5,6,89,0
12,5,6,90,7
12,5,6,91,6
12,5,6,92,5
12,5,6,93,1
12,5,6,94,0
12,5,6,95,5
12,5,6,96,3
12,5,6,97,1
12,5,6,98,0
12,5,6,99,0
12,5,6,100,1
12,5,6,101,0
12,5,6,102,0
12,5,6,103,0
12,5,6,104,0
12,5,6,105,0
12,5,6,106,1
12,5,6,107,0
12,5,6,108,2
12,5,6,109,1
12,5,6,110,0
12,5,6,111,1
12,5,6,112,0
12,5,6,113,4
12,5,6,114,2
12,5,6,115,1
12,5,6,116,0
12,5,6,117,2
12,5,6,118,1
12,5,6,119,0
12,5,6,120,0
12,5,6,121,0
12,5,6,122,0
12,5,6,123,0
12,5,6,124,0
12,5,6,125,0
12,5,6,126,0
12,5,6,127,0
12,5,6,128,0
12,5,6,129,4
12,5,6,130,3
12,5,6,131,2
12,5,6,132,3
12,5,6,133,2
12,5,6,134,1
12,5,6,135,1
12,5,6,136,0
12,5,6,137,0
12,5,6,138,0
12,5,6,139,1
12,5,6,140,0
12,5,6,141,0
12,5,6,142,1
12,5,6,143,0
12,5,6,144,0
12,5,6,145,0
12,5,6,146,0
12,5,6,147,0
12,5,6,148,0
12,5,6,149,2
12,5,6,150,1
12,5,7,0,0
12,5,7,1,0
12,5,7,2,0
12,5,7,3,0
12,5,7,4,0
12,5,7,5,0
12,5,7,6,0
12,5,7,7,0
12,5,7,8,0
12,5,7,9,0
12,5,7,10,1
12,5,7,11,0
12,5,7,12,0
12,5,7,13,0
12,5,7,14,1
12,5,7,15,0
12,5,7,16,0
12,5,7,17,0
12,5,7,18,5
12,5,7,19,6
12,5,7,20,3
12,5,7,21,0
12,5,7,22,3
12,5,7,23,4
12,5,7,24,7
12,5,7,25,4
12,5,7,26,5
12,5,7,27,1
12,5,7,28,0
12,5,7,29,2
12,5,7,30,1
12,5,7,31,0
12,5,7,32,0
12,5,7,33,5
12,5,7,34,2
12,5,7,35,1
12,5,7,36,0
12,5,7,37,0
12,5,7,38,0
12,5,7,39,2
12,5,7,40,0
12,5,7,41,0
12,5,7,42,3
12,5,7,43,2
12,5,7,44,1
12,5,7,45,0
12,5,7,46,1
12,5,7,47,0
12,5,7,48,1
12,5,7,49,0
12,5,7,50,0
12,5,7,51,1
12,5,7,52,0
12,5,7,53,0
12,5,7,54,0
12,5,7,55,0
12,5,7,56,1
12,5,7,57,0
12,5,7,58,2
12,5,7,59,1
12,5,7,60,0
12,5,7,61,0
12,5,7,62,1
12,5,7,63,0
12,5,7,64,3
12,5,7,65,0
12,5,7,66,0
12,5,7,67,0
12,5,7,68,2
12,5,7,69,1
12,5,7,70,0
12,5,7,71,0
12,5,7,72,0
12,5,7,73,0
12,5,7,74,0
12,5,7,75,0
12,5,7,76,0
12,5,7,77,0
12,5,7,78,4
12,5,7,79,3
12,5,7,80,1
12,5,7,81,0
12,5,7,82,0
12,5,7,83,3
12,5,7,84,2
12,5,7,85,0
12,5,7,86,0
12,5,7,87,0
12,5,7,88,0
12,5,7,89,1
12,5,7,90,0
12,5,7,91,0
12,5,7,92,0
12,5,7,93,6
12,5,7,94,1
12,5,7,95,0
12,5,7,96,5
12,5,7,97,5
12,5,7,98,3
12,5,7,99,1
12,5,7,100,0
12,5,7,101,0
12,5,7,102,2
12,5,7,103,2
12,5,7,104,1
12,5,7,105,0
12,5,7,106,0
12,5,7,107,1
12,5,7,108,0
12,5,7,109,1
12,5,7,110,0
12,5,7,111,0
12,5,7,112,0
12,5,7,113,0
12,5,7,114,1
12,5,7,115,0
12,5,7,116,2
12,5,7,117,1
12,5,7,118,0
12,5,7,119,0
12,5,7,120,1
12,5,7,121,0
12,5,7,122,0
12,5,7,123,0
12,5,7,124,4
12,5,7,125,4
12,5,7,126,1
12,5,7,127,0
12,5,7,128,2
12,5,7,129,5
12,5,7,130,4
12,5,7,131,0
12,5,7,132,0
12,5,7,133,3
12,5,7,134,2
12,5,7,135,0
12,5,7,136,0
12,5,7,137,1
12,5,8,0,0
12,5,8,1,0
12,5,8,2,0
12,5,8,3,0
12,5,8,4,0
12,5,8,5,0
12,5,8,6,0
12,5,8,7,0
12,5,8,8,1
12,5,8,9,0
12,5,8,10,0
12,5,8,11,0
12,5,8,12,2
12,5,8,13,1
12,5,8,14,0
12,5,8,15,0
12,5,8,16,0
12,5,8,17,0
12,5,8,18,0
12,5,8,19,4
12,5,8,20,3
12,5,8,21,2
12,5,8,22,3
12,5,8,23,4
12,5,8,24,1
12,5,8,25,1
12,5,8,26,4
12,5,8,27,2
12,5,8,28,3
12,5,8,29,2
12,5,8,30,1
12,5,8,31,0
12,5,8,32,2
12,5,8,33,1
12,5,8,34,1
12,5,8,35,0
12,5,8,36,0
12,5,8,37,1
12,5,8,38,0
12,5,8,39,0
12,5,8,40,0
12,5,8,41,0
12,5,8,42,5
12,5,8,43,0
12,5,8,44,3
12,5,8,45,5
12,5,8,46,1
12,5,8,47,0
12,5,8,48,1
12,5,8,49,0
12,5,8,50,1
12,5,8,51,0
12,5,8,52,0
12,5,8,53,1
12,5,8,54,0
12,5,8,55,1
12,5,8,56,0
12,5,8,57,0
12,5,8,58,0
12,5,8,59,0
12,5,8,60,0
12,5,8,61,0
12,5,8,62,5
12,5,8,63,0
12,5,8,64,2
12,5,8,65,4
12,5,8,66,1
12,5,8,67,0
12,5,8,68,1
12,5,8,69,0
12,5,8,70,0
12,5,8,71,0
12,5,8,72,0
12,5,8,73,0
12,5,8,74,4
12,5,8,75,3
12,5,8,76,0
12,5,8,77,0
12,5,8,78,2
12,5,8,79,1
12,5,8,80,0
12,5,8,81,0
12,5,8,82,0
12,5,8,83,0
12,5,8,84,2
12,5,8,85,1
12,5,8,86,1
12,5,8,87,0
12,5,8,88,1
12,5,8,89,0
12,5,8,90,0
12,5,8,91,0
12,5,8,92,0
12,5,8,93,4
12,5,8,94,5
12,5,8,95,0
12,5,8,96,0
12,5,8,97,0
12,5,8,98,3
12,5,8,99,2
12,5,8,100,0
12,5,8,101,0
12,5,8,102,1
12,5,8,103,0
12,5,8,104,6
12,5,8,105,6
12,5,8,106,7
12,5,8,107,6
12,5,8,108,4
12,5,8,109,2
12,5,8,110,0
12,5,8,111,0
12,5,8,112,2
12,5,8,113,2
12,5,8,114,0
12,5,8,115,0
12,5,8,116,0
12,5,8,117,0
12,5,8,118,4
12,5,8,119,5
12,5,8,120,1
12,5,8,121,2
12,5,8,122,5
12,5,8,123,4
12,5,8,124,3
12,5,8,125,2
12,5,8,126,1
12,5,8,127,0
12,5,8,128,0
12,5,8,129,0
12,5,8,130,0
12,5,8,131,0
12,5,8,132,0
12,5,8,133,0
12,5,8,134,0
12,5,8,135,2
12,5,8,136,1
12,5,8,137,0
12,5,8,138,0
12,5,8,139,1
12,5,8,140,0
12,5,8,141,1
12,5,9,0,0
12,5,9,1,0
12,5,9,2,0
12,5,9,3,0
12,5,9,4,0
12,5,9,5,0
12,5,9,6,0
12,5,9,7,0
12,5,9,8,0
12,5,9,9,0
12,5,9,10,0
12,5,9,11,0
12,5,9,12,1
12,5,9,13,0
12,5,9,14,0
12,5,9,15,1
12,5,9,16,0
12,5,9,17,3
12,5,9,18,3
12,5,9,19,2
12,5,9,20,1
12,5,9,21,0
12,5,9,22,0
12,5,9,23,1
12,5,9,24,0
12,5,9,25,0
12,5,9,26,2
12,5,9,27,3
12,5,9,28,3
12,5,9,29,2
12,5,9,30,1
12,5,9,31,0
12,5,9,32,0
12,5,9,33,0
12,5,9,34,0
12,5,9,35,0
12,5,9,36,3
12,5,9,37,0
12,5,9,38,0
12,5,9,39,0
12,5,9,40,0
12,5,9,41,4
12,5,9,42,0
12,5,9,43,7
12,5,9,44,4
12,5,9,45,0
12,5,9,46,0
12,5,9,47,5
12,5,9,48,1
12,5,9,49,0
12,5,9,50,2
12,5,9,51,1
12,5,9,52,0
12,5,9,53,0
12,5,9,54,2
12,5,9,55,1
12,5,9,56,2
12,5,9,57,6
12,5,9,58,2
12,5,9,59,3
12,5,9,60,0
12,5,9,61,0
12,5,9,62,0
12,5,9,63,0
12,5,9,64,1
12,5,9,65,0
12,5,9,66,7
12,5,9,67,1
12,5,9,68,0
12,5,9,69,5
12,5,9,70,4
12,5,9,71,0
12,5,9,72,4
12,5,9,73,3
12,5,9,74,1
12,5,9,75,0
12,5,9,76,0
12,5,9,77,1
12,5,9,78,0
12,5,9,79,0
12,5,9,80,0
12,5,9,81,1
12,5,9,82,0
12,5,9,83,0
12,5,9,84,0
12,5,9,85,0
12,5,9,86,0
12,5,9,87,4
12,5,9,88,3
12,5,9,89,2
12,5,9,90,1
12,5,9,91,0
12,5,9,92,0
12,5,9,93,0
12,5,9,94,0
12,5,9,95,3
12,5,9,96,2
12,5,9,97,1
12,5,9,98,0
12,5,9,99,0
12,5,9,100,0
12,5,9,101,1
12,5,9,102,0
12,5,9,103,0
12,5,9,104,1
12,5,9,105,0
12,5,9,106,0
12,5,9,107,0
12,5,9,108,0
12,5,9,109,0
12,5,9,110,0
12,5,9,111,8
12,5,9,112,7
12,5,9,113,4
12,5,9,114,4
12,5,9,115,0
12,5,9,116,2
12,5,9,117,1
12,5,9,118,0
12,5,9,119,1
12,5,9,120,0
12,5,9,121,0
12,5,9,122,0
12,5,9,123,2
12,5,9,124,6
12,5,9,125,1
12,5,9,126,0
12,5,9,127,3
12,5,9,128,2
12,5,9,129,1
12,5,9,130,0
12,5,9,131,0
12,5,9,132,1
12,5,9,133,0
12,5,9,134,0
12,5,9,135,0
12,5,9,136,0
12,5,9,137,2
12,5,9,138,0
12,5,9,139,0
12,5,9,140,0
12,5,9,141,0
12,5,9,142,1
12,5,10,0,0
12,5,10,1,0
12,5,10,2,0
12,5,10,3,0
12,5,10,4,0
12,5,10,5,0
12,5,10,6,0
12,5,10,7,0
12,5,10,8,0
12,5,10,9,0
12,5,10,10,1
12,5,10,11,0
12,5,10,12,0
12,5,10,13,0
12,5,10,14,1
12,5,10,15,0
12,5,10,16,0
12,5,10,17,0
12,5,10,18,0
12,5,10,19,0
12,5,10,20,0
12,5,10,21,0
12,5,10,22,5
12,5,10,23,4
12,5,10,24,4
12,5,10,25,3
12,5,10,26,5
12,5,10,27,5
12,5,10,28,6
12,5,10,29,5
12,5,10,30,3
12,5,10,31,3
12,5,10,32,0
12,5,10,33,2
12,5,10,34,1
12,5,10,35,0
12,5,10,36,1
12,5,10,37,0
12,5,10,38,0
12,5,10,39,0
12,5,10,40,0
12,5,10,41,0
12,5,10,42,0
12,5,10,43,1
12,5,10,44,0
12,5,10,45,1
12,5,10,46,8
12,5,10,47,0
12,5,10,48,0
12,5,10,49,0
12,5,10,50,7
12,5,10,51,2
12,5,10,52,2
12,5,10,53,1
12,5,10,54,0
12,5,10,55,3
12,5,10,56,4
12,5,10,57,6
12,5,10,58,4
12,5,10,59,2
12,5,10,60,0
12,5,10,61,4
12,5,10,62,1
12,5,10,63,0
12,5,10,64,0
12,5,10,65,0
12,5,10,66,0
12,5,10,67,4
12,5,10,68,0
12,5,10,69,5
12,5,10,70,3
12,5,10,71,2
12,5,10,72,2
12,5,10,73,1
12,5,10,74,0
12,5,10,75,0
12,5,10,76,0
12,5,10,77,0
12,5,10,78,1
12,5,10,79,0
12,5,10,80,0
12,5,10,81,0
12,5,10,82,0
12,5,10,83,0
12,5,10,84,6
12,5,10,85,4
12,5,10,86,3
12,5,10,87,2
12,5,10,88,1
12,5,10,89,0
12,5,10,90,1
12,5,10,91,0
12,5,10,92,0
12,5,10,93,0
12,5,10,94,0
12,5,10,95,2
12,5,10,96,1
12,5,10,97,0
12,5,10,98,1
12,5,10,99,0
12,5,10,100,0
12,5,10,101,0
12,5,10,102,0
12,5,10,103,5
12,5,10,104,3
12,5,10,105,2
12,5,10,106,1
12,5,10,107,0
12,5,10,108,2
12,5,10,109,0
12,5,10,110,0
12,5,10,111,0
12,5,10,112,0
12,5,10,113,0
12,5,10,114,0
12,5,10,115,2
12,5,10,116,1
12,5,10,117,0
12,5,10,118,0
12,5,10,119,1
12,5,10,120,0
12,5,10,121,0
12,5,10,122,1
12,5,10,123,0
12,5,10,124,0
12,5,10,125,0
12,5,10,126,0
12,5,10,127,0
12,5,10,128,3
12,5,10,129,0
12,5,10,130,0
12,5,10,131,0
12,5,10,132,4
12,5,10,133,3
12,5,10,134,2
12,5,10,135,2
12,5,10,136,1
12,5,10,137,0
12,5,10,138,0
12,5,10,139,0
12,5,10,140,0
12,5,10,141,0
12,5,10,142,0
12,5,10,143,0
12,5,10,144,0
12,5,10,145,0
12,5,10,146,0
12,5,10,147,0
12,5,10,148,0
12,5,10,149,0
12,5,10,150,0
12,5,10,151,0
12,5,10,152,0
12,5,10,153,0
12,5,10,154,0
12,5,10,155,0
12,5,10,156,0
12,5,10,157,1
12,5,10,158,0
12,5,10,159,0
12,5,10,160,0
12,5,10,161,0
12,5,10,162,0
12,5,10,163,0
12,5,10,164,0
12,5,10,165,0
12,5,10,166,0
12,5,10,167,0
12,5,10,168,0
12,5,10,169,0
12,5,10,170,0
12,5,10,171,0
12,5,10,172,0
12,5,10,173,0
12,5,10,174,0
12,5,10,175,0
12,5,10,176,0
12,5,10,177,0
12,5,10,178,1
12,5,10,179,1
12,5,11,0,0
12,5,11,1,0
12,5,11,2,0
12,5,11,3,0
12,5,11,4,0
12,5,11,5,0
12,5,11,6,0
12,5,11,7,0
12,5,11,8,0
12,5,11,9,0
12,5,11,10,0
12,5,11,11,0
12,5,11,12,0
12,5,11,13,0
12,5,11,14,0
12,5,11,15,0
12,5,11,16,3
12,5,11,17,2
12,5,11,18,1
12,5,11,19,0
12,5,11,20,0
12,5,11,21,3
12,5,11,22,2
12,5,11,23,1
12,5,11,24,0
12,5,11,25,0
12,5,11,26,0
12,5,11,27,0
12,5,11,28,6
12,5,11,29,5
12,5,11,30,3
12,5,11,31,3
12,5,11,32,2
12,5,11,33,1
12,5,11,34,0
12,5,11,35,0
12,5,11,36,0
12,5,11,37,0
12,5,11,38,0
12,5,11,39,5
12,5,11,40,3
12,5,11,41,5
12,5,11,42,4
12,5,11,43,2
12,5,11,44,2
12,5,11,45,1
12,5,11,46,0
12,5,11,47,0
12,5,11,48,0
12,5,11,49,0
12,5,11,50,0
12,5,11,51,2
12,5,11,52,1
12,5,11,53,0
12,5,11,54,0
12,5,11,55,0
12,5,11,56,3
12,5,11,57,2
12,5,11,58,1
12,5,11,59,0
12,5,11,60,1
12,5,11,61,0
12,5,11,62,2
12,5,11,63,1
12,5,11,64,0
12,5,11,65,0
12,5,11,66,0
12,5,11,67,0
12,5,11,68,0
12,5,11,69,2
12,5,11,70,1
12,5,11,71,0
12,5,11,72,0
12,5,11,73,0
12,5,11,74,0
12,5,11,75,0
12,5,11,76,0
12,5,11,77,0
12,5,11,78,1
12,5,11,79,0
12,5,11,80,0
12,5,11,81,5
12,5,11,82,3
12,5,11,83,1
12,5,11,84,0
12,5,11,85,0
12,5,11,86,3
12,5,11,87,2
12,5,11,88,3
12,5,11,89,0
12,5,11,90,2
12,5,11,91,1
12,5,11,92,0
12,5,11,93,0
12,5,11,94,0
12,5,11,95,0
12,5,11,96,4
12,5,11,97,4
12,5,11,98,3
12,5,11,99,2
12,5,11,100,1
12,5,11,101,0
12,5,11,102,0
12,5,11,103,0
12,5,11,104,0
12,5,11,105,0
12,5,11,106,0
12,5,11,107,0
12,5,11,108,0
12,5,11,109,3
12,5,11,110,2
12,5,11,111,4
12,5,11,112,3
12,5,11,113,0
12,5,11,114,2
12,5,11,115,1
12,5,11,116,3
12,5,11,117,2
12,5,11,118,0
12,5,11,119,0
12,5,11,120,0
12,5,11,121,0
12,5,11,122,0
12,5,11,123,0
12,5,11,124,0
12,5,11,125,4
12,5,11,126,2
12,5,11,127,1
12,5,11,128,0
12,5,11,129,0
12,5,11,130,0
12,5,11,131,0
12,5,11,132,3
12,5,11,133,2
12,5,11,134,2
12,5,11,135,1
12,5,11,136,0
12,5,11,137,2
12,5,11,138,1
12,5,11,139,0
12,5,11,140,0
12,5,11,141,0
12,5,11,142,0
12,5,11,143,0
12,5,11,144,0
12,5,11,145,0
12,5,11,146,0
12,5,11,147,0
12,5,11,148,0
12,5,11,149,0
12,5,11,150,0
12,5,11,151,0
12,5,11,152,0
12,5,11,153,0
12,5,11,154,0
12,5,11,155,0
12,5,11,156,0
12,5,11,157,0
12,5,11,158,2
12,5,11,159,1
12,5,12,0,0
12,5,12,1,0
12,5,12,2,0
12,5,12,3,0
12,5,12,4,0
12,5,12,5,0
12,5,12,6,0
12,5,12,7,0
12,5,12,8,0
12,5,12,9,0
12,5,12,10,0
12,5,12,11,0
12,5,12,12,0
12,5,12,13,3
12,5,12,14,2
12,5,12,15,0
12,5,12,16,0
12,5,12,17,1
12,5,12,18,0
12,5,12,19,1
12,5,12,20,0
12,5,12,21,1
12,5,12,22,0
12,5,12,23,3
12,5,12,24,5
12,5,12,25,0
12,5,12,26,7
12,5,12,27,0
12,5,12,28,5
12,5,12,29,5
12,5,12,30,4
12,5,12,31,3
12,5,12,32,4
12,5,12,33,3
12,5,12,34,3
12,5,12,35,1
12,5,12,36,0
12,5,12,37,0
12,5,12,38,1
12,5,12,39,2
12,5,12,40,1
12,5,12,41,0
12,5,12,42,0
12,5,12,43,0
12,5,12,44,0
12,5,12,45,0
12,5,12,46,1
12,5,12,47,0
12,5,12,48,0
12,5,12,49,1
12,5,12,50,0
12,5,12,51,0
12,5,12,52,0
12,5,12,53,0
12,5,12,54,0
12,5,12,55,1
12,5,12,56,0
12,5,12,57,0
12,5,12,58,0
12,5,12,59,3
12,5,12,60,0
12,5,12,61,5
12,5,12,62,0
12,5,12,63,4
12,5,12,64,2
12,5,12,65,1
12,5,12,66,0
12,5,12,67,1
12,5,12,68,0
12,5,12,69,1
12,5,12,70,0
12,5,12,71,0
12,5,12,72,0
12,5,12,73,0
12,5,12,74,0
12,5,12,75,0
12,5,12,76,0
12,5,12,77,3
12,5,12,78,1
12,5,12,79,5
12,5,12,80,4
12,5,12,81,3
12,5,12,82,0
12,5,12,83,2
12,5,12,84,0
12,5,12,85,0
12,5,12,86,0
12,5,12,87,4
12,5,12,88,2
12,5,12,89,5
12,5,12,90,5
12,5,12,91,0
12,5,12,92,0
12,5,12,93,4
12,5,12,94,3
12,5,12,95,2
12,5,12,96,0
12,5,12,97,0
12,5,12,98,2
12,5,12,99,0
12,5,12,100,0
12,5,12,101,1
12,5,12,102,0
12,5,12,103,1
12,5,12,104,0
12,5,12,105,0
12,5,12,106,1
12,5,12,107,0
12,5,12,108,0
12,5,12,109,0
12,5,12,110,3
12,5,12,111,2
12,5,12,112,1
12,5,12,113,5
12,5,12,114,0
12,5,12,115,2
12,5,12,116,1
12,5,12,117,2
12,5,12,118,1
12,5,12,119,0
12,5,12,120,0
12,5,12,121,0
12,5,12,122,7
12,5,12,123,4
12,5,12,124,4
12,5,12,125,3
12,5,12,126,2
12,5,12,127,1
12,5,12,128,0
12,5,12,129,0
12,5,12,130,1
12,5,12,131,0
12,5,12,132,1
12,5,12,133,0
12,5,12,134,0
12,5,12,135,1
12,5,12,136,0
12,5,12,137,0
12,5,12,138,0
12,5,12,139,0
12,5,12,140,0
12,5,12,141,0
12,5,12,142,1
12,10,1,0,0
12,10,1,1,0
12,10,1,2,0
12,10,1,3,0
12,10,1,4,0
12,10,1,5,0
12,10,1,6,0
12,10,1,7,0
12,10,1,8,0
12,10,1,9,0
12,10,1,10,0
12,10,1,11,0
12,10,1,12,2
12,10,1,13,4
12,10,1,14,3
12,10,1,15,1
12,10,1,16,0
12,10,1,17,5
12,10,1,18,10
12,10,1,19,9
12,10,1,20,8
12,10,1,21,10
12,10,1,22,9
12,10,1,23,7
12,10,1,24,7
12,10,1,25,6
12,10,1,26,11
12,10,1,27,11
12,10,1,28,10
12,10,1,29,15
12,10,1,30,0
12,10,1,31,12
12,10,1,32,12
12,10,1,33,11
12,10,1,34,19
12,10,1,35,9
12,10,1,36,8
12,10,1,37,9
12,10,1,38,7
12,10,1,39,7
12,10,1,40,0
12,10,1,41,15
12,10,1,42,0
12,10,1,43,0
12,10,1,44,0
12,10,1,45,8
12,10,1,46,7
12,10,1,47,6
12,10,1,48,5
12,10,1,49,11
12,10,1,50,23
12,10,1,51,2
12,10,1,52,4
12,10,1,53,5
12,10,1,54,16
12,10,1,55,12
12,10,1,56,14
12,10,1,57,14
12,10,1,58,3
12,10,1,59,1
12,10,1,60,0
12,10,1,61,0
12,10,1,62,0
12,10,1,63,2
12,10,1,64,1
12,10,1,65,0
12,10,1,66,0
12,10,1,67,1
12,10,1,68,0
12,10,1,69,0
12,10,1,70,2
12,10,1,71,1
12,10,1,72,0
12,10,1,73,21
12,10,1,74,2
12,10,1,75,17
12,10,1,76,4
12,10,1,77,3
12,10,1,78,3
12,10,1,79,0
12,10,1,80,0
12,10,1,81,5
12,10,1,82,30
12,10,1,83,1
12,10,1,84,0
12,10,1,85,0
12,10,1,86,28
12,10,1,87,45
12,10,1,88,2
12,10,1,89,4
12,10,1,90,1
12,10,1,91,0
12,10,1,92,11
12,10,1,93,11
12,10,1,94,5
12,10,1,95,0
12,10,1,96,0
12,10,1,97,4
12,10,1,98,4
12,10,1,99,6
12,10,1,100,5
12,10,1,101,2
12,10,1,102,12
12,10,1,103,22
12,10,1,104,0
12,10,1,105,0
12,10,1,106,6
12,10,1,107,0
12,10,1,108,6
12,10,1,109,17
12,10,1,110,17
12,10,1,111,3
12,10,1,112,2
12,10,1,113,2
12,10,1,114,1
12,10,1,115,0
12,10,1,116,1
12,10,1,117,0
12,10,1,118,34
12,10,1,119,4
12,10,1,120,4
12,10,1,121,13
12,10,1,122,0
12,10,1,123,0
12,10,1,124,4
12,10,1,125,11
12,10,1,126,11
12,10,1,127,24
12,10,1,128,23
12,10,1,129,3
12,10,1,130,20
12,10,1,131,1
12,10,1,132,0
12,10,1,133,10
12,10,1,134,8
12,10,1,135,5
12,10,1,136,15
12,10,1,137,10
12,10,1,138,3
12,10,1,139,13
12,10,1,140,10
12,10,1,141,6
12,10,1,142,9
12,10,1,143,0
12,10,1,144,9
12,10,1,145,1
12,10,1,146,0
12,10,1,147,6
12,10,1,148,1
12,10,1,149,0
12,10,1,150,11
12,10,1,151,2
12,10,1,152,5
12,10,1,153,4
12,10,1,154,3
12,10,1,155,0
12,10,1,156,1
12,10,1,157,0
12,10,1,158,0
12,10,1,159,1
12,10,1,160,0
12,10,1,161,2
12,10,1,162,1
12,10,1,163,0
12,10,1,164,0
12,10,1,165,0
12,10,1,166,1
12,10,1,167,0
12,10,1,168,0
12,10,1,169,1
12,10,1,170,0
12,10,1,171,0
12,10,1,172,0
12,10,1,173,0
12,10,1,174,0
12,10,1,175,0
12,10,1,176,0
12,10,1,177,0
12,10,1,178,2
12,10,1,179,1
12,10,1,180,1
12,10,2,0,0
12,10,2,1,0
12,10,2,2,0
12,10,2,3,0
12,10,2,4,0
12,10,2,5,0
12,10,2,6,0
12,10,2,7,1
12,10,2,8,0
12,10,2,9,0
12,10,2,10,0
12,10,2,11,0
12,10,2,12,5
12,10,2,13,3
12,10,2,14,2
12,10,2,15,1
12,10,2,16,0
12,10,2,17,0
12,10,2,18,10
12,10,2,19,9
12,10,2,20,8
12,10,2,21,11
12,10,2,22,10
12,10,2,23,8
12,10,2,24,7
12,10,2,25,6
12,10,2,26,6
12,10,2,27,4
12,10,2,28,4
12,10,2,29,7
12,10,2,30,9
12,10,2,31,6
12,10,2,32,7
12,10,2,33,4
12,10,2,34,4
12,10,2,35,3
12,10,2,36,2
12,10,2,37,1
12,10,2,38,0
12,10,2,39,0
12,10,2,40,0
12,10,2,41,0
12,10,2,42,15
12,10,2,43,15
12,10,2,44,1
12,10,2,45,0
12,10,2,46,0
12,10,2,47,12
12,10,2,48,19
12,10,2,49,0
12,10,2,50,10
12,10,2,51,10
12,10,2,52,11
12,10,2,53,9
12,10,2,54,8
12,10,2,55,7
12,10,2,56,0
12,10,2,57,8
12,10,2,58,6
12,10,2,59,0
12,10,2,60,10
12,10,2,61,8
12,10,2,62,6
12,10,2,63,8
12,10,2,64,6
12,10,2,65,6
12,10,2,66,6
12,10,2,67,1
12,10,2,68,0
12,10,2,69,1
12,10,2,70,0
12,10,2,71,0
12,10,2,72,11
12,10,2,73,9
12,10,2,74,10
12,10,2,75,7
12,10,2,76,17
12,10,2,77,2
12,10,2,78,11
12,10,2,79,12
12,10,2,80,3
12,10,2,81,7
12,10,2,82,6
12,10,2,83,7
12,10,2,84,4
12,10,2,85,3
12,10,2,86,2
12,10,2,87,0
12,10,2,88,4
12,10,2,89,2
12,10,2,90,3
12,10,2,91,2
12,10,2,92,1
12,10,2,93,0
12,10,2,94,3
12,10,2,95,25
12,10,2,96,3
12,10,2,97,1
12,10,2,98,1
12,10,2,99,0
12,10,2,100,3
12,10,2,101,0
12,10,2,102,0
12,10,2,103,18
12,10,2,104,0
12,10,2,105,30
12,10,2,106,22
12,10,2,107,12
12,10,2,108,22
12,10,2,109,7
12,10,2,110,20
12,10,2,111,17
12,10,2,112,4
12,10,2,113,6
12,10,2,114,7
12,10,2,115,7
12,10,2,116,5
12,10,2,117,4
12,10,2,118,3
12,10,2,119,5
12,10,2,120,1
12,10,2,121,0
12,10,2,122,3
12,10,2,123,1
12,10,2,124,0
12,10,2,125,1
12,10,2,126,0
12,10,2,127,1
12,10,2,128,0
12,10,2,129,0
12,10,2,130,1
12,10,2,131,0
12,10,2,132,1
12,10,2,133,0
12,10,2,134,22
12,10,2,135,11
12,10,2,136,9
12,10,2,137,12
12,10,2,138,18
12,10,2,139,0
12,10,2,140,14
12,10,2,141,9
12,10,2,142,7
12,10,2,143,11
12,10,2,144,4
12,10,2,145,3
12,10,2,146,7
12,10,2,147,5
12,10,2,148,1
12,10,2,149,0
12,10,2,150,0
12,10,2,151,4
12,10,2,152,3
12,10,2,153,0
12,10,2,154,3
12,10,2,155,8
12,10,2,156,2
12,10,2,157,6
12,10,2,158,0
12,10,2,159,0
12,10,2,160,4
12,10,2,161,2
12,10,2,162,2
12,10,2,163,1
12,10,2,164,1
12,10,2,165,0
12,10,2,166,0
12,10,2,167,1
12,10,2,168,0
12,10,2,169,2
12,10,2,170,0
12,10,2,171,0
12,10,2,172,1
12,10,3,0,0
12,10,3,1,0
12,10,3,2,0
12,10,3,3,0
12,10,3,4,0
12,10,3,5,0
12,10,3,6,0
12,10,3,7,0
12,10,3,8,0
12,10,3,9,0
12,10,3,10,0
12,10,3,11,3
12,10,3,12,2
12,10,3,13,1
12,10,3,14,0
12,10,3,15,0
12,10,3,16,0
12,10,3,17,1
12,10,3,18,0
12,10,3,19,10
12,10,3,20,10
12,10,3,21,9
12,10,3,22,10
12,10,3,23,10
12,10,3,24,15
12,10,3,25,6
12,10,3,26,8
12,10,3,27,7
12,10,3,28,5
12,10,3,29,4
12,10,3,30,3
12,10,3,31,5
12,10,3,32,10
12,10,3,33,4
12,10,3,34,27
12,10,3,35,17
12,10,3,36,2
12,10,3,37,0
12,10,3,38,17
12,10,3,39,16
12,10,3,40,38
12,10,3,41,17
12,10,3,42,17
12,10,3,43,0
12,10,3,44,13
12,10,3,45,0
12,10,3,46,0
12,10,3,47,3
12,10,3,48,12
12,10,3,49,13
12,10,3,50,13
12,10,3,51,0
12,10,3,52,14
12,10,3,53,13
12,10,3,54,16
12,10,3,55,17
12,10,3,56,2
12,10,3,57,16
12,10,3,58,13
12,10,3,59,21
12,10,3,60,0
12,10,3,61,0
12,10,3,62,7
12,10,3,63,6
12,10,3,64,12
12,10,3,65,5
12,10,3,66,20
12,10,3,67,3
12,10,3,68,8
12,10,3,69,0
12,10,3,70,0
12,10,3,71,5
12,10,3,72,7
12,10,3,73,4
12,10,3,74,3
12,10,3,75,0
12,10,3,76,0
12,10,3,77,8
12,10,3,78,12
12,10,3,79,16
12,10,3,80,10
12,10,3,81,1
12,10,3,82,39
12,10,3,83,3
12,10,3,84,11
12,10,3,85,2
12,10,3,86,0
12,10,3,87,8
12,10,3,88,3
12,10,3,89,2
12,10,3,90,1
12,10,3,91,0
12,10,3,92,0
12,10,3,93,25
12,10,3,94,3
12,10,3,95,0
12,10,3,96,0
12,10,3,97,9
12,10,3,98,29
12,10,3,99,39
12,10,3,100,6
12,10,3,101,4
12,10,3,102,3
12,10,3,103,1
12,10,3,104,0
12,10,3,105,3
12,10,3,106,28
12,10,3,107,26
12,10,3,108,3
12,10,3,109,10
12,10,3,110,4
12,10,3,111,4
12,10,3,112,3
12,10,3,113,2
12,10,3,114,1
12,10,3,115,0
12,10,3,116,0
12,10,3,117,0
12,10,3,118,18
12,10,3,119,2
12,10,3,120,1
12,10,3,121,0
12,10,3,122,0
12,10,3,123,0
12,10,3,124,13
12,10,3,125,13
12,10,3,126,14
12,10,3,127,16
12,10,3,128,15
12,10,3,129,0
12,10,3,130,16
12,10,3,131,7
12,10,3,132,15
12,10,3,133,5
12,10,3,134,12
12,10,3,135,14
12,10,3,136,9
12,10,3,137,8
12,10,3,138,14
12,10,3,139,13
12,10,3,140,5
12,10,3,141,13
12,10,3,142,13
12,10,3,143,13
12,10,3,144,8
12,10,3,145,3
12,10,3,146,1
12,10,3,147,0
12,10,3,148,0
12,10,3,149,6
12,10,3,150,7
12,10,3,151,3
12,10,3,152,2
12,10,3,153,7
12,10,3,154,5
12,10,3,155,0
12,10,3,156,4
12,10,3,157,3
12,10,3,158,2
12,10,3,159,1
12,10,3,160,0
12,10,3,161,0
12,10,3,162,1
12,10,3,163,0
12,10,3,164,0
12,10,3,165,0
12,10,3,166,0
12,10,3,167,2
12,10,3,168,0
12,10,3,169,0
12,10,3,170,0
12,10,3,171,0
12,10,3,172,1
12,10,3,173,0
12,10,3,174,0
12,10,3,175,0
12,10,3,176,0
12,10,3,177,1
12,10,4,0,0
12,10,4,1,0
12,10,4,2,0
12,10,4,3,0
12,10,4,4,0
12,10,4,5,0
12,10,4,6,0
12,10,4,7,0
12,10,4,8,0
12,10,4,9,3
12,10,4,10,1
12,10,4,11,0
12,10,4,12,2
12,10,4,13,1
12,10,4,14,0
12,10,4,15,6
12,10,4,16,6
12,10,4,17,5
12,10,4,18,2
12,10,4,19,1
12,10,4,20,0
12,10,4,21,3
12,10,4,22,3
12,10,4,23,9
12,10,4,24,7
12,10,4,25,6
12,10,4,26,21
12,10,4,27,21
12,10,4,28,7
12,10,4,29,6
12,10,4,30,5
12,10,4,31,6
12,10,4,32,4
12,10,4,33,8
12,10,4,34,6
12,10,4,35,3
12,10,4,36,22
12,10,4,37,4
12,10,4,38,0
12,10,4,39,4
12,10,4,40,0
12,10,4,41,6
12,10,4,42,7
12,10,4,43,5
12,10,4,44,7
12,10,4,45,5
12,10,4,46,1
12,10,4,47,0
12,10,4,48,2
12,10,4,49,1
12,10,4,50,0
12,10,4,51,0
12,10,4,52,12
12,10,4,53,3
12,10,4,54,0
12,10,4,55,39
12,10,4,56,1
12,10,4,57,0
12,10,4,58,1
12,10,4,59,0
12,10,4,60,29
12,10,4,61,14
12,10,4,62,14
12,10,4,63,8
12,10,4,64,1
12,10,4,65,0
12,10,4,66,0
12,10,4,67,13
12,10,4,68,10
12,10,4,69,11
12,10,4,70,0
12,10,4,71,6
12,10,4,72,8
12,10,4,73,22
12,10,4,74,15
12,10,4,75,5
12,10,4,76,0
12,10,4,77,0
12,10,4,78,17
12,10,4,79,14
12,10,4,80,0
12,10,4,81,17
12,10,4,82,1
12,10,4,83,0
12,10,4,84,14
12,10,4,85,16
12,10,4,86,9
12,10,4,87,18
12,10,4,88,0
12,10,4,89,7
12,10,4,90,2
12,10,4,91,7
12,10,4,92,7
12,10,4,93,7
12,10,4,94,7
12,10,4,95,0
12,10,4,96,13
12,10,4,97,7
12,10,4,98,5
12,10,4,99,27
12,10,4,100,12
12,10,4,101,4
12,10,4,102,2
12,10,4,103,1
12,10,4,104,0
12,10,4,105,8
12,10,4,106,6
12,10,4,107,5
12,10,4,108,5
12,10,4,109,3
12,10,4,110,6
12,10,4,111,9
12,10,4,112,1
12,10,4,113,0
12,10,4,114,0
12,10,4,115,11
12,10,4,116,12
12,10,4,117,6
12,10,4,118,0
12,10,4,119,5
12,10,4,120,11
12,10,4,121,9
12,10,4,122,2
12,10,4,123,3
12,10,4,124,5
12,10,4,125,5
12,10,4,126,0
12,10,4,127,3
12,10,4,128,7
12,10,4,129,0
12,10,4,130,0
12,10,4,131,2
12,10,4,132,1
12,10,4,133,0
12,10,4,134,0
12,10,4,135,0
12,10,4,136,19
12,10,4,137,2
12,10,4,138,5
12,10,4,139,0
12,10,4,140,3
12,10,4,141,6
12,10,4,142,1
12,10,4,143,0
12,10,4,144,4
12,10,4,145,3
12,10,4,146,1
12,10,4,147,0
12,10,4,148,0
12,10,4,149,1
12,10,4,150,0
12,10,4,151,5
12,10,4,152,0
12,10,4,153,4
12,10,4,154,4
12,10,4,155,2
12,10,4,156,2
12,10,4,157,1
12,10,4,158,0
12,10,4,159,0
12,10,4,160,0
12,10,4,161,8
12,10,4,162,3
12,10,4,163,2
12,10,4,164,2
12,10,4,165,1
12,10,4,166,0
12,10,4,167,0
12,10,4,168,0
12,10,4,169,2
12,10,4,170,1
12,10,4,171,2
12,10,4,172,0
12,10,4,173,0
12,10,4,174,1
12,10,5,0,0
12,10,5,1,0
12,10,5,2,0
12,10,5,3,0
12,10,5,4,0
12,10,5,5,1
12,10,5,6,0
12,10,5,7,0
12,10,5,8,0
12,10,5,9,2
12,10,5,10,0
12,10,5,11,0
12,10,5,12,0
12,10,5,13,0
12,10,5,14,4
12,10,5,15,5
12,10,5,16,4
12,10,5,17,5
12,10,5,18,9
12,10,5,19,5
12,10,5,20,10
12,10,5,21,3
12,10,5,22,2
12,10,5,23,9
12,10,5,24,13
12,10,5,25,2
12,10,5,26,7
12,10,5,27,9
12,10,5,28,8
12,10,5,29,21
12,10,5,30,23
12,10,5,31,21
12,10,5,32,21
12,10,5,33,19
12,10,5,34,7
12,10,5,35,6
12,10,5,36,11
12,10,5,37,16
12,10,5,38,6
12,10,5,39,5
12,10,5,40,5
12,10,5,41,11
12,10,5,42,0
12,10,5,43,12
12,10,5,44,7
12,10,5,45,3
12,10,5,46,6
12,10,5,47,7
12,10,5,48,3
12,10,5,49,0
12,10,5,50,1
12,10,5,51,0
12,10,5,52,5
12,10,5,53,3
12,10,5,54,2
12,10,5,55,2
12,10,5,56,1
12,10,5,57,0
12,10,5,58,4
12,10,5,59,0
12,10,5,60,1
12,10,5,61,0
12,10,5,62,3
12,10,5,63,6
12,10,5,64,4
12,10,5,65,0
12,10,5,66,0
12,10,5,67,8
12,10,5,68,4
12,10,5,69,5
12,10,5,70,5
12,10,5,71,4
12,10,5,72,0
12,10,5,73,19
12,10,5,74,2
12,10,5,75,4
12,10,5,76,3
12,10,5,77,1
12,10,5,78,1
12,10,5,79,0
12,10,5,80,0
12,10,5,81,0
12,10,5,82,3
12,10,5,83,2
12,10,5,84,1
12,10,5,85,0
12,10,5,86,13
12,10,5,87,13
12,10,5,88,0
12,10,5,89,0
12,10,5,90,14
12,10,5,91,2
12,10,5,92,14
12,10,5,93,7
12,10,5,94,10
12,10,5,95,13
12,10,5,96,1
12,10,5,97,0
12,10,5,98,11
12,10,5,99,9
12,10,5,100,8
12,10,5,101,4
12,10,5,102,5
12,10,5,103,5
12,10,5,104,8
12,10,5,105,8
12,10,5,106,0
12,10,5,107,6
12,10,5,108,4
12,10,5,109,5
12,10,5,110,6
12,10,5,111,4
12,10,5,112,1
12,10,5,113,0
12,10,5,114,1
12,10,5,115,1
12,10,5,116,2
12,10,5,117,0
12,10,5,118,3
12,10,5,119,1
12,10,5,120,0
12,10,5,121,0
12,10,5,122,0
12,10,5,123,3
12,10,5,124,2
12,10,5,125,1
12,10,5,126,0
12,10,5,127,0
12,10,5,128,3
12,10,5,129,2
12,10,5,130,0
12,10,5,131,2
12,10,5,132,4
12,10,5,133,1
12,10,5,134,0
12,10,5,135,0
12,10,5,136,20
12,10,5,137,13
12,10,5,138,0
12,10,5,139,0
12,10,5,140,17
12,10,5,141,17
12,10,5,142,2
12,10,5,143,13
12,10,5,144,0
12,10,5,145,15
12,10,5,146,5
12,10,5,147,12
12,10,5,148,0
12,10,5,149,12
12,10,5,150,6
12,10,5,151,7
12,10,5,152,0
12,10,5,153,10
12,10,5,154,6
12,10,5,155,6
12,10,5,156,6
12,10,5,157,4
12,10,5,158,4
12,10,5,159,7
12,10,5,160,5
12,10,5,161,4
12,10,5,162,2
12,10,5,163,4
12,10,5,164,1
12,10,5,165,0
12,10,5,166,1
12,10,5,167,1
12,10,5,168,0
12,10,5,169,0
12,10,5,170,0
12,10,5,171,0
12,10,5,172,0
12,10,5,173,1
12,10,6,0,0
12,10,6,1,0
12,10,6,2,0
12,10,6,3,0
12,10,6,4,0
12,10,6,5,1
12,10,6,6,0
12,10,6,7,0
12,10,6,8,0
12,10,6,9,0
12,10,6,10,2
12,10,6,11,2
12,10,6,12,1
12,10,6,13,2
12,10,6,14,1
12,10,6,15,0
12,10,6,16,10
12,10,6,17,8
12,10,6,18,7
12,10,6,19,5
12,10,6,20,13
12,10,6,21,0
12,10,6,22,9
12,10,6,23,10
12,10,6,24,6
12,10,6,25,8
12,10,6,26,10
12,10,6,27,10
12,10,6,28,8
12,10,6,29,6
12,10,6,30,7
12,10,6,31,6
12,10,6,32,6
12,10,6,33,5
12,10,6,34,5
12,10,6,35,4
12,10,6,36,19
12,10,6,37,3
12,10,6,38,3
12,10,6,39,3
12,10,6,40,0
12,10,6,41,1
12,10,6,42,0
12,10,6,43,9
12,10,6,44,12
12,10,6,45,23
12,10,6,46,0
12,10,6,47,11
12,10,6,48,10
12,10,6,49,10
12,10,6,50,9
12,10,6,51,0
12,10,6,52,0
12,10,6,53,10
12,10,6,54,3
12,10,6,55,6
12,10,6,56,2
12,10,6,57,0
12,10,6,58,2
12,10,6,59,5
12,10,6,60,0
12,10,6,61,3
12,10,6,62,4
12,10,6,63,0
12,10,6,64,14
12,10,6,65,5
12,10,6,66,4
12,10,6,67,3
12,10,6,68,1
12,10,6,69,3
12,10,6,70,2
12,10,6,71,0
12,10,6,72,0
12,10,6,73,46
12,10,6,74,0
12,10,6,75,11
12,10,6,76,7
12,10,6,77,2
12,10,6,78,6
12,10,6,79,0
12,10,6,80,0
12,10,6,81,3
12,10,6,82,1
12,10,6,83,0
12,10,6,84,5
12,10,6,85,47
12,10,6,86,2
12,10,6,87,0
12,10,6,88,0
12,10,6,89,4
12,10,6,90,42
12,10,6,91,10
12,10,6,92,10
12,10,6,93,4
12,10,6,94,0
12,10,6,95,28
12,10,6,96,3
12,10,6,97,2
12,10,6,98,20
12,10,6,99,43
12,10,6,100,12
12,10,6,101,0
12,10,6,102,3
12,10,6,103,0
12,10,6,104,12
12,10,6,105,32
12,10,6,106,12
12,10,6,107,0
12,10,6,108,7
12,10,6,109,5
12,10,6,110,3
12,10,6,111,4
12,10,6,112,1
12,10,6,113,0
12,10,6,114,16
12,10,6,115,2
12,10,6,116,9
12,10,6,117,2
12,10,6,118,1
12,10,6,119,0
12,10,6,120,8
12,10,6,121,8
12,10,6,122,7
12,10,6,123,13
12,10,6,124,3
12,10,6,125,3
12,10,6,126,2
12,10,6,127,6
12,10,6,128,1
12,10,6,129,0
12,10,6,130,5
12,10,6,131,3
12,10,6,132,2
12,10,6,133,1
12,10,6,134,0
12,10,6,135,0
12,10,6,136,0
12,10,6,137,0
12,10,6,138,4
12,10,6,139,2
12,10,6,140,3
12,10,6,141,2
12,10,6,142,14
12,10,6,143,2
12,10,6,144,1
12,10,6,145,0
12,10,6,146,0
12,10,6,147,0
12,10,6,148,0
12,10,6,149,12
12,10,6,150,0
12,10,6,151,10
12,10,6,152,3
12,10,6,153,2
12,10,6,154,8
12,10,6,155,0
12,10,6,156,7
12,10,6,157,6
12,10,6,158,1
12,10,6,159,0
12,10,6,160,5
12,10,6,161,5
12,10,6,162,4
12,10,6,163,0
12,10,6,164,2
12,10,6,165,0
12,10,6,166,2
12,10,6,167,1
12,10,6,168,0
12,10,6,169,0
12,10,6,170,0
12,10,6,171,1
12,10,7,0,0
12,10,7,1,0
12,10,7,2,0
12,10,7,3,0
12,10,7,4,0
12,10,7,5,1
12,10,7,6,0
12,10,7,7,2
12,10,7,8,1
12,10,7,9,0
12,10,7,10,0
12,10,7,11,0
12,10,7,12,4
12,10,7,13,6
12,10,7,14,4
12,10,7,15,3
12,10,7,16,4
12,10,7,17,3
12,10,7,18,2
12,10,7,19,5
12,10,7,20,4
12,10,7,21,0
12,10,7,22,6
12,10,7,23,7
12,10,7,24,5
12,10,7,25,4
12,10,7,26,5
12,10,7,27,4
12,10,7,28,3
12,10,7,29,1
12,10,7,30,0
12,10,7,31,3
12,10,7,32,2
12,10,7,33,1
12,10,7,34,0
12,10,7,35,11
12,10,7,36,8
12,10,7,37,0
12,10,7,38,0
12,10,7,39,0
12,10,7,40,17
12,10,7,41,6
12,10,7,42,1
12,10,7,43,0
12,10,7,44,5
12,10,7,45,15
12,10,7,46,29
12,10,7,47,3
12,10,7,48,3
12,10,7,49,2
12,10,7,50,1
12,10,7,51,0
12,10,7,52,0
12,10,7,53,2
12,10,7,54,1
12,10,7,55,0
12,10,7,56,19
12,10,7,57,21
12,10,7,58,17
12,10,7,59,10
12,10,7,60,10
12,10,7,61,8
12,10,7,62,8
12,10,7,63,6
12,10,7,64,19
12,10,7,65,6
12,10,7,66,8
12,10,7,67,5
12,10,7,68,4
12,10,7,69,3
12,10,7,70,2
12,10,7,71,1
12,10,7,72,0
12,10,7,73,0
12,10,7,74,0
12,10,7,75,0
12,10,7,76,0
12,10,7,77,7
12,10,7,78,15
12,10,7,79,10
12,10,7,80,2
12,10,7,81,1
12,10,7,82,0
12,10,7,83,7
12,10,7,84,0
12,10,7,85,4
12,10,7,86,1
12,10,7,87,0
12,10,7,88,7
12,10,7,89,2
12,10,7,90,7
12,10,7,91,2
12,10,7,92,0
12,10,7,93,0
12,10,7,94,2
12,10,7,95,6
12,10,7,96,0
12,10,7,97,18
12,10,7,98,4
12,10,7,99,3
12,10,7,100,0
12,10,7,101,0
12,10,7,102,13
12,10,7,103,2
12,10,7,104,0
12,10,7,105,0
12,10,7,106,16
12,10,7,107,15
12,10,7,108,11
12,10,7,109,14
12,10,7,110,13
12,10,7,111,10
12,10,7,112,11
12,10,7,113,0
12,10,7,114,0
12,10,7,115,9
12,10,7,116,8
12,10,7,117,15
12,10,7,118,13
12,10,7,119,9
12,10,7,120,13
12,10,7,121,10
12,10,7,122,1
12,10,7,123,0
12,10,7,124,9
12,10,7,125,0
12,10,7,126,5
12,10,7,127,4
12,10,7,128,2
12,10,7,129,1
12,10,7,130,0
12,10,7,131,1
12,10,7,132,0
12,10,7,133,13
12,10,7,134,6
12,10,7,135,3
12,10,7,136,2
12,10,7,137,1
12,10,7,138,0
12,10,7,139,0
12,10,7,140,0
12,10,7,141,0
12,10,7,142,15
12,10,7,143,14
12,10,7,144,0
12,10,7,145,2
12,10,7,146,11
12,10,7,147,0
12,10,7,148,0
12,10,7,149,7
12,10,7,150,7
12,10,7,151,5
12,10,7,152,4
12,10,7,153,4
12,10,7,154,4
12,10,7,155,0
12,10,7,156,0
12,10,7,157,7
12,10,7,158,8
12,10,7,159,2
12,10,7,160,1
12,10,7,161,0
12,10,7,162,0
12,10,7,163,5
12,10,7,164,4
12,10,7,165,2
12,10,7,166,1
12,10,7,167,0
12,10,7,168,0
12,10,7,169,0
12,10,7,170,1
12,10,7,171,0
12,10,7,172,0
12,10,7,173,0
12,10,7,174,0
12,10,7,175,1
12,10,7,176,0
12,10,7,177,0
12,10,7,178,0
12,10,7,179,0
12,10,7,180,0
12,10,7,181,0
12,10,7,182,0
12,10,7,183,0
12,10,7,184,1
12,10,8,0,0
12,10,8,1,0
12,10,8,2,0
12,10,8,3,0
12,10,8,4,0
12,10,8,5,0
12,10,8,6,0
12,10,8,7,1
12,10,8,8,0
12,10,8,9,0
12,10,8,10,0
12,10,8,11,4
12,10,8,12,3
12,10,8,13,0
12,10,8,14,4
12,10,8,15,2
12,10,8,16,4
12,10,8,17,3
12,10,8,18,4
12,10,8,19,3
12,10,8,20,8
12,10,8,21,7
12,10,8,22,0
12,10,8,23,7
12,10,8,24,9
12,10,8,25,0
12,10,8,26,11
12,10,8,27,7
12,10,8,28,6
12,10,8,29,8
12,10,8,30,7
12,10,8,31,5
12,10,8,32,4
12,10,8,33,3
12,10,8,34,11
12,10,8,35,17
12,10,8,36,6
12,10,8,37,7
12,10,8,38,19
12,10,8,39,18
12,10,8,40,1
12,10,8,41,0
12,10,8,42,0
12,10,8,43,7
12,10,8,44,2
12,10,8,45,0
12,10,8,46,0
12,10,8,47,11
12,10,8,48,12
12,10,8,49,5
12,10,8,50,3
12,10,8,51,2
12,10,8,52,9
12,10,8,53,4
12,10,8,54,3
12,10,8,55,4
12,10,8,56,0
12,10,8,57,0
12,10,8,58,0
12,10,8,59,3
12,10,8,60,3
12,10,8,61,0
12,10,8,62,0
12,10,8,63,0
12,10,8,64,4
12,10,8,65,0
12,10,8,66,2
12,10,8,67,17
12,10,8,68,0
12,10,8,69,42
12,10,8,70,14
12,10,8,71,7
12,10,8,72,5
12,10,8,73,4
12,10,8,74,6
12,10,8,75,0
12,10,8,76,4
12,10,8,77,7
12,10,8,78,0
12,10,8,79,0
12,10,8,80,2
12,10,8,81,0
12,10,8,82,0
12,10,8,83,0
12,10,8,84,6
12,10,8,85,3
12,10,8,86,4
12,10,8,87,16
12,10,8,88,1
12,10,8,89,0
12,10,8,90,0
12,10,8,91,42
12,10,8,92,2
12,10,8,93,1
12,10,8,94,0
12,10,8,95,0
12,10,8,96,30
12,10,8,97,34
12,10,8,98,4
12,10,8,99,39
12,10,8,100,38
12,10,8,101,12
12,10,8,102,11
12,10,8,103,33
12,10,8,104,21
12,10,8,105,25
12,10,8,106,36
12,10,8,107,12
12,10,8,108,0
12,10,8,109,0
12,10,8,110,29
12,10,8,111,10
12,10,8,112,26
12,10,8,113,29
12,10,8,114,0
12,10,8,115,0
12,10,8,116,24
12,10,8,117,1
12,10,8,118,0
12,10,8,119,16
12,10,8,120,24
12,10,8,121,0
12,10,8,122,13
12,10,8,123,0
12,10,8,124,11
12,10,8,125,9
12,10,8,126,7
12,10,8,127,9
12,10,8,128,8
12,10,8,129,8
12,10,8,130,8
12,10,8,131,7
12,10,8,132,7
12,10,8,133,5
12,10,8,134,2
12,10,8,135,4
12,10,8,136,0
12,10,8,137,2
12,10,8,138,1
12,10,8,139,0
12,10,8,140,0
12,10,8,141,1
12,10,8,142,0
12,10,8,143,15
12,10,8,144,15
12,10,8,145,0
12,10,8,146,8
12,10,8,147,5
12,10,8,148,1
12,10,8,149,0
12,10,8,150,0
12,10,8,151,0
12,10,8,152,13
12,10,8,153,12
12,10,8,154,10
12,10,8,155,8
12,10,8,156,9
12,10,8,157,6
12,10,8,158,5
12,10,8,159,4
12,10,8,160,4
12,10,8,161,0
12,10,8,162,0
12,10,8,163,2
12,10,8,164,1
12,10,8,165,0
12,10,8,166,0
12,10,8,167,0
12,10,8,168,0
12,10,8,169,5
12,10,8,170,3
12,10,8,171,2
12,10,8,172,2
12,10,8,173,1
12,10,8,174,1
12,10,8,175,2
12,10,8,176,1
12,10,9,0,0
12,10,9,1,0
12,10,9,2,0
12,10,9,3,0
12,10,9,4,0
12,10,9,5,1
12,10,9,6,0
12,10,9,7,0
12,10,9,8,1
12,10,9,9,0
12,10,9,10,0
12,10,9,11,2
12,10,9,12,0
12,10,9,13,4
12,10,9,14,3
12,10,9,15,1
12,10,9,16,0
12,10,9,17,6
12,10,9,18,2
12,10,9,19,1
12,10,9,20,0
12,10,9,21,6
12,10,9,22,3
12,10,9,23,1
12,10,9,24,0
12,10,9,25,0
12,10,9,26,0
12,10,9,27,6
12,10,9,28,8
12,10,9,29,6
12,10,9,30,15
12,10,9,31,40
12,10,9,32,24
12,10,9,33,34
12,10,9,34,4
12,10,9,35,27
12,10,9,36,8
12,10,9,37,20
12,10,9,38,0
12,10,9,39,0
12,10,9,40,11
12,10,9,41,17
12,10,9,42,20
12,10,9,43,20
12,10,9,44,20
12,10,9,45,17
12,10,9,46,26
12,10,9,47,18
12,10,9,48,17
12,10,9,49,15
12,10,9,50,14
12,10,9,51,15
12,10,9,52,12
12,10,9,53,12
12,10,9,54,12
12,10,9,55,0
12,10,9,56,9
12,10,9,57,13
12,10,9,58,7
12,10,9,59,0
12,10,9,60,7
12,10,9,61,6
12,10,9,62,14
12,10,9,63,6
12,10,9,64,10
12,10,9,65,6
12,10,9,66,4
12,10,9,67,17
12,10,9,68,5
12,10,9,69,38
12,10,9,70,3
12,10,9,71,1
12,10,9,72,2
12,10,9,73,1
12,10,9,74,0
12,10,9,75,1
12,10,9,76,0
12,10,9,77,0
12,10,9,78,5
12,10,9,79,2
12,10,9,80,20
12,10,9,81,5
12,10,9,82,10
12,10,9,83,4
12,10,9,84,3
12,10,9,85,1
12,10,9,86,0
12,10,9,87,0
12,10,9,88,0
12,10,9,89,0
12,10,9,90,17
12,10,9,91,0
12,10,9,92,0
12,10,9,93,2
12,10,9,94,0
12,10,9,95,0
12,10,9,96,33
12,10,9,97,3
12,10,9,98,7
12,10,9,99,0
12,10,9,100,0
12,10,9,101,0
12,10,9,102,35
12,10,9,103,37
12,10,9,104,14
12,10,9,105,17
12,10,9,106,15
12,10,9,107,16
12,10,9,108,0
12,10,9,109,0
12,10,9,110,24
12,10,9,111,35
12,10,9,112,12
12,10,9,113,13
12,10,9,114,19
12,10,9,115,24
12,10,9,116,11
12,10,9,117,26
12,10,9,118,28
12,10,9,119,12
12,10,9,120,10
12,10,9,121,10
12,10,9,122,23
12,10,9,123,21
12,10,9,124,20
12,10,9,125,7
12,10,9,126,10
12,10,9,127,9
12,10,9,128,8
12,10,9,129,7
12,10,9,130,0
12,10,9,131,16
12,10,9,132,0
12,10,9,133,0
12,10,9,134,10
12,10,9,135,7
12,10,9,136,15
12,10,9,137,12
12,10,9,138,13
12,10,9,139,0
12,10,9,140,11
12,10,9,141,10
12,10,9,142,12
12,10,9,143,11
12,10,9,144,8
12,10,9,145,7
12,10,9,146,5
12,10,9,147,5
12,10,9,148,4
12,10,9,149,4
12,10,9,150,3
12,10,9,151,2
12,10,9,152,1
12,10,9,153,0
12,10,9,154,0
12,10,9,155,0
12,10,9,156,7
12,10,9,157,0
12,10,9,158,0
12,10,9,159,5
12,10,9,160,6
12,10,9,161,0
12,10,9,162,0
12,10,9,163,5
12,10,9,164,4
12,10,9,165,1
12,10,9,166,2
12,10,9,167,2
12,10,9,168,0
12,10,9,169,0
12,10,9,170,0
12,10,9,171,0
12,10,9,172,1
12,10,10,0,0
12,10,10,1,0
12,10,10,2,0
12,10,10,3,0
12,10,10,4,0
12,10,10,5,1
12,10,10,6,0
12,10,10,7,1
12,10,10,8,0
12,10,10,9,0
12,10,10,10,0
12,10,10,11,0
12,10,10,12,0
12,10,10,13,5
12,10,10,14,3
12,10,10,15,4
12,10,10,16,4
12,10,10,17,3
12,10,10,18,2
12,10,10,19,1
12,10,10,20,0
12,10,10,21,0
12,10,10,22,0
12,10,10,23,9
12,10,10,24,10
12,10,10,25,5
12,10,10,26,8
12,10,10,27,19
12,10,10,28,30
12,10,10,29,10
12,10,10,30,10
12,10,10,31,28
12,10,10,32,5
12,10,10,33,4
12,10,10,34,22
12,10,10,35,15
12,10,10,36,25
12,10,10,37,24
12,10,10,38,25
12,10,10,39,11
12,10,10,40,12
12,10,10,41,3
12,10,10,42,2
12,10,10,43,1
12,10,10,44,0
12,10,10,45,0
12,10,10,46,0
12,10,10,47,11
12,10,10,48,0
12,10,10,49,0
12,10,10,50,21
12,10,10,51,13
12,10,10,52,19
12,10,10,53,17
12,10,10,54,0
12,10,10,55,15
12,10,10,56,0
12,10,10,57,14
12,10,10,58,15
12,10,10,59,15
12,10,10,60,10
12,10,10,61,7
12,10,10,62,37
12,10,10,63,12
12,10,10,64,9
12,10,10,65,8
12,10,10,66,19
12,10,10,67,2
12,10,10,68,12
12,10,10,69,13
12,10,10,70,0
12,10,10,71,13
12,10,10,72,12
12,10,10,73,12
12,10,10,74,11
12,10,10,75,2
12,10,10,76,9
12,10,10,77,8
12,10,10,78,8
12,10,10,79,7
12,10,10,80,9
12,10,10,81,8
12,10,10,82,2
12,10,10,83,10
12,10,10,84,10
12,10,10,85,1
12,10,10,86,0
12,10,10,87,0
12,10,10,88,4
12,10,10,89,0
12,10,10,90,0
12,10,10,91,3
12,10,10,92,2
12,10,10,93,0
12,10,10,94,0
12,10,10,95,1
12,10,10,96,0
12,10,10,97,29
12,10,10,98,11
12,10,10,99,5
12,10,10,100,3
12,10,10,101,2
12,10,10,102,12
12,10,10,103,0
12,10,10,104,0
12,10,10,105,8
12,10,10,106,6
12,10,10,107,1
12,10,10,108,0
12,10,10,109,12
12,10,10,110,10
12,10,10,111,0
12,10,10,112,10
12,10,10,113,9
12,10,10,114,26
12,10,10,115,1
12,10,10,116,0
12,10,10,117,25
12,10,10,118,4
12,10,10,119,3
12,10,10,120,2
12,10,10,121,6
12,10,10,122,0
12,10,10,123,0
12,10,10,124,2
12,10,10,125,1
12,10,10,126,5
12,10,10,127,1
12,10,10,128,0
12,10,10,129,2
12,10,10,130,10
12,10,10,131,9
12,10,10,132,0
12,10,10,133,0
12,10,10,134,11
12,10,10,135,7
12,10,10,136,19
12,10,10,137,1
12,10,10,138,0
12,10,10,139,0
12,10,10,140,18
12,10,10,141,16
12,10,10,142,19
12,10,10,143,0
12,10,10,144,6
12,10,10,145,15
12,10,10,146,13
12,10,10,147,0
12,10,10,148,12
12,10,10,149,10
12,10,10,150,10
12,10,10,151,8
12,10,10,152,7
12,10,10,153,8
12,10,10,154,9
12,10,10,155,10
12,10,10,156,5
12,10,10,157,4
12,10,10,158,5
12,10,10,159,3
12,10,10,160,5
12,10,10,161,3
12,10,10,162,1
12,10,10,163,0
12,10,10,164,1
12,10,10,165,0
12,10,10,166,0
12,10,10,167,0
12,10,10,168,0
12,10,10,169,0
12,10,10,170,1
12,10,11,0,0
12,10,11,1,0
12,10,11,2,0
12,10,11,3,0
12,10,11,4,0
12,10,11,5,0
12,10,11,6,0
12,10,11,7,1
12,10,11,8,0
12,10,11,9,0
12,10,11,10,2
12,10,11,11,1
12,10,11,12,5
12,10,11,13,4
12,10,11,14,7
12,10,11,15,0
12,10,11,16,9
12,10,11,17,8
12,10,11,18,9
12,10,11,19,7
12,10,11,20,4
12,10,11,21,5
12,10,11,22,9
12,10,11,23,6
12,10,11,24,7
12,10,11,25,6
12,10,11,26,17
12,10,11,27,16
12,10,11,28,7
12,10,11,29,5
12,10,11,30,16
12,10,11,31,13
12,10,11,32,12
12,10,11,33,1
12,10,11,34,10
12,10,11,35,11
12,10,11,36,7
12,10,11,37,13
12,10,11,38,0
12,10,11,39,8
12,10,11,40,4
12,10,11,41,12
12,10,11,42,12
12,10,11,43,5
12,10,11,44,8
12,10,11,45,8
12,10,11,46,7
12,10,11,47,0
12,10,11,48,7
12,10,11,49,7
12,10,11,50,5
12,10,11,51,0
12,10,11,52,5
12,10,11,53,7
12,10,11,54,3
12,10,11,55,2
12,10,11,56,0
12,10,11,57,0
12,10,11,58,2
12,10,11,59,5
12,10,11,60,4
12,10,11,61,0
12,10,11,62,0
12,10,11,63,0
12,10,11,64,0
12,10,11,65,0
12,10,11,66,3
12,10,11,67,0
12,10,11,68,2
12,10,11,69,1
12,10,11,70,16
12,10,11,71,4
12,10,11,72,3
12,10,11,73,14
12,10,11,74,55
12,10,11,75,23
12,10,11,76,22
12,10,11,77,2
12,10,11,78,5
12,10,11,79,1
12,10,11,80,0
12,10,11,81,3
12,10,11,82,0
12,10,11,83,22
12,10,11,84,0
12,10,11,85,0
12,10,11,86,3
12,10,11,87,19
12,10,11,88,18
12,10,11,89,16
12,10,11,90,1
12,10,11,91,0
12,10,11,92,0
12,10,11,93,0
12,10,11,94,12
12,10,11,95,12
12,10,11,96,13
12,10,11,97,13
12,10,11,98,0
12,10,11,99,7
12,10,11,100,20
12,10,11,101,0
12,10,11,102,17
12,10,11,103,24
12,10,11,104,10
12,10,11,105,9
12,10,11,106,8
12,10,11,107,8
12,10,11,108,0
12,10,11,109,9
12,10,11,110,6
12,10,11,111,4
12,10,11,112,4
12,10,11,113,1
12,10,11,114,20
12,10,11,115,2
12,10,11,116,5
12,10,11,117,3
12,10,11,118,2
12,10,11,119,1
12,10,11,120,0
12,10,11,121,0
12,10,11,122,0
12,10,11,123,1
12,10,11,124,0
12,10,11,125,18
12,10,11,126,2
12,10,11,127,0
12,10,11,128,0
12,10,11,129,16
12,10,11,130,21
12,10,11,131,3
12,10,11,132,11
12,10,11,133,18
12,10,11,134,6
12,10,11,135,1
12,10,11,136,0
12,10,11,137,19
12,10,11,138,19
12,10,11,139,0
12,10,11,140,0
12,10,11,141,0
12,10,11,142,1
12,10,11,143,0
12,10,11,144,4
12,10,11,145,14
12,10,11,146,18
12,10,11,147,0
12,10,11,148,0
12,10,11,149,16
12,10,11,150,14
12,10,11,151,15
12,10,11,152,13
12,10,11,153,10
12,10,11,154,11
12,10,11,155,11
12,10,11,156,3
12,10,11,157,5
12,10,11,158,8
12,10,11,159,4
12,10,11,160,4
12,10,11,161,0
12,10,11,162,3
12,10,11,163,0
12,10,11,164,5
12,10,11,165,4
12,10,11,166,4
12,10,11,167,3
12,10,11,168,3
12,10,11,169,2
12,10,11,170,1
12,10,12,0,0
12,10,12,1,0
12,10,12,2,0
12,10,12,3,0
12,10,12,4,0
12,10,12,5,0
12,10,12,6,0
12,10,12,7,0
12,10,12,8,0
12,10,12,9,0
12,10,12,10,0
12,10,12,11,3
12,10,12,12,2
12,10,12,13,1
12,10,12,14,0
12,10,12,15,0
12,10,12,16,0
12,10,12,17,11
12,10,12,18,13
12,10,12,19,6
12,10,12,20,0
12,10,12,21,12
12,10,12,22,8
12,10,12,23,9
12,10,12,24,9
12,10,12,25,7
12,10,12,26,9
12,10,12,27,9
12,10,12,28,9
12,10,12,29,6
12,10,12,30,7
12,10,12,31,20
12,10,12,32,34
12,10,12,33,5
12,10,12,34,19
12,10,12,35,19
12,10,12,36,4
12,10,12,37,2
12,10,12,38,15
12,10,12,39,29
12,10,12,40,7
12,10,12,41,4
12,10,12,42,6
12,10,12,43,17
12,10,12,44,6
12,10,12,45,4
12,10,12,46,9
12,10,12,47,3
12,10,12,48,10
12,10,12,49,16
12,10,12,50,14
12,10,12,51,5
12,10,12,52,3
12,10,12,53,13
12,10,12,54,0
12,10,12,55,1
12,10,12,56,0
12,10,12,57,13
12,10,12,58,10
12,10,12,59,8
12,10,12,60,7
12,10,12,61,0
12,10,12,62,10
12,10,12,63,0
12,10,12,64,5
12,10,12,65,2
12,10,12,66,14
12,10,12,67,7
12,10,12,68,6
12,10,12,69,5
12,10,12,70,4
12,10,12,71,0
12,10,12,72,1
12,10,12,73,0
12,10,12,74,0
12,10,12,75,0
12,10,12,76,2
12,10,12,77,1
12,10,12,78,0
12,10,12,79,0
12,10,12,80,14
12,10,12,81,8
12,10,12,82,35
12,10,12,83,1
12,10,12,84,0
12,10,12,85,8
12,10,12,86,0
12,10,12,87,7
12,10,12,88,6
12,10,12,89,16
12,10,12,90,7
12,10,12,91,7
12,10,12,92,11
12,10,12,93,6
12,10,12,94,5
12,10,12,95,4
12,10,12,96,2
12,10,12,97,2
12,10,12,98,3
12,10,12,99,3
12,10,12,100,1
12,10,12,101,0
12,10,12,102,0
12,10,12,103,0
12,10,12,104,0
12,10,12,105,4
12,10,12,106,4
12,10,12,107,3
12,10,12,108,2
12,10,12,109,27
12,10,12,110,12
12,10,12,111,22
12,10,12,112,11
12,10,12,113,5
12,10,12,114,0
12,10,12,115,4
12,10,12,116,27
12,10,12,117,6
12,10,12,118,10
12,10,12,119,9
12,10,12,120,18
12,10,12,121,19
12,10,12,122,20
12,10,12,123,3
12,10,12,124,21
12,10,12,125,5
12,10,12,126,3
12,10,12,127,0
12,10,12,128,17
12,10,12,129,14
12,10,12,130,1
12,10,12,131,0
12,10,12,132,5
12,10,12,133,7
12,10,12,134,13
12,10,12,135,17
12,10,12,136,1
12,10,12,137,0
12,10,12,138,7
12,10,12,139,15
12,10,12,140,0
12,10,12,141,7
12,10,12,142,10
12,10,12,143,8
12,10,12,144,6
12,10,12,145,5
12,10,12,146,4
12,10,12,147,5
12,10,12,148,4
12,10,12,149,4
12,10,12,150,3
12,10,12,151,2
12,10,12,152,1
12,10,12,153,0
12,10,12,154,0
12,10,12,155,0
12,10,12,156,0
12,10,12,157,0
12,10,12,158,0
12,10,12,159,4
12,10,12,160,0
12,10,12,161,3
12,10,12,162,2
12,10,12,163,0
12,10,12,164,0
12,10,12,165,0
12,10,12,166,1
12,10,12,167,0
12,10,12,168,0
12,10,12,169,1
12,15,1,0,0
12,15,1,1,0
12,15,1,2,0
12,15,1,3,0
12,15,1,4,0
12,15,1,5,3
12,15,1,6,1
12,15,1,7,0
12,15,1,8,1
12,15,1,9,0
12,15,1,10,0
12,15,1,11,7
12,15,1,12,11
12,15,1,13,3
12,15,1,14,1
12,15,1,15,0
12,15,1,16,7
12,15,1,17,11
12,15,1,18,9
12,15,1,19,9
12,15,1,20,9
12,15,1,21,13
12,15,1,22,10
12,15,1,23,9
12,15,1,24,7
12,15,1,25,7
12,15,1,26,13
12,15,1,27,14
12,15,1,28,12
12,15,1,29,10
12,15,1,30,15
12,15,1,31,17
12,15,1,32,34
12,15,1,33,33
12,15,1,34,15
12,15,1,35,6
12,15,1,36,51
12,15,1,37,13
12,15,1,38,9
12,15,1,39,29
12,15,1,40,22
12,15,1,41,88
12,15,1,42,64
12,15,1,43,51
12,15,1,44,24
12,15,1,45,53
12,15,1,46,49
12,15,1,47,28
12,15,1,48,54
12,15,1,49,84
12,15,1,50,3
12,15,1,51,58
12,15,1,52,22
12,15,1,53,0
12,15,1,54,25
12,15,1,55,23
12,15,1,56,48
12,15,1,57,24
12,15,1,58,19
12,15,1,59,17
12,15,1,60,77
12,15,1,61,44
12,15,1,62,14
12,15,1,63,26
12,15,1,64,27
12,15,1,65,45
12,15,1,66,61
12,15,1,67,29
12,15,1,68,23
12,15,1,69,15
12,15,1,70,16
12,15,1,71,17
12,15,1,72,43
12,15,1,73,38
12,15,1,74,20
12,15,1,75,19
12,15,1,76,86
12,15,1,77,35
12,15,1,78,80
12,15,1,79,89
12,15,1,80,25
12,15,1,81,33
12,15,1,82,77
12,15,1,83,78
12,15,1,84,71
12,15,1,85,27
12,15,1,86,40
12,15,1,87,26
12,15,1,88,41
12,15,1,89,13
12,15,1,90,13
12,15,1,91,44
12,15,1,92,38
12,15,1,93,7
12,15,1,94,7
12,15,1,95,11
12,15,1,96,13
12,15,1,97,67
12,15,1,98,29
12,15,1,99,19
12,15,1,100,15
12,15,1,101,28
12,15,1,102,31
12,15,1,103,67
12,15,1,104,26
12,15,1,105,65
12,15,1,106,19
12,15,1,107,42
12,15,1,108,62
12,15,1,109,15
12,15,1,110,26
12,15,1,111,12
12,15,1,112,9
12,15,1,113,8
12,15,1,114,7
12,15,1,115,57
12,15,1,116,7
12,15,1,117,51
12,15,1,118,52
12,15,1,119,3
12,15,1,120,49
12,15,1,121,51
12,15,1,122,31
12,15,1,123,1
12,15,1,124,0
12,15,1,125,0
12,15,1,126,29
12,15,1,127,9
12,15,1,128,19
12,15,1,129,46
12,15,1,130,44
12,15,1,131,0
12,15,1,132,6
12,15,1,133,3
12,15,1,134,26
12,15,1,135,44
12,15,1,136,18
12,15,1,137,44
12,15,1,138,0
12,15,1,139,32
12,15,1,140,23
12,15,1,141,0
12,15,1,142,26
12,15,1,143,3
12,15,1,144,1
12,15,1,145,0
12,15,1,146,0
12,15,1,147,0
12,15,1,148,2
12,15,1,149,37
12,15,1,150,1
12,15,1,151,2
12,15,1,152,17
12,15,1,153,0
12,15,1,154,33
12,15,1,155,24
12,15,1,156,28
12,15,1,157,22
12,15,1,158,30
12,15,1,159,26
12,15,1,160,26
12,15,1,161,22
12,15,1,162,26
12,15,1,163,24
12,15,1,164,28
12,15,1,165,26
12,15,1,166,25
12,15,1,167,24
12,15,1,168,13
12,15,1,169,20
12,15,1,170,6
12,15,1,171,15
12,15,1,172,20
12,15,1,173,12
12,15,1,174,11
12,15,1,175,18
12,15,1,176,18
12,15,1,177,16
12,15,1,178,6
12,15,1,179,0
12,15,1,180,7
12,15,1,181,5
12,15,1,182,12
12,15,1,183,13
12,15,1,184,11
12,15,1,185,13
12,15,1,186,12
12,15,1,187,9
12,15,1,188,8
12,15,1,189,0
12,15,1,190,1
12,15,1,191,0
12,15,1,192,6
12,15,1,193,5
12,15,1,194,5
12,15,1,195,4
12,15,1,196,2
12,15,1,197,2
12,15,1,198,1
12,15,1,199,0
12,15,1,200,0
12,15,1,201,1
12,15,1,202,0
12,15,1,203,0
12,15,1,204,1
12,15,1,205,0
12,15,1,206,0
12,15,1,207,0
12,15,1,208,0
12,15,1,209,0
12,15,1,210,0
12,15,1,211,0
12,15,1,212,1
12,15,2,0,0
12,15,2,1,0
12,15,2,2,0
12,15,2,3,0
12,15,2,4,0
12,15,2,5,2
12,15,2,6,0
12,15,2,7,0
12,15,2,8,4
12,15,2,9,3
12,15,2,10,2
12,15,2,11,1
12,15,2,12,0
12,15,2,13,0
12,15,2,14,9
12,15,2,15,1
12,15,2,16,0
12,15,2,17,18
12,15,2,18,17
12,15,2,19,11
12,15,2,20,10
12,15,2,21,14
12,15,2,22,12
12,15,2,23,13
12,15,2,24,9
12,15,2,25,11
12,15,2,26,6
12,15,2,27,33
12,15,2,28,8
12,15,2,29,9
12,15,2,30,7
12,15,2,31,7
12,15,2,32,34
12,15,2,33,34
12,15,2,34,104
12,15,2,35,33
12,15,2,36,30
12,15,2,37,28
12,15,2,38,27
12,15,2,39,30
12,15,2,40,101
12,15,2,41,30
12,15,2,42,21
12,15,2,43,97
12,15,2,44,26
12,15,2,45,53
12,15,2,46,18
12,15,2,47,103
12,15,2,48,46
12,15,2,49,70
12,15,2,50,72
12,15,2,51,91
12,15,2,52,72
12,15,2,53,55
12,15,2,54,53
12,15,2,55,22
12,15,2,56,19
12,15,2,57,21
12,15,2,58,21
12,15,2,59,17
12,15,2,60,18
12,15,2,61,19
12,15,2,62,19
12,15,2,63,15
12,15,2,64,89
12,15,2,65,14
12,15,2,66,89
12,15,2,67,12
12,15,2,68,13
12,15,2,69,71
12,15,2,70,34
12,15,2,71,15
12,15,2,72,10
12,15,2,73,11
12,15,2,74,8
12,15,2,75,9
12,15,2,76,7
12,15,2,77,14
12,15,2,78,12
12,15,2,79,13
12,15,2,80,76
12,15,2,81,10
12,15,2,82,28
12,15,2,83,37
12,15,2,84,19
12,15,2,85,27
12,15,2,86,28
12,15,2,87,22
12,15,2,88,73
12,15,2,89,52
12,15,2,90,26
12,15,2,91,72
12,15,2,92,70
12,15,2,93,15
12,15,2,94,9
12,15,2,95,9
12,15,2,96,25
12,15,2,97,68
12,15,2,98,61
12,15,2,99,12
12,15,2,100,21
12,15,2,101,62
12,15,2,102,27
12,15,2,103,27
12,15,2,104,57
12,15,2,105,2
12,15,2,106,0
12,15,2,107,55
12,15,2,108,0
12,15,2,109,59
12,15,2,110,61
12,15,2,111,59
12,15,2,112,18
12,15,2,113,13
12,15,2,114,58
12,15,2,115,56
12,15,2,116,54
12,15,2,117,20
12,15,2,118,8
12,15,2,119,58
12,15,2,120,6
12,15,2,121,24
12,15,2,122,3
12,15,2,123,49
12,15,2,124,3
12,15,2,125,43
12,15,2,126,41
12,15,2,127,41
12,15,2,128,51
12,15,2,129,18
12,15,2,130,17
12,15,2,131,45
12,15,2,132,30
12,15,2,133,43
12,15,2,134,44
12,15,2,135,44
12,15,2,136,0
12,15,2,137,38
12,15,2,138,1
12,15,2,139,16
12,15,2,140,41
12,15,2,141,40
12,15,2,142,8
12,15,2,143,14
12,15,2,144,14
12,15,2,145,3
12,15,2,146,2
12,15,2,147,36
12,15,2,148,0
12,15,2,149,0
12,15,2,150,8
12,15,2,151,0
12,15,2,152,0
12,15,2,153,23
12,15,2,154,13
12,15,2,155,26
12,15,2,156,34
12,15,2,157,31
12,15,2,158,32
12,15,2,159,2
12,15,2,160,28
12,15,2,161,20
12,15,2,162,26
12,15,2,163,11
12,15,2,164,16
12,15,2,165,26
12,15,2,166,8
12,15,2,167,23
12,15,2,168,23
12,15,2,169,20
12,15,2,170,21
12,15,2,171,21
12,15,2,172,16
12,15,2,173,11
12,15,2,174,18
12,15,2,175,13
12,15,2,176,13
12,15,2,177,12
12,15,2,178,15
12,15,2,179,12
12,15,2,180,12
12,15,2,181,9
12,15,2,182,8
12,15,2,183,7
12,15,2,184,6
12,15,2,185,12
12,15,2,186,10
12,15,2,187,10
12,15,2,188,9
12,15,2,189,7
12,15,2,190,6
12,15,2,191,6
12,15,2,192,4
12,15,2,193,3
12,15,2,194,4
12,15,2,195,2
12,15,2,196,2
12,15,2,197,1
12,15,3,0,0
12,15,3,1,0
12,15,3,2,0
12,15,3,3,0
12,15,3,4,0
12,15,3,5,0
12,15,3,6,0
12,15,3,7,4
12,15,3,8,3
12,15,3,9,1
12,15,3,10,0
12,15,3,11,0
12,15,3,12,0
12,15,3,13,14
12,15,3,14,4
12,15,3,15,6
12,15,3,16,5
12,15,3,17,12
12,15,3,18,14
12,15,3,19,14
12,15,3,20,18
12,15,3,21,13
12,15,3,22,15
12,15,3,23,14
12,15,3,24,13
12,15,3,25,12
12,15,3,26,14
12,15,3,27,9
12,15,3,28,9
12,15,3,29,13
12,15,3,30,12
12,15,3,31,110
12,15,3,32,10
12,15,3,33,34
12,15,3,34,11
12,15,3,35,78
12,15,3,36,74
12,15,3,37,47
12,15,3,38,99
12,15,3,39,68
12,15,3,40,26
12,15,3,41,104
12,15,3,42,29
12,15,3,43,26
12,15,3,44,71
12,15,3,45,70
12,15,3,46,99
12,15,3,47,82
12,15,3,48,82
12,15,3,49,18
12,15,3,50,44
12,15,3,51,103
12,15,3,52,53
12,15,3,53,62
12,15,3,54,9
12,15,3,55,57
12,15,3,56,8
12,15,3,57,83
12,15,3,58,50
12,15,3,59,29
12,15,3,60,88
12,15,3,61,14
12,15,3,62,12
12,15,3,63,31
12,15,3,64,28
12,15,3,65,23
12,15,3,66,24
12,15,3,67,26
12,15,3,68,85
12,15,3,69,88
12,15,3,70,60
12,15,3,71,26
12,15,3,72,25
12,15,3,73,22
12,15,3,74,79
12,15,3,75,80
12,15,3,76,83
12,15,3,77,56
12,15,3,78,56
12,15,3,79,16
12,15,3,80,13
12,15,3,81,46
12,15,3,82,12
12,15,3,83,51
12,15,3,84,83
12,15,3,85,11
12,15,3,86,9
12,15,3,87,8
12,15,3,88,24
12,15,3,89,23
12,15,3,90,24
12,15,3,91,12
12,15,3,92,11
12,15,3,93,15
12,15,3,94,65
12,15,3,95,10
12,15,3,96,9
12,15,3,97,6
12,15,3,98,18
12,15,3,99,9
12,15,3,100,17
12,15,3,101,4
12,15,3,102,17
12,15,3,103,15
12,15,3,104,17
12,15,3,105,9
12,15,3,106,37
12,15,3,107,64
12,15,3,108,61
12,15,3,109,29
12,15,3,110,15
12,15,3,111,54
12,15,3,112,26
12,15,3,113,15
12,15,3,114,51
12,15,3,115,2
12,15,3,116,5
12,15,3,117,4
12,15,3,118,13
12,15,3,119,2
12,15,3,120,35
12,15,3,121,51
12,15,3,122,52
12,15,3,123,45
12,15,3,124,48
12,15,3,125,5
12,15,3,126,5
12,15,3,127,6
12,15,3,128,8
12,15,3,129,41
12,15,3,130,10
12,15,3,131,8
12,15,3,132,43
12,15,3,133,39
12,15,3,134,42
12,15,3,135,3
12,15,3,136,37
12,15,3,137,39
12,15,3,138,0
12,15,3,139,39
12,15,3,140,38
12,15,3,141,0
12,15,3,142,2
12,15,3,143,23
12,15,3,144,36
12,15,3,145,35
12,15,3,146,1
12,15,3,147,0
12,15,3,148,33
12,15,3,149,0
12,15,3,150,32
12,15,3,151,1
12,15,3,152,0
12,15,3,153,33
12,15,3,154,32
12,15,3,155,26
12,15,3,156,24
12,15,3,157,22
12,15,3,158,0
12,15,3,159,24
12,15,3,160,25
12,15,3,161,23
12,15,3,162,23
12,15,3,163,22
12,15,3,164,3
12,15,3,165,19
12,15,3,166,2
12,15,3,167,18
12,15,3,168,4
12,15,3,169,8
12,15,3,170,0
12,15,3,171,0
12,15,3,172,14
12,15,3,173,19
12,15,3,174,18
12,15,3,175,18
12,15,3,176,16
12,15,3,177,5
12,15,3,178,7
12,15,3,179,7
12,15,3,180,4
12,15,3,181,14
12,15,3,182,11
12,15,3,183,12
12,15,3,184,13
12,15,3,185,11
12,15,3,186,8
12,15,3,187,7
12,15,3,188,5
12,15,3,189,1
12,15,3,190,0
12,15,3,191,4
12,15,3,192,4
12,15,3,193,0
12,15,3,194,7
12,15,3,195,2
12,15,3,196,0
12,15,3,197,5
12,15,3,198,2
12,15,3,199,3
12,15,3,200,0
12,15,3,201,0
12,15,3,202,0
12,15,3,203,0
12,15,3,204,0
12,15,3,205,2
12,15,3,206,1
12,15,4,0,0
12,15,4,1,0
12,15,4,2,0
12,15,4,3,0
12,15,4,4,0
12,15,4,5,0
12,15,4,6,5
12,15,4,7,3
12,15,4,8,3
12,15,4,9,2
12,15,4,10,1
12,15,4,11,0
12,15,4,12,0
12,15,4,13,1
12,15,4,14,0
12,15,4,15,14
12,15,4,16,8
12,15,4,17,6
12,15,4,18,12
12,15,4,19,14
12,15,4,20,13
12,15,4,21,11
12,15,4,22,11
12,15,4,23,26
12,15,4,24,11
12,15,4,25,11
12,15,4,26,9
12,15,4,27,15
12,15,4,28,68
12,15,4,29,9
12,15,4,30,9
12,15,4,31,14
12,15,4,32,73
12,15,4,33,30
12,15,4,34,8
12,15,4,35,27
12,15,4,36,32
12,15,4,37,64
12,15,4,38,29
12,15,4,39,27
12,15,4,40,55
12,15,4,41,6
12,15,4,42,17
12,15,4,43,27
12,15,4,44,25
12,15,4,45,10
12,15,4,46,30
12,15,4,47,8
12,15,4,48,6
12,15,4,49,9
12,15,4,50,24
12,15,4,51,16
12,15,4,52,78
12,15,4,53,82
12,15,4,54,60
12,15,4,55,96
12,15,4,56,46
12,15,4,57,97
12,15,4,58,95
12,15,4,59,90
12,15,4,60,38
12,15,4,61,48
12,15,4,62,97
12,15,4,63,3
12,15,4,64,87
12,15,4,65,83
12,15,4,66,10
12,15,4,67,17
12,15,4,68,62
12,15,4,69,65
12,15,4,70,84
12,15,4,71,63
12,15,4,72,59
12,15,4,73,80
12,15,4,74,29
12,15,4,75,25
12,15,4,76,76
12,15,4,77,39
12,15,4,78,58
12,15,4,79,76
12,15,4,80,75
12,15,4,81,72
12,15,4,82,74
12,15,4,83,0
12,15,4,84,15
12,15,4,85,18
12,15,4,86,34
12,15,4,87,60
12,15,4,88,57
12,15,4,89,51
12,15,4,90,12
12,15,4,91,54
12,15,4,92,16
12,15,4,93,18
12,15,4,94,66
12,15,4,95,16
12,15,4,96,42
12,15,4,97,39
12,15,4,98,5
12,15,4,99,44
12,15,4,100,50
12,15,4,101,46
12,15,4,102,34
12,15,4,103,61
12,15,4,104,60
12,15,4,105,64
12,15,4,106,59
12,15,4,107,47
12,15,4,108,49
12,15,4,109,32
12,15,4,110,4
12,15,4,111,51
12,15,4,112,50
12,15,4,113,10
12,15,4,114,27
12,15,4,115,48
12,15,4,116,43
12,15,4,117,43
12,15,4,118,34
12,15,4,119,52
12,15,4,120,42
12,15,4,121,50
12,15,4,122,53
12,15,4,123,31
12,15,4,124,0
12,15,4,125,10
12,15,4,126,43
12,15,4,127,34
12,15,4,128,20
12,15,4,129,43
12,15,4,130,36
12,15,4,131,46
12,15,4,132,39
12,15,4,133,35
12,15,4,134,36
12,15,4,135,25
12,15,4,136,40
12,15,4,137,38
12,15,4,138,36
12,15,4,139,28
12,15,4,140,36
12,15,4,141,29
12,15,4,142,21
12,15,4,143,21
12,15,4,144,20
12,15,4,145,38
12,15,4,146,23
12,15,4,147,19
12,15,4,148,5
12,15,4,149,4
12,15,4,150,30
12,15,4,151,28
12,15,4,152,19
12,15,4,153,0
12,15,4,154,20
12,15,4,155,27
12,15,4,156,20
12,15,4,157,20
12,15,4,158,24
12,15,4,159,22
12,15,4,160,24
12,15,4,161,25
12,15,4,162,11
12,15,4,163,22
12,15,4,164,22
12,15,4,165,20
12,15,4,166,21
12,15,4,167,0
12,15,4,168,16
12,15,4,169,13
12,15,4,170,16
12,15,4,171,13
12,15,4,172,13
12,15,4,173,12
12,15,4,174,13
12,15,4,175,14
12,15,4,176,12
12,15,4,177,3
12,15,4,178,10
12,15,4,179,11
12,15,4,180,9
12,15,4,181,11
12,15,4,182,9
12,15,4,183,7
12,15,4,184,5
12,15,4,185,4
12,15,4,186,4
12,15,4,187,4
12,15,4,188,5
12,15,4,189,4
12,15,4,190,1
12,15,4,191,0
12,15,4,192,1
12,15,4,193,0
12,15,4,194,0
12,15,4,195,0
12,15,4,196,2
12,15,4,197,1
12,15,5,0,0
12,15,5,1,0
12,15,5,2,0
12,15,5,3,0
12,15,5,4,0
12,15,5,5,0
12,15,5,6,0
12,15,5,7,3
12,15,5,8,2
12,15,5,9,1
12,15,5,10,0
12,15,5,11,1
12,15,5,12,0
12,15,5,13,1
12,15,5,14,0
12,15,5,15,9
12,15,5,16,8
12,15,5,17,7
12,15,5,18,0
12,15,5,19,0
12,15,5,20,18
12,15,5,21,12
12,15,5,22,19
12,15,5,23,18
12,15,5,24,17
12,15,5,25,15
12,15,5,26,15
12,15,5,27,15
12,15,5,28,15
12,15,5,29,32
12,15,5,30,14
12,15,5,31,14
12,15,5,32,14
12,15,5,33,57
12,15,5,34,10
12,15,5,35,72
12,15,5,36,57
12,15,5,37,68
12,15,5,38,66
12,15,5,39,42
12,15,5,40,12
12,15,5,41,60
12,15,5,42,60
12,15,5,43,51
12,15,5,44,106
12,15,5,45,38
12,15,5,46,36
12,15,5,47,41
12,15,5,48,41
12,15,5,49,9
12,15,5,50,34
12,15,5,51,8
12,15,5,52,62
12,15,5,53,6
12,15,5,54,91
12,15,5,55,97
12,15,5,56,60
12,15,5,57,100
12,15,5,58,89
12,15,5,59,59
12,15,5,60,62
12,15,5,61,29
12,15,5,62,60
12,15,5,63,54
12,15,5,64,91
12,15,5,65,22
12,15,5,66,38
12,15,5,67,24
12,15,5,68,23
12,15,5,69,89
12,15,5,70,80
12,15,5,71,88
12,15,5,72,23
12,15,5,73,82
12,15,5,74,39
12,15,5,75,22
12,15,5,76,21
12,15,5,77,69
12,15,5,78,15
12,15,5,79,36
12,15,5,80,61
12,15,5,81,77
12,15,5,82,76
12,15,5,83,73
12,15,5,84,66
12,15,5,85,36
12,15,5,86,16
12,15,5,87,47
12,15,5,88,0
12,15,5,89,0
12,15,5,90,16
12,15,5,91,14
12,15,5,92,36
12,15,5,93,33
12,15,5,94,33
12,15,5,95,69
12,15,5,96,57
12,15,5,97,4
12,15,5,98,67
12,15,5,99,33
12,15,5,100,66
12,15,5,101,70
12,15,5,102,70
12,15,5,103,66
12,15,5,104,65
12,15,5,105,0
12,15,5,106,57
12,15,5,107,60
12,15,5,108,61
12,15,5,109,37
12,15,5,110,30
12,15,5,111,49
12,15,5,112,53
12,15,5,113,45
12,15,5,114,56
12,15,5,115,56
12,15,5,116,58
12,15,5,117,54
12,15,5,118,51
12,15,5,119,28
12,15,5,120,27
12,15,5,121,6
12,15,5,122,22
12,15,5,123,49
12,15,5,124,46
12,15,5,125,18
12,15,5,126,23
12,15,5,127,0
12,15,5,128,47
12,15,5,129,3
12,15,5,130,19
12,15,5,131,46
12,15,5,132,36
12,15,5,133,31
12,15,5,134,43
12,15,5,135,41
12,15,5,136,45
12,15,5,137,31
12,15,5,138,32
12,15,5,139,37
12,15,5,140,3
12,15,5,141,1
12,15,5,142,0
12,15,5,143,25
12,15,5,144,0
12,15,5,145,37
12,15,5,146,1
12,15,5,147,0
12,15,5,148,22
12,15,5,149,19
12,15,5,150,32
12,15,5,151,26
12,15,5,152,30
12,15,5,153,5
12,15,5,154,30
12,15,5,155,22
12,15,5,156,0
12,15,5,157,24
12,15,5,158,30
12,15,5,159,28
12,15,5,160,20
12,15,5,161,19
12,15,5,162,26
12,15,5,163,27
12,15,5,164,26
12,15,5,165,18
12,15,5,166,20
12,15,5,167,21
12,15,5,168,19
12,15,5,169,18
12,15,5,170,17
12,15,5,171,18
12,15,5,172,17
12,15,5,173,15
12,15,5,174,14
12,15,5,175,15
12,15,5,176,14
12,15,5,177,17
12,15,5,178,13
12,15,5,179,10
12,15,5,180,12
12,15,5,181,11
12,15,5,182,13
12,15,5,183,10
12,15,5,184,9
12,15,5,185,9
12,15,5,186,8
12,15,5,187,6
12,15,5,188,6
12,15,5,189,5
12,15,5,190,6
12,15,5,191,5
12,15,5,192,5
12,15,5,193,4
12,15,5,194,4
12,15,5,195,2
12,15,5,196,2
12,15,5,197,2
12,15,5,198,1
12,15,6,0,0
12,15,6,1,0
12,15,6,2,0
12,15,6,3,0
12,15,6,4,0
12,15,6,5,3
12,15,6,6,2
12,15,6,7,1
12,15,6,8,0
12,15,6,9,1
12,15,6,10,0
12,15,6,11,0
12,15,6,12,2
12,15,6,13,1
12,15,6,14,0
12,15,6,15,0
12,15,6,16,8
12,15,6,17,10
12,15,6,18,13
12,15,6,19,4
12,15,6,20,15
12,15,6,21,13
12,15,6,22,14
12,15,6,23,10
12,15,6,24,7
12,15,6,25,14
12,15,6,26,11
12,15,6,27,9
12,15,6,28,31
12,15,6,29,7
12,15,6,30,28
12,15,6,31,25
12,15,6,32,15
12,15,6,33,29
12,15,6,34,26
12,15,6,35,46
12,15,6,36,24
12,15,6,37,51
12,15,6,38,54
12,15,6,39,50
12,15,6,40,45
12,15,6,41,56
12,15,6,42,21
12,15,6,43,31
12,15,6,44,10
12,15,6,45,8
12,15,6,46,40
12,15,6,47,23
12,15,6,48,20
12,15,6,49,102
12,15,6,50,49
12,15,6,51,45
12,15,6,52,15
12,15,6,53,99
12,15,6,54,103
12,15,6,55,24
12,15,6,56,93
12,15,6,57,35
12,15,6,58,29
12,15,6,59,39
12,15,6,60,85
12,15,6,61,31
12,15,6,62,11
12,15,6,63,9
12,15,6,64,22
12,15,6,65,10
12,15,6,66,41
12,15,6,67,88
12,15,6,68,24
12,15,6,69,80
12,15,6,70,76
12,15,6,71,83
12,15,6,72,78
12,15,6,73,8
12,15,6,74,15
12,15,6,75,12
12,15,6,76,14
12,15,6,77,9
12,15,6,78,13
12,15,6,79,71
12,15,6,80,11
12,15,6,81,14
12,15,6,82,13
12,15,6,83,10
12,15,6,84,11
12,15,6,85,21
12,15,6,86,14
12,15,6,87,76
12,15,6,88,13
12,15,6,89,11
12,15,6,90,63
12,15,6,91,6
12,15,6,92,63
12,15,6,93,7
12,15,6,94,4
12,15,6,95,42
12,15,6,96,42
12,15,6,97,63
12,15,6,98,15
12,15,6,99,11
12,15,6,100,10
12,15,6,101,58
12,15,6,102,61
12,15,6,103,4
12,15,6,104,8
12,15,6,105,62
12,15,6,106,56
12,15,6,107,11
12,15,6,108,9
12,15,6,109,55
12,15,6,110,7
12,15,6,111,8
12,15,6,112,9
12,15,6,113,18
12,15,6,114,0
12,15,6,115,0
12,15,6,116,19
12,15,6,117,6
12,15,6,118,3
12,15,6,119,4
12,15,6,120,2
12,15,6,121,1
12,15,6,122,0
12,15,6,123,29
12,15,6,124,14
12,15,6,125,49
12,15,6,126,37
12,15,6,127,1
12,15,6,128,50
12,15,6,129,48
12,15,6,130,45
12,15,6,131,0
12,15,6,132,0
12,15,6,133,27
12,15,6,134,44
12,15,6,135,44
12,15,6,136,31
12,15,6,137,18
12,15,6,138,40
12,15,6,139,42
12,15,6,140,37
12,15,6,141,39
12,15,6,142,42
12,15,6,143,31
12,15,6,144,13
12,15,6,145,35
12,15,6,146,36
12,15,6,147,33
12,15,6,148,36
12,15,6,149,29
12,15,6,150,26
12,15,6,151,27
12,15,6,152,22
12,15,6,153,11
12,15,6,154,7
12,15,6,155,5
12,15,6,156,30
12,15,6,157,7
12,15,6,158,0
12,15,6,159,10
12,15,6,160,21
12,15,6,161,24
12,15,6,162,26
12,15,6,163,27
12,15,6,164,8
12,15,6,165,23
12,15,6,166,5
12,15,6,167,0
12,15,6,168,20
12,15,6,169,18
12,15,6,170,18
12,15,6,171,17
12,15,6,172,0
12,15,6,173,0
12,15,6,174,19
12,15,6,175,19
12,15,6,176,14
12,15,6,177,11
12,15,6,178,16
12,15,6,179,14
12,15,6,180,0
12,15,6,181,17
12,15,6,182,15
12,15,6,183,14
12,15,6,184,12
12,15,6,185,5
12,15,6,186,10
12,15,6,187,11
12,15,6,188,11
12,15,6,189,7
12,15,6,190,7
12,15,6,191,9
12,15,6,192,8
12,15,6,193,1
12,15,6,194,0
12,15,6,195,0
12,15,6,196,7
12,15,6,197,5
12,15,6,198,3
12,15,6,199,4
12,15,6,200,3
12,15,6,201,2
12,15,6,202,1
12,15,7,0,0
12,15,7,1,0
12,15,7,2,0
12,15,7,3,0
12,15,7,4,0
12,15,7,5,0
12,15,7,6,3
12,15,7,7,2
12,15,7,8,1
12,15,7,9,0
12,15,7,10,0
12,15,7,11,1
12,15,7,12,0
12,15,7,13,0
12,15,7,14,0
12,15,7,15,0
12,15,7,16,17
12,15,7,17,12
12,15,7,18,15
12,15,7,19,16
12,15,7,20,8
12,15,7,21,0
12,15,7,22,18
12,15,7,23,17
12,15,7,24,36
12,15,7,25,16
12,15,7,26,12
12,15,7,27,13
12,15,7,28,10
12,15,7,29,12
12,15,7,30,86
12,15,7,31,10
12,15,7,32,6
12,15,7,33,34
12,15,7,34,109
12,15,7,35,110
12,15,7,36,114
12,15,7,37,111
12,15,7,38,12
12,15,7,39,104
12,15,7,40,9
12,15,7,41,17
12,15,7,42,32
12,15,7,43,73
12,15,7,44,31
12,15,7,45,16
12,15,7,46,24
12,15,7,47,31
12,15,7,48,31
12,15,7,49,32
12,15,7,50,102
12,15,7,51,100
12,15,7,52,40
12,15,7,53,51
12,15,7,54,29
12,15,7,55,27
12,15,7,56,35
12,15,7,57,36
12,15,7,58,34
12,15,7,59,33
12,15,7,60,31
12,15,7,61,34
12,15,7,62,45
12,15,7,63,49
12,15,7,64,14
12,15,7,65,37
12,15,7,66,51
12,15,7,67,14
12,15,7,68,12
12,15,7,69,28
12,15,7,70,27
12,15,7,71,35
12,15,7,72,31
12,15,7,73,33
12,15,7,74,81
12,15,7,75,79
12,15,7,76,33
12,15,7,77,50
12,15,7,78,37
12,15,7,79,87
12,15,7,80,83
12,15,7,81,40
12,15,7,82,29
12,15,7,83,67
12,15,7,84,27
12,15,7,85,12
12,15,7,86,55
12,15,7,87,37
12,15,7,88,32
12,15,7,89,33
12,15,7,90,31
12,15,7,91,11
12,15,7,92,29
12,15,7,93,16
12,15,7,94,32
12,15,7,95,71
12,15,7,96,14
12,15,7,97,37
12,15,7,98,26
12,15,7,99,23
12,15,7,100,23
12,15,7,101,26
12,15,7,102,11
12,15,7,103,25
12,15,7,104,12
12,15,7,105,12
12,15,7,106,9
12,15,7,107,22
12,15,7,108,19
12,15,7,109,22
12,15,7,110,22
12,15,7,111,59
12,15,7,112,17
12,15,7,113,17
12,15,7,114,16
12,15,7,115,31
12,15,7,116,59
12,15,7,117,17
12,15,7,118,17
12,15,7,119,52
12,15,7,120,17
12,15,7,121,19
12,15,7,122,51
12,15,7,123,0
12,15,7,124,19
12,15,7,125,49
12,15,7,126,39
12,15,7,127,48
12,15,7,128,36
12,15,7,129,16
12,15,7,130,48
12,15,7,131,42
12,15,7,132,20
12,15,7,133,27
12,15,7,134,42
12,15,7,135,5
12,15,7,136,46
12,15,7,137,7
12,15,7,138,16
12,15,7,139,14
12,15,7,140,40
12,15,7,141,34
12,15,7,142,9
12,15,7,143,16
12,15,7,144,16
12,15,7,145,15
12,15,7,146,14
12,15,7,147,35
12,15,7,148,26
12,15,7,149,24
12,15,7,150,0
12,15,7,151,9
12,15,7,152,31
12,15,7,153,12
12,15,7,154,4
12,15,7,155,24
12,15,7,156,30
12,15,7,157,2
12,15,7,158,28
12,15,7,159,28
12,15,7,160,25
12,15,7,161,3
12,15,7,162,25
12,15,7,163,11
12,15,7,164,5
12,15,7,165,24
12,15,7,166,22
12,15,7,167,22
12,15,7,168,12
12,15,7,169,0
12,15,7,170,4
12,15,7,171,21
12,15,7,172,5
12,15,7,173,18
12,15,7,174,3
12,15,7,175,4
12,15,7,176,3
12,15,7,177,2
12,15,7,178,1
12,15,7,179,0
12,15,7,180,0
12,15,7,181,1
12,15,7,182,0
12,15,7,183,11
12,15,7,184,12
12,15,7,185,10
12,15,7,186,6
12,15,7,187,7
12,15,7,188,4
12,15,7,189,5
12,15,7,190,6
12,15,7,191,6
12,15,7,192,4
12,15,7,193,4
12,15,7,194,3
12,15,7,195,2
12,15,7,196,0
12,15,7,197,0
12,15,7,198,1
12,15,7,199,0
12,15,7,200,1
12,15,8,0,0
12,15,8,1,0
12,15,8,2,0
12,15,8,3,0
12,15,8,4,0
12,15,8,5,0
12,15,8,6,0
12,15,8,7,0
12,15,8,8,0
12,15,8,9,1
12,15,8,10,0
12,15,8,11,3
12,15,8,12,3
12,15,8,13,14
12,15,8,14,10
12,15,8,15,7
12,15,8,16,11
12,15,8,17,10
12,15,8,18,16
12,15,8,19,12
12,15,8,20,42
12,15,8,21,35
12,15,8,22,43
12,15,8,23,21
12,15,8,24,14
12,15,8,25,12
12,15,8,26,36
12,15,8,27,14
12,15,8,28,35
12,15,8,29,31
12,15,8,30,9
12,15,8,31,8
12,15,8,32,14
12,15,8,33,33
12,15,8,34,32
12,15,8,35,27
12,15,8,36,10
12,15,8,37,28
12,15,8,38,10
12,15,8,39,32
12,15,8,40,24
12,15,8,41,105
12,15,8,42,93
12,15,8,43,29
12,15,8,44,70
12,15,8,45,43
12,15,8,46,27
12,15,8,47,92
12,15,8,48,24
12,15,8,49,22
12,15,8,50,87
12,15,8,51,24
12,15,8,52,0
12,15,8,53,25
12,15,8,54,22
12,15,8,55,27
12,15,8,56,74
12,15,8,57,71
12,15,8,58,51
12,15,8,59,38
12,15,8,60,41
12,15,8,61,81
12,15,8,62,76
12,15,8,63,44
12,15,8,64,16
12,15,8,65,25
12,15,8,66,46
12,15,8,67,64
12,15,8,68,43
12,15,8,69,10
12,15,8,70,78
12,15,8,71,30
12,15,8,72,9
12,15,8,73,41
12,15,8,74,43
12,15,8,75,70
12,15,8,76,43
12,15,8,77,75
12,15,8,78,79
12,15,8,79,42
12,15,8,80,0
12,15,8,81,41
12,15,8,82,42
12,15,8,83,72
12,15,8,84,43
12,15,8,85,39
12,15,8,86,80
12,15,8,87,9
12,15,8,88,74
12,15,8,89,73
12,15,8,90,67
12,15,8,91,0
12,15,8,92,15
12,15,8,93,40
12,15,8,94,34
12,15,8,95,29
12,15,8,96,13
12,15,8,97,10
12,15,8,98,12
12,15,8,99,50
12,15,8,100,28
12,15,8,101,8
12,15,8,102,24
12,15,8,103,43
12,15,8,104,58
12,15,8,105,47
12,15,8,106,63
12,15,8,107,61
12,15,8,108,32
12,15,8,109,53
12,15,8,110,63
12,15,8,111,36
12,15,8,112,27
12,15,8,113,23
12,15,8,114,0
12,15,8,115,25
12,15,8,116,0
12,15,8,117,24
12,15,8,118,24
12,15,8,119,3
12,15,8,120,25
12,15,8,121,24
12,15,8,122,19
12,15,8,123,15
12,15,8,124,28
12,15,8,125,0
12,15,8,126,26
12,15,8,127,24
12,15,8,128,47
12,15,8,129,23
12,15,8,130,22
12,15,8,131,13
12,15,8,132,23
12,15,8,133,21
12,15,8,134,4
12,15,8,135,20
12,15,8,136,19
12,15,8,137,18
12,15,8,138,19
12,15,8,139,16
12,15,8,140,16
12,15,8,141,16
12,15,8,142,18
12,15,8,143,18
12,15,8,144,15
12,15,8,145,14
12,15,8,146,17
12,15,8,147,13
12,15,8,148,11
12,15,8,149,7
12,15,8,150,7
12,15,8,151,8
12,15,8,152,10
12,15,8,153,8
12,15,8,154,8
12,15,8,155,7
12,15,8,156,4
12,15,8,157,4
12,15,8,158,4
12,15,8,159,3
12,15,8,160,2
12,15,8,161,2
12,15,8,162,5
12,15,8,163,3
12,15,8,164,0
12,15,8,165,21
12,15,8,166,0
12,15,8,167,0
12,15,8,168,6
12,15,8,169,19
12,15,8,170,20
12,15,8,171,1
12,15,8,172,0
12,15,8,173,20
12,15,8,174,1
12,15,8,175,0
12,15,8,176,19
12,15,8,177,0
12,15,8,178,0
12,15,8,179,18
12,15,8,180,16
12,15,8,181,16
12,15,8,182,15
12,15,8,183,0
12,15,8,184,14
12,15,8,185,1
12,15,8,186,0
12,15,8,187,10
12,15,8,188,12
12,15,8,189,12
12,15,8,190,12
12,15,8,191,12
12,15,8,192,10
12,15,8,193,4
12,15,8,194,7
12,15,8,195,5
12,15,8,196,0
12,15,8,197,5
12,15,8,198,6
12,15,8,199,5
12,15,8,200,3
12,15,8,201,3
12,15,8,202,0
12,15,8,203,2
12,15,8,204,1
12,15,8,205,2
12,15,8,206,1
12,15,9,0,0
12,15,9,1,0
12,15,9,2,0
12,15,9,3,0
12,15,9,4,0
12,15,9,5,0
12,15,9,6,1
12,15,9,7,0
12,15,9,8,5
12,15,9,9,4
12,15,9,10,3
12,15,9,11,1
12,15,9,12,0
12,15,9,13,1
12,15,9,14,5
12,15,9,15,3
12,15,9,16,9
12,15,9,17,6
12,15,9,18,5
12,15,9,19,9
12,15,9,20,13
12,15,9,21,9
12,15,9,22,13
12,15,9,23,18
12,15,9,24,14
12,15,9,25,13
12,15,9,26,11
12,15,9,27,14
12,15,9,28,7
12,15,9,29,10
12,15,9,30,13
12,15,9,31,31
12,15,9,32,14
12,15,9,33,11
12,15,9,34,13
12,15,9,35,11
12,15,9,36,11
12,15,9,37,32
12,15,9,38,70
12,15,9,39,96
12,15,9,40,78
12,15,9,41,11
12,15,9,42,80
12,15,9,43,45
12,15,9,44,25
12,15,9,45,19
12,15,9,46,8
12,15,9,47,15
12,15,9,48,93
12,15,9,49,43
12,15,9,50,45
12,15,9,51,45
12,15,9,52,43
12,15,9,53,13
12,15,9,54,41
12,15,9,55,40
12,15,9,56,46
12,15,9,57,92
12,15,9,58,88
12,15,9,59,36
12,15,9,60,36
12,15,9,61,61
12,15,9,62,34
12,15,9,63,82
12,15,9,64,39
12,15,9,65,66
12,15,9,66,4
12,15,9,67,68
12,15,9,68,36
12,15,9,69,25
12,15,9,70,8
12,15,9,71,18
12,15,9,72,34
12,15,9,73,77
12,15,9,74,27
12,15,9,75,80
12,15,9,76,11
12,15,9,77,11
12,15,9,78,11
12,15,9,79,29
12,15,9,80,71
12,15,9,81,46
12,15,9,82,43
12,15,9,83,7
12,15,9,84,67
12,15,9,85,69
12,15,9,86,76
12,15,9,87,0
12,15,9,88,13
12,15,9,89,14
12,15,9,90,6
12,15,9,91,10
12,15,9,92,6
12,15,9,93,9
12,15,9,94,8
12,15,9,95,7
12,15,9,96,14
12,15,9,97,15
12,15,9,98,13
12,15,9,99,6
12,15,9,100,16
12,15,9,101,63
12,15,9,102,13
12,15,9,103,13
12,15,9,104,9
12,15,9,105,17
12,15,9,106,9
12,15,9,107,64
12,15,9,108,8
12,15,9,109,60
12,15,9,110,54
12,15,9,111,60
12,15,9,112,5
12,15,9,113,56
12,15,9,114,57
12,15,9,115,5
12,15,9,116,3
12,15,9,117,14
12,15,9,118,4
12,15,9,119,45
12,15,9,120,2
12,15,9,121,6
12,15,9,122,6
12,15,9,123,5
12,15,9,124,49
12,15,9,125,2
12,15,9,126,3
12,15,9,127,2
12,15,9,128,29
12,15,9,129,4
12,15,9,130,1
12,15,9,131,0
12,15,9,132,0
12,15,9,133,1
12,15,9,134,0
12,15,9,135,40
12,15,9,136,1
12,15,9,137,0
12,15,9,138,0
12,15,9,139,0
12,15,9,140,0
12,15,9,141,40
12,15,9,142,0
12,15,9,143,38
12,15,9,144,33
12,15,9,145,32
12,15,9,146,32
12,15,9,147,9
12,15,9,148,7
12,15,9,149,31
12,15,9,150,31
12,15,9,151,31
12,15,9,152,9
12,15,9,153,11
12,15,9,154,24
12,15,9,155,27
12,15,9,156,3
12,15,9,157,8
12,15,9,158,0
12,15,9,159,24
12,15,9,160,19
12,15,9,161,23
12,15,9,162,22
12,15,9,163,0
12,15,9,164,15
12,15,9,165,24
12,15,9,166,22
12,15,9,167,22
12,15,9,168,22
12,15,9,169,20
12,15,9,170,22
12,15,9,171,19
12,15,9,172,1
12,15,9,173,0
12,15,9,174,18
12,15,9,175,11
12,15,9,176,0
12,15,9,177,11
12,15,9,178,15
12,15,9,179,15
12,15,9,180,17
12,15,9,181,16
12,15,9,182,15
12,15,9,183,15
12,15,9,184,13
12,15,9,185,10
12,15,9,186,13
12,15,9,187,12
12,15,9,188,12
12,15,9,189,9
12,15,9,190,5
12,15,9,191,10
12,15,9,192,7
12,15,9,193,6
12,15,9,194,3
12,15,9,195,5
12,15,9,196,4
12,15,9,197,1
12,15,9,198,0
12,15,9,199,2
12,15,9,200,1
12,15,9,201,0
12,15,9,202,0
12,15,9,203,1
12,15,10,0,0
12,15,10,1,0
12,15,10,2,0
12,15,10,3,0
12,15,10,4,0
12,15,10,5,2
12,15,10,6,1
12,15,10,7,0
12,15,10,8,2
12,15,10,9,1
12,15,10,10,0
12,15,10,11,10
12,15,10,12,5
12,15,10,13,8
12,15,10,14,9
12,15,10,15,8
12,15,10,16,8
12,15,10,17,7
12,15,10,18,14
12,15,10,19,15
12,15,10,20,8
12,15,10,21,7
12,15,10,22,11
12,15,10,23,13
12,15,10,24,16
12,15,10,25,10
12,15,10,26,9
12,15,10,27,40
12,15,10,28,14
12,15,10,29,7
12,15,10,30,12
12,15,10,31,9
12,15,10,32,7
12,15,10,33,9
12,15,10,34,6
12,15,10,35,32
12,15,10,36,32
12,15,10,37,32
12,15,10,38,8
12,15,10,39,76
12,15,10,40,14
12,15,10,41,47
12,15,10,42,102
12,15,10,43,19
12,15,10,44,18
12,15,10,45,18
12,15,10,46,86
12,15,10,47,74
12,15,10,48,18
12,15,10,49,18
12,15,10,50,73
12,15,10,51,20
12,15,10,52,23
12,15,10,53,0
12,15,10,54,15
12,15,10,55,39
12,15,10,56,16
12,15,10,57,16
12,15,10,58,98
12,15,10,59,95
12,15,10,60,13
12,15,10,61,17
12,15,10,62,4
12,15,10,63,35
12,15,10,64,15
12,15,10,65,83
12,15,10,66,58
12,15,10,67,15
12,15,10,68,89
12,15,10,69,13
12,15,10,70,4
12,15,10,71,85
12,15,10,72,3
12,15,10,73,0
12,15,10,74,0
12,15,10,75,13
12,15,10,76,0
12,15,10,77,82
12,15,10,78,80
12,15,10,79,0
12,15,10,80,12
12,15,10,81,79
12,15,10,82,12
12,15,10,83,73
12,15,10,84,60
12,15,10,85,53
12,15,10,86,72
12,15,10,87,78
12,15,10,88,78
12,15,10,89,79
12,15,10,90,20
12,15,10,91,68
12,15,10,92,61
12,15,10,93,68
12,15,10,94,3
12,15,10,95,20
12,15,10,96,21
12,15,10,97,49
12,15,10,98,64
12,15,10,99,64
12,15,10,100,6
12,15,10,101,68
12,15,10,102,64
12,15,10,103,60
12,15,10,104,60
12,15,10,105,64
12,15,10,106,16
12,15,10,107,8
12,15,10,108,47
12,15,10,109,36
12,15,10,110,35
12,15,10,111,54
12,15,10,112,9
12,15,10,113,0
12,15,10,114,12
12,15,10,115,53
12,15,10,116,3
12,15,10,117,1
12,15,10,118,0
12,15,10,119,54
12,15,10,120,42
12,15,10,121,49
12,15,10,122,2
12,15,10,123,7
12,15,10,124,6
12,15,10,125,45
12,15,10,126,46
12,15,10,127,3
12,15,10,128,2
12,15,10,129,1
12,15,10,130,0
12,15,10,131,2
12,15,10,132,0
12,15,10,133,0
12,15,10,134,0
12,15,10,135,4
12,15,10,136,1
12,15,10,137,0
12,15,10,138,0
12,15,10,139,0
12,15,10,140,27
12,15,10,141,36
12,15,10,142,36
12,15,10,143,39
12,15,10,144,25
12,15,10,145,35
12,15,10,146,41
12,15,10,147,33
12,15,10,148,24
12,15,10,149,32
12,15,10,150,33
12,15,10,151,20
12,15,10,152,29
12,15,10,153,36
12,15,10,154,32
12,15,10,155,27
12,15,10,156,31
12,15,10,157,26
12,15,10,158,27
12,15,10,159,24
12,15,10,160,25
12,15,10,161,27
12,15,10,162,23
12,15,10,163,23
12,15,10,164,22
12,15,10,165,25
12,15,10,166,29
12,15,10,167,24
12,15,10,168,25
12,15,10,169,25
12,15,10,170,24
12,15,10,171,21
12,15,10,172,21
12,15,10,173,18
12,15,10,174,18
12,15,10,175,19
12,15,10,176,18
12,15,10,177,6
12,15,10,178,17
12,15,10,179,17
12,15,10,180,15
12,15,10,181,17
12,15,10,182,14
12,15,10,183,14
12,15,10,184,12
12,15,10,185,13
12,15,10,186,10
12,15,10,187,9
12,15,10,188,8
12,15,10,189,10
12,15,10,190,8
12,15,10,191,10
12,15,10,192,5
12,15,10,193,7
12,15,10,194,5
12,15,10,195,4
12,15,10,196,3
12,15,10,197,4
12,15,10,198,2
12,15,10,199,1
12,15,10,200,0
12,15,10,201,1
12,15,11,0,0
12,15,11,1,0
12,15,11,2,0
12,15,11,3,0
12,15,11,4,0
12,15,11,5,0
12,15,11,6,0
12,15,11,7,1
12,15,11,8,0
12,15,11,9,0
12,15,11,10,0
12,15,11,11,10
12,15,11,12,4
12,15,11,13,5
12,15,11,14,7
12,15,11,15,11
12,15,11,16,11
12,15,11,17,6
12,15,11,18,26
12,15,11,19,11
12,15,11,20,9
12,15,11,21,12
12,15,11,22,12
12,15,11,23,37
12,15,11,24,35
12,15,11,25,53
12,15,11,26,36
12,15,11,27,37
12,15,11,28,32
12,15,11,29,34
12,15,11,30,50
12,15,11,31,35
12,15,11,32,35
12,15,11,33,12
12,15,11,34,11
12,15,11,35,10
12,15,11,36,34
12,15,11,37,29
12,15,11,38,32
12,15,11,39,31
12,15,11,40,33
12,15,11,41,95
12,15,11,42,99
12,15,11,43,62
12,15,11,44,63
12,15,11,45,25
12,15,11,46,23
12,15,11,47,24
12,15,11,48,31
12,15,11,49,59
12,15,11,50,94
12,15,11,51,30
12,15,11,52,32
12,15,11,53,23
12,15,11,54,20
12,15,11,55,30
12,15,11,56,27
12,15,11,57,26
12,15,11,58,7
12,15,11,59,26
12,15,11,60,24
12,15,11,61,22
12,15,11,62,22
12,15,11,63,48
12,15,11,64,56
12,15,11,65,83
12,15,11,66,8
12,15,11,67,8
12,15,11,68,55
12,15,11,69,81
12,15,11,70,63
12,15,11,71,58
12,15,11,72,53
12,15,11,73,53
12,15,11,74,27
12,15,11,75,59
12,15,11,76,57
12,15,11,77,37
12,15,11,78,53
12,15,11,79,25
12,15,11,80,43
12,15,11,81,15
12,15,11,82,26
12,15,11,83,13
12,15,11,84,36
12,15,11,85,38
12,15,11,86,21
12,15,11,87,35
12,15,11,88,18
12,15,11,89,16
12,15,11,90,54
12,15,11,91,13
12,15,11,92,67
12,15,11,93,49
12,15,11,94,22
12,15,11,95,48
12,15,11,96,54
12,15,11,97,31
12,15,11,98,31
12,15,11,99,28
12,15,11,100,48
12,15,11,101,9
12,15,11,102,19
12,15,11,103,20
12,15,11,104,18
12,15,11,105,32
12,15,11,106,32
12,15,11,107,65
12,15,11,108,9
12,15,11,109,27
12,15,11,110,27
12,15,11,111,26
12,15,11,112,29
12,15,11,113,63
12,15,11,114,63
12,15,11,115,14
12,15,11,116,30
12,15,11,117,24
12,15,11,118,28
12,15,11,119,6
12,15,11,120,55
12,15,11,121,2
12,15,11,122,53
12,15,11,123,1
12,15,11,124,0
12,15,11,125,17
12,15,11,126,10
12,15,11,127,33
12,15,11,128,40
12,15,11,129,4
12,15,11,130,0
12,15,11,131,42
12,15,11,132,35
12,15,11,133,10
12,15,11,134,40
12,15,11,135,1
12,15,11,136,0
12,15,11,137,0
12,15,11,138,35
12,15,11,139,38
12,15,11,140,42
12,15,11,141,8
12,15,11,142,27
12,15,11,143,4
12,15,11,144,33
12,15,11,145,27
12,15,11,146,25
12,15,11,147,36
12,15,11,148,33
12,15,11,149,33
12,15,11,150,13
12,15,11,151,4
12,15,11,152,29
12,15,11,153,29
12,15,11,154,26
12,15,11,155,27
12,15,11,156,23
12,15,11,157,27
12,15,11,158,1
12,15,11,159,0
12,15,11,160,2
12,15,11,161,0
12,15,11,162,0
12,15,11,163,1
12,15,11,164,0
12,15,11,165,0
12,15,11,166,0
12,15,11,167,24
12,15,11,168,0
12,15,11,169,14
12,15,11,170,19
12,15,11,171,21
12,15,11,172,20
12,15,11,173,19
12,15,11,174,20
12,15,11,175,18
12,15,11,176,0
12,15,11,177,17
12,15,11,178,16
12,15,11,179,8
12,15,11,180,15
12,15,11,181,15
12,15,11,182,14
12,15,11,183,13
12,15,11,184,12
12,15,11,185,12
12,15,11,186,13
12,15,11,187,0
12,15,11,188,13
12,15,11,189,7
12,15,11,190,10
12,15,11,191,8
12,15,11,192,7
12,15,11,193,5
12,15,11,194,4
12,15,11,195,2
12,15,11,196,4
12,15,11,197,3
12,15,11,198,4
12,15,11,199,3
12,15,11,200,2
12,15,11,201,1
12,15,11,202,0
12,15,11,203,0
12,15,11,204,0
12,15,11,205,0
12,15,11,206,0
12,15,11,207,0
12,15,11,208,0
12,15,11,209,0
12,15,11,210,0
12,15,11,211,0
12,15,11,212,1
12,15,12,0,0
12,15,12,1,0
12,15,12,2,0
12,15,12,3,0
12,15,12,4,0
12,15,12,5,1
12,15,12,6,0
12,15,12,7,0
12,15,12,8,1
12,15,12,9,0
12,15,12,10,3
12,15,12,11,0
12,15,12,12,2
12,15,12,13,1
12,15,12,14,0
12,15,12,15,14
12,15,12,16,10
12,15,12,17,5
12,15,12,18,9
12,15,12,19,7
12,15,12,20,8
12,15,12,21,11
12,15,12,22,9
12,15,12,23,17
12,15,12,24,14
12,15,12,25,33
12,15,12,26,33
12,15,12,27,13
12,15,12,28,10
12,15,12,29,53
12,15,12,30,10
12,15,12,31,9
12,15,12,32,27
12,15,12,33,13
12,15,12,34,13
12,15,12,35,55
12,15,12,36,56
12,15,12,37,35
12,15,12,38,48
12,15,12,39,74
12,15,12,40,8
12,15,12,41,44
12,15,12,42,25
12,15,12,43,45
12,15,12,44,9
12,15,12,45,102
12,15,12,46,8
12,15,12,47,40
12,15,12,48,39
12,15,12,49,35
12,15,12,50,103
12,15,12,51,62
12,15,12,52,44
12,15,12,53,92
12,15,12,54,73
12,15,12,55,12
12,15,12,56,70
12,15,12,57,47
12,15,12,58,32
12,15,12,59,47
12,15,12,60,76
12,15,12,61,38
12,15,12,62,36
12,15,12,63,34
12,15,12,64,35
12,15,12,65,13
12,15,12,66,92
12,15,12,67,63
12,15,12,68,84
12,15,12,69,84
12,15,12,70,49
12,15,12,71,0
12,15,12,72,45
12,15,12,73,62
12,15,12,74,22
12,15,12,75,59
12,15,12,76,50
12,15,12,77,82
12,15,12,78,82
12,15,12,79,80
12,15,12,80,3
12,15,12,81,12
12,15,12,82,59
12,15,12,83,18
12,15,12,84,53
12,15,12,85,31
12,15,12,86,35
12,15,12,87,67
12,15,12,88,74
12,15,12,89,55
12,15,12,90,0
12,15,12,91,13
12,15,12,92,76
12,15,12,93,17
12,15,12,94,75
12,15,12,95,72
12,15,12,96,11
12,15,12,97,27
12,15,12,98,32
12,15,12,99,8
12,15,12,100,73
12,15,12,101,13
12,15,12,102,21
12,15,12,103,15
12,15,12,104,16
12,15,12,105,17
12,15,12,106,64
12,15,12,107,45
12,15,12,108,65
12,15,12,109,62
12,15,12,110,0
12,15,12,111,16
12,15,12,112,40
12,15,12,113,36
12,15,12,114,57
12,15,12,115,12
12,15,12,116,54
12,15,12,117,53
12,15,12,118,55
12,15,12,119,17
12,15,12,120,10
12,15,12,121,49
12,15,12,122,10
12,15,12,123,47
12,15,12,124,4
12,15,12,125,46
12,15,12,126,47
12,15,12,127,13
12,15,12,128,43
12,15,12,129,29
12,15,12,130,0
12,15,12,131,0
12,15,12,132,42
12,15,12,133,42
12,15,12,134,13
12,15,12,135,12
12,15,12,136,39
12,15,12,137,42
12,15,12,138,40
12,15,12,139,19
12,15,12,140,12
12,15,12,141,37
12,15,12,142,34
12,15,12,143,36
12,15,12,144,9
12,15,12,145,8
12,15,12,146,34
12,15,12,147,0
12,15,12,148,29
12,15,12,149,33
12,15,12,150,8
12,15,12,151,26
12,15,12,152,28
12,15,12,153,28
12,15,12,154,8
12,15,12,155,9
12,15,12,156,24
12,15,12,157,7
12,15,12,158,27
12,15,12,159,23
12,15,12,160,25
12,15,12,161,23
12,15,12,162,4
12,15,12,163,23
12,15,12,164,4
12,15,12,165,4
12,15,12,166,21
12,15,12,167,20
12,15,12,168,18
12,15,12,169,20
12,15,12,170,19
12,15,12,171,1
12,15,12,172,0
12,15,12,173,16
12,15,12,174,17
12,15,12,175,18
12,15,12,176,0
12,15,12,177,15
12,15,12,178,2
12,15,12,179,3
12,15,12,180,12
12,15,12,181,14
12,15,12,182,10
12,15,12,183,8
12,15,12,184,6
12,15,12,185,9
12,15,12,186,5
12,15,12,187,4
12,15,12,188,5
12,15,12,189,2
12,15,12,190,1
12,15,12,191,4
12,15,12,192,6
12,15,12,193,1
12,15,12,194,0
12,15,12,195,4
12,15,12,196,3
12,15,12,197,2
12,15,12,198,1
12,20,1,0,0
12,20,1,1,0
12,20,1,2,0
12,20,1,3,0
12,20,1,4,0
12,20,1,5,1
12,20,1,6,0
12,20,1,7,0
12,20,1,8,2
12,20,1,9,0
12,20,1,10,0
12,20,1,11,2
12,20,1,12,4
12,20,1,13,3
12,20,1,14,1
12,20,1,15,0
12,20,1,16,14
12,20,1,17,11
12,20,1,18,16
12,20,1,19,21
12,20,1,20,19
12,20,1,21,14
12,20,1,22,14
12,20,1,23,20
12,20,1,24,44
12,20,1,25,46
12,20,1,26,47
12,20,1,27,107
12,20,1,28,47
12,20,1,29,21
12,20,1,30,81
12,20,1,31,13
12,20,1,32,73
12,20,1,33,41
12,20,1,34,17
12,20,1,35,67
12,20,1,36,44
12,20,1,37,44
12,20,1,38,45
12,20,1,39,35
12,20,1,40,41
12,20,1,41,43
12,20,1,42,118
12,20,1,43,111
12,20,1,44,63
12,20,1,45,39
12,20,1,46,30
12,20,1,47,31
12,20,1,48,38
12,20,1,49,124
12,20,1,50,121
12,20,1,51,31
12,20,1,52,31
12,20,1,53,119
12,20,1,54,122
12,20,1,55,68
12,20,1,56,35
12,20,1,57,34
12,20,1,58,122
12,20,1,59,123
12,20,1,60,122
12,20,1,61,117
12,20,1,62,116
12,20,1,63,40
12,20,1,64,39
12,20,1,65,109
12,20,1,66,89
12,20,1,67,115
12,20,1,68,108
12,20,1,69,22
12,20,1,70,39
12,20,1,71,107
12,20,1,72,107
12,20,1,73,112
12,20,1,74,92
12,20,1,75,112
12,20,1,76,92
12,20,1,77,32
12,20,1,78,28
12,20,1,79,29
12,20,1,80,104
12,20,1,81,103
12,20,1,82,105
12,20,1,83,37
12,20,1,84,33
12,20,1,85,102
12,20,1,86,96
12,20,1,87,35
12,20,1,88,36
12,20,1,89,55
12,20,1,90,57
12,20,1,91,35
12,20,1,92,56
12,20,1,93,89
12,20,1,94,28
12,20,1,95,87
12,20,1,96,27
12,20,1,97,91
12,20,1,98,89
12,20,1,99,90
12,20,1,100,93
12,20,1,101,86
12,20,1,102,81
12,20,1,103,82
12,20,1,104,84
12,20,1,105,61
12,20,1,106,33
12,20,1,107,83
12,20,1,108,84
12,20,1,109,79
12,20,1,110,86
12,20,1,111,87
12,20,1,112,45
12,20,1,113,80
12,20,1,114,75
12,20,1,115,75
12,20,1,116,71
12,20,1,117,76
12,20,1,118,76
12,20,1,119,73
12,20,1,120,75
12,20,1,121,76
12,20,1,122,78
12,20,1,123,70
12,20,1,124,68
12,20,1,125,69
12,20,1,126,71
12,20,1,127,76
12,20,1,128,74
12,20,1,129,75
12,20,1,130,73
12,20,1,131,64
12,20,1,132,65
12,20,1,133,36
12,20,1,134,72
12,20,1,135,64
12,20,1,136,64
12,20,1,137,35
12,20,1,138,67
12,20,1,139,59
12,20,1,140,60
12,20,1,141,63
12,20,1,142,27
12,20,1,143,58
12,20,1,144,58
12,20,1,145,59
12,20,1,146,53
12,20,1,147,57
12,20,1,148,58
12,20,1,149,56
12,20,1,150,34
12,20,1,151,28
12,20,1,152,28
12,20,1,153,31
12,20,1,154,27
12,20,1,155,28
12,20,1,156,26
12,20,1,157,24
12,20,1,158,50
12,20,1,159,52
12,20,1,160,48
12,20,1,161,51
12,20,1,162,47
12,20,1,163,45
12,20,1,164,47
12,20,1,165,53
12,20,1,166,48
12,20,1,167,50
12,20,1,168,44
12,20,1,169,45
12,20,1,170,46
12,20,1,171,18
12,20,1,172,49
12,20,1,173,46
12,20,1,174,46
12,20,1,175,45
12,20,1,176,41
12,20,1,177,39
12,20,1,178,41
12,20,1,179,42
12,20,1,180,39
12,20,1,181,24
12,20,1,182,36
12,20,1,183,37
12,20,1,184,35
12,20,1,185,18
12,20,1,186,37
12,20,1,187,36
12,20,1,188,34
12,20,1,189,33
12,20,1,190,35
12,20,1,191,32
12,20,1,192,33
12,20,1,193,22
12,20,1,194,33
12,20,1,195,30
12,20,1,196,32
12,20,1,197,29
12,20,1,198,27
12,20,1,199,26
12,20,1,200,21
12,20,1,201,16
12,20,1,202,23
12,20,1,203,22
12,20,1,204,23
12,20,1,205,20
12,20,1,206,25
12,20,1,207,23
12,20,1,208,22
12,20,1,209,23
12,20,1,210,20
12,20,1,211,20
12,20,1,212,19
12,20,1,213,19
12,20,1,214,17
12,20,1,215,16
12,20,1,216,17
12,20,1,217,16
12,20,1,218,14
12,20,1,219,14
12,20,1,220,12
12,20,1,221,12
12,20,1,222,10
12,20,1,223,12
12,20,1,224,10
12,20,1,225,8
12,20,1,226,9
12,20,1,227,5
12,20,1,228,8
12,20,1,229,9
12,20,1,230,9
12,20,1,231,8
12,20,1,232,7
12,20,1,233,8
12,20,1,234,6
12,20,1,235,5
12,20,1,236,6
12,20,1,237,6
12,20,1,238,6
12,20,1,239,6
12,20,1,240,4
12,20,1,241,5
12,20,1,242,5
12,20,1,243,5
12,20,1,244,4
12,20,1,245,4
12,20,1,246,2
12,20,1,247,2
12,20,1,248,1
12,20,1,249,0
12,20,1,250,1
12,20,2,0,0
12,20,2,1,0
12,20,2,2,0
12,20,2,3,0
12,20,2,4,0
12,20,2,5,3
12,20,2,6,4
12,20,2,7,2
12,20,2,8,1
12,20,2,9,0
12,20,2,10,0
12,20,2,11,2
12,20,2,12,0
12,20,2,13,0
12,20,2,14,19
12,20,2,15,21
12,20,2,16,20
12,20,2,17,20
12,20,2,18,21
12,20,2,19,14
12,20,2,20,15
12,20,2,21,16
12,20,2,22,22
12,20,2,23,14
12,20,2,24,67
12,20,2,25,44
12,20,2,26,22
12,20,2,27,51
12,20,2,28,43
12,20,2,29,68
12,20,2,30,43
12,20,2,31,40
12,20,2,32,18
12,20,2,33,14
12,20,2,34,68
12,20,2,35,38
12,20,2,36,14
12,20,2,37,68
12,20,2,38,129
12,20,2,39,88
12,20,2,40,125
12,20,2,41,28
12,20,2,42,124
12,20,2,43,83
12,20,2,44,119
12,20,2,45,119
12,20,2,46,128
12,20,2,47,128
12,20,2,48,127
12,20,2,49,126
12,20,2,50,89
12,20,2,51,127
12,20,2,52,88
12,20,2,53,122
12,20,2,54,123
12,20,2,55,115
12,20,2,56,119
12,20,2,57,115
12,20,2,58,120
12,20,2,59,113
12,20,2,60,117
12,20,2,61,113
12,20,2,62,114
12,20,2,63,110
12,20,2,64,108
12,20,2,65,108
12,20,2,66,111
12,20,2,67,109
12,20,2,68,112
12,20,2,69,111
12,20,2,70,108
12,20,2,71,112
12,20,2,72,54
12,20,2,73,105
12,20,2,74,102
12,20,2,75,105
12,20,2,76,104
12,20,2,77,105
12,20,2,78,99
12,20,2,79,73
12,20,2,80,17
12,20,2,81,49
12,20,2,82,73
12,20,2,83,92
12,20,2,84,102
12,20,2,85,93
12,20,2,86,97
12,20,2,87,101
12,20,2,88,42
12,20,2,89,77
12,20,2,90,92
12,20,2,91,95
12,20,2,92,96
12,20,2,93,92
12,20,2,94,89
12,20,2,95,89
12,20,2,96,90
12,20,2,97,94
12,20,2,98,102
12,20,2,99,40
12,20,2,100,97
12,20,2,101,95
12,20,2,102,92
12,20,2,103,41
12,20,2,104,38
12,20,2,105,79
12,20,2,106,86
12,20,2,107,85
12,20,2,108,85
12,20,2,109,84
12,20,2,110,88
12,20,2,111,82
12,20,2,112,82
12,20,2,113,83
12,20,2,114,82
12,20,2,115,78
12,20,2,116,76
12,20,2,117,27
12,20,2,118,81
12,20,2,119,28
12,20,2,120,78
12,20,2,121,78
12,20,2,122,44
12,20,2,123,62
12,20,2,124,73
12,20,2,125,72
12,20,2,126,77
12,20,2,127,74
12,20,2,128,67
12,20,2,129,67
12,20,2,130,69
12,20,2,131,65
12,20,2,132,64
12,20,2,133,64
12,20,2,134,60
12,20,2,135,60
12,20,2,136,65
12,20,2,137,61
12,20,2,138,58
12,20,2,139,62
12,20,2,140,64
12,20,2,141,61
12,20,2,142,63
12,20,2,143,58
12,20,2,144,62
12,20,2,145,67
12,20,2,146,65
12,20,2,147,60
12,20,2,148,63
12,20,2,149,64
12,20,2,150,60
12,20,2,151,58
12,20,2,152,59
12,20,2,153,57
12,20,2,154,47
12,20,2,155,46
12,20,2,156,53
12,20,2,157,53
12,20,2,158,46
12,20,2,159,50
12,20,2,160,48
12,20,2,161,50
12,20,2,162,48
12,20,2,163,47
12,20,2,164,44
12,20,2,165,17
12,20,2,166,46
12,20,2,167,48
12,20,2,168,44
12,20,2,169,43
12,20,2,170,43
12,20,2,171,35
12,20,2,172,44
12,20,2,173,36
12,20,2,174,42
12,20,2,175,40
12,20,2,176,19
12,20,2,177,40
12,20,2,178,43
12,20,2,179,36
12,20,2,180,38
12,20,2,181,37
12,20,2,182,33
12,20,2,183,33
12,20,2,184,31
12,20,2,185,34
12,20,2,186,34
12,20,2,187,29
12,20,2,188,31
12,20,2,189,29
12,20,2,190,32
12,20,2,191,29
12,20,2,192,29
12,20,2,193,29
12,20,2,194,26
12,20,2,195,26
12,20,2,196,22
12,20,2,197,26
12,20,2,198,26
12,20,2,199,25
12,20,2,200,21
12,20,2,201,22
12,20,2,202,25
12,20,2,203,25
12,20,2,204,21
12,20,2,205,19
12,20,2,206,19
12,20,2,207,19
12,20,2,208,19
12,20,2,209,20
12,20,2,210,18
12,20,2,211,18
12,20,2,212,19
12,20,2,213,16
12,20,2,214,14
12,20,2,215,15
12,20,2,216,15
12,20,2,217,13
12,20,2,218,10
12,20,2,219,11
12,20,2,220,9
12,20,2,221,12
12,20,2,222,10
12,20,2,223,10
12,20,2,224,9
12,20,2,225,8
12,20,2,226,8
12,20,2,227,10
12,20,2,228,8
12,20,2,229,7
12,20,2,230,8
12,20,2,231,7
12,20,2,232,7
12,20,2,233,6
12,20,2,234,7
12,20,2,235,6
12,20,2,236,6
12,20,2,237,6
12,20,2,238,5
12,20,2,239,6
12,20,2,240,6
12,20,2,241,5
12,20,2,242,3
12,20,2,243,3
12,20,2,244,4
12,20,2,245,3
12,20,2,246,2
12,20,2,247,1
12,20,3,0,0
12,20,3,1,0
12,20,3,2,0
12,20,3,3,0
12,20,3,4,0
12,20,3,5,0
12,20,3,6,0
12,20,3,7,1
12,20,3,8,0
12,20,3,9,1
12,20,3,10,0
12,20,3,11,7
12,20,3,12,13
12,20,3,13,22
12,20,3,14,7
12,20,3,15,15
12,20,3,16,3
12,20,3,17,15
12,20,3,18,14
12,20,3,19,24
12,20,3,20,22
12,20,3,21,47
12,20,3,22,20
12,20,3,23,24
12,20,3,24,68
12,20,3,25,14
12,20,3,26,43
12,20,3,27,19
12,20,3,28,28
12,20,3,29,25
12,20,3,30,24
12,20,3,31,112
12,20,3,32,19
12,20,3,33,13
12,20,3,34,13
12,20,3,35,89
12,20,3,36,42
12,20,3,37,39
12,20,3,38,37
12,20,3,39,89
12,20,3,40,64
12,20,3,41,83
12,20,3,42,126
12,20,3,43,124
12,20,3,44,85
12,20,3,45,127
12,20,3,46,12
12,20,3,47,10
12,20,3,48,124
12,20,3,49,31
12,20,3,50,123
12,20,3,51,118
12,20,3,52,117
12,20,3,53,112
12,20,3,54,12
12,20,3,55,124
12,20,3,56,62
12,20,3,57,120
12,20,3,58,111
12,20,3,59,112
12,20,3,60,115
12,20,3,61,101
12,20,3,62,118
12,20,3,63,108
12,20,3,64,112
12,20,3,65,17
12,20,3,66,108
12,20,3,67,110
12,20,3,68,113
12,20,3,69,28
12,20,3,70,111
12,20,3,71,13
12,20,3,72,109
12,20,3,73,44
12,20,3,74,111
12,20,3,75,105
12,20,3,76,109
12,20,3,77,110
12,20,3,78,109
12,20,3,79,107
12,20,3,80,102
12,20,3,81,99
12,20,3,82,100
12,20,3,83,98
12,20,3,84,100
12,20,3,85,101
12,20,3,86,97
12,20,3,87,102
12,20,3,88,102
12,20,3,89,99
12,20,3,90,98
12,20,3,91,103
12,20,3,92,95
12,20,3,93,97
12,20,3,94,96
12,20,3,95,93
12,20,3,96,88
12,20,3,97,90
12,20,3,98,50
12,20,3,99,88
12,20,3,100,47
12,20,3,101,88
12,20,3,102,93
12,20,3,103,90
12,20,3,104,38
12,20,3,105,91
12,20,3,106,86
12,20,3,107,93
12,20,3,108,87
12,20,3,109,86
12,20,3,110,16
12,20,3,111,83
12,20,3,112,82
12,20,3,113,83
12,20,3,114,81
12,20,3,115,78
12,20,3,116,70
12,20,3,117,75
12,20,3,118,70
12,20,3,119,73
12,20,3,120,73
12,20,3,121,72
12,20,3,122,53
12,20,3,123,52
12,20,3,124,73
12,20,3,125,68
12,20,3,126,71
12,20,3,127,63
12,20,3,128,66
12,20,3,129,70
12,20,3,130,16
12,20,3,131,70
12,20,3,132,15
12,20,3,133,15
12,20,3,134,65
12,20,3,135,65
12,20,3,136,66
12,20,3,137,66
12,20,3,138,62
12,20,3,139,58
12,20,3,140,65
12,20,3,141,59
12,20,3,142,18
12,20,3,143,59
12,20,3,144,56
12,20,3,145,59
12,20,3,146,64
12,20,3,147,31
12,20,3,148,45
12,20,3,149,60
12,20,3,150,55
12,20,3,151,59
12,20,3,152,56
12,20,3,153,53
12,20,3,154,52
12,20,3,155,54
12,20,3,156,51
12,20,3,157,50
12,20,3,158,50
12,20,3,159,47
12,20,3,160,48
12,20,3,161,51
12,20,3,162,48
12,20,3,163,47
12,20,3,164,45
12,20,3,165,48
12,20,3,166,49
12,20,3,167,50
12,20,3,168,29
12,20,3,169,42
12,20,3,170,37
12,20,3,171,41
12,20,3,172,43
12,20,3,173,38
12,20,3,174,40
12,20,3,175,39
12,20,3,176,21
12,20,3,177,36
12,20,3,178,37
12,20,3,179,37
12,20,3,180,37
12,20,3,181,36
12,20,3,182,34
12,20,3,183,31
12,20,3,184,31
12,20,3,185,32
12,20,3,186,28
12,20,3,187,32
12,20,3,188,31
12,20,3,189,28
12,20,3,190,27
12,20,3,191,29
12,20,3,192,31
12,20,3,193,24
12,20,3,194,23
12,20,3,195,26
12,20,3,196,25
12,20,3,197,25
12,20,3,198,23
12,20,3,199,24
12,20,3,200,24
12,20,3,201,24
12,20,3,202,22
12,20,3,203,21
12,20,3,204,20
12,20,3,205,21
12,20,3,206,21
12,20,3,207,20
12,20,3,208,21
12,20,3,209,17
12,20,3,210,17
12,20,3,211,17
12,20,3,212,17
12,20,3,213,15
12,20,3,214,15
12,20,3,215,17
12,20,3,216,15
12,20,3,217,15
12,20,3,218,13
12,20,3,219,13
12,20,3,220,13
12,20,3,221,11
12,20,3,222,9
12,20,3,223,13
12,20,3,224,12
12,20,3,225,10
12,20,3,226,11
12,20,3,227,9
12,20,3,228,8
12,20,3,229,8
12,20,3,230,8
12,20,3,231,7
12,20,3,232,10
12,20,3,233,7
12,20,3,234,7
12,20,3,235,5
12,20,3,236,7
12,20,3,237,6
12,20,3,238,4
12,20,3,239,5
12,20,3,240,7
12,20,3,241,6
12,20,3,242,5
12,20,3,243,6
12,20,3,244,4
12,20,3,245,4
12,20,3,246,2
12,20,3,247,1
12,20,3,248,0
12,20,3,249,1
12,20,4,0,0
12,20,4,1,0
12,20,4,2,0
12,20,4,3,0
12,20,4,4,0
12,20,4,5,1
12,20,4,6,0
12,20,4,7,0
12,20,4,8,1
12,20,4,9,0
12,20,4,10,1
12,20,4,11,0
12,20,4,12,2
12,20,4,13,24
12,20,4,14,11
12,20,4,15,8
12,20,4,16,17
12,20,4,17,27
12,20,4,18,16
12,20,4,19,0
12,20,4,20,21
12,20,4,21,20
12,20,4,22,10
12,20,4,23,20
12,20,4,24,9
12,20,4,25,19
12,20,4,26,14
12,20,4,27,20
12,20,4,28,17
12,20,4,29,16
12,20,4,30,15
12,20,4,31,15
12,20,4,32,15
12,20,4,33,12
12,20,4,34,12
12,20,4,35,13
12,20,4,36,11
12,20,4,37,8
12,20,4,38,130
12,20,4,39,63
12,20,4,40,127
12,20,4,41,125
12,20,4,42,123
12,20,4,43,34
12,20,4,44,35
12,20,4,45,126
12,20,4,46,121
12,20,4,47,123
12,20,4,48,120
12,20,4,49,11
12,20,4,50,9
12,20,4,51,36
12,20,4,52,34
12,20,4,53,85
12,20,4,54,120
12,20,4,55,120
12,20,4,56,117
12,20,4,57,111
12,20,4,58,114
12,20,4,59,73
12,20,4,60,122
12,20,4,61,38
12,20,4,62,37
12,20,4,63,115
12,20,4,64,109
12,20,4,65,103
12,20,4,66,35
12,20,4,67,115
12,20,4,68,106
12,20,4,69,80
12,20,4,70,114
12,20,4,71,107
12,20,4,72,102
12,20,4,73,104
12,20,4,74,100
12,20,4,75,104
12,20,4,76,100
12,20,4,77,109
12,20,4,78,71
12,20,4,79,74
12,20,4,80,74
12,20,4,81,104
12,20,4,82,101
12,20,4,83,100
12,20,4,84,93
12,20,4,85,71
12,20,4,86,102
12,20,4,87,100
12,20,4,88,100
12,20,4,89,101
12,20,4,90,79
12,20,4,91,96
12,20,4,92,95
12,20,4,93,100
12,20,4,94,94
12,20,4,95,78
12,20,4,96,98
12,20,4,97,70
12,20,4,98,98
12,20,4,99,95
12,20,4,100,96
12,20,4,101,93
12,20,4,102,35
12,20,4,103,93
12,20,4,104,93
12,20,4,105,90
12,20,4,106,92
12,20,4,107,84
12,20,4,108,88
12,20,4,109,82
12,20,4,110,84
12,20,4,111,82
12,20,4,112,83
12,20,4,113,76
12,20,4,114,74
12,20,4,115,74
12,20,4,116,73
12,20,4,117,74
12,20,4,118,76
12,20,4,119,79
12,20,4,120,81
12,20,4,121,76
12,20,4,122,83
12,20,4,123,76
12,20,4,124,72
12,20,4,125,69
12,20,4,126,71
12,20,4,127,70
12,20,4,128,70
12,20,4,129,77
12,20,4,130,18
12,20,4,131,70
12,20,4,132,67
12,20,4,133,67
12,20,4,134,55
12,20,4,135,68
12,20,4,136,33
12,20,4,137,68
12,20,4,138,65
12,20,4,139,64
12,20,4,140,63
12,20,4,141,64
12,20,4,142,64
12,20,4,143,46
12,20,4,144,45
12,20,4,145,60
12,20,4,146,46
12,20,4,147,64
12,20,4,148,58
12,20,4,149,57
12,20,4,150,56
12,20,4,151,56
12,20,4,152,52
12,20,4,153,49
12,20,4,154,55
12,20,4,155,51
12,20,4,156,50
12,20,4,157,50
12,20,4,158,50
12,20,4,159,50
12,20,4,160,48
12,20,4,161,44
12,20,4,162,45
12,20,4,163,48
12,20,4,164,50
12,20,4,165,31
12,20,4,166,48
12,20,4,167,47
12,20,4,168,44
12,20,4,169,38
12,20,4,170,39
12,20,4,171,43
12,20,4,172,39
12,20,4,173,42
12,20,4,174,41
12,20,4,175,28
12,20,4,176,36
12,20,4,177,38
12,20,4,178,38
12,20,4,179,34
12,20,4,180,35
12,20,4,181,33
12,20,4,182,32
12,20,4,183,33
12,20,4,184,32
12,20,4,185,35
12,20,4,186,31
12,20,4,187,29
12,20,4,188,29
12,20,4,189,28
12,20,4,190,27
12,20,4,191,27
12,20,4,192,26
12,20,4,193,25
12,20,4,194,24
12,20,4,195,23
12,20,4,196,25
12,20,4,197,24
12,20,4,198,23
12,20,4,199,22
12,20,4,200,22
12,20,4,201,23
12,20,4,202,23
12,20,4,203,23
12,20,4,204,22
12,20,4,205,23
12,20,4,206,21
12,20,4,207,19
12,20,4,208,17
12,20,4,209,17
12,20,4,210,16
12,20,4,211,16
12,20,4,212,17
12,20,4,213,13
12,20,4,214,14
12,20,4,215,11
12,20,4,216,14
12,20,4,217,13
12,20,4,218,15
12,20,4,219,13
12,20,4,220,13
12,20,4,221,14
12,20,4,222,11
12,20,4,223,13
12,20,4,224,11
12,20,4,225,11
12,20,4,226,12
12,20,4,227,10
12,20,4,228,10
12,20,4,229,9
12,20,4,230,8
12,20,4,231,8
12,20,4,232,7
12,20,4,233,7
12,20,4,234,7
12,20,4,235,8
12,20,4,236,7
12,20,4,237,5
12,20,4,238,7
12,20,4,239,5
12,20,4,240,6
12,20,4,241,4
12,20,4,242,6
12,20,4,243,4
12,20,4,244,4
12,20,4,245,3
12,20,4,246,1
12,20,4,247,0
12,20,4,248,2
12,20,4,249,1
12,20,5,0,0
12,20,5,1,0
12,20,5,2,0
12,20,5,3,0
12,20,5,4,0
12,20,5,5,0
12,20,5,6,1
12,20,5,7,0
12,20,5,8,6
12,20,5,9,3
12,20,5,10,3
12,20,5,11,4
12,20,5,12,0
12,20,5,13,14
12,20,5,14,3
12,20,5,15,14
12,20,5,16,24
12,20,5,17,20
12,20,5,18,21
12,20,5,19,21
12,20,5,20,20
12,20,5,21,25
12,20,5,22,24
12,20,5,23,18
12,20,5,24,15
12,20,5,25,22
12,20,5,26,18
12,20,5,27,18
12,20,5,28,15
12,20,5,29,45
12,20,5,30,16
12,20,5,31,12
12,20,5,32,13
12,20,5,33,14
12,20,5,34,87
12,20,5,35,37
12,20,5,36,84
12,20,5,37,64
12,20,5,38,129
12,20,5,39,131
12,20,5,40,128
12,20,5,41,42
12,20,5,42,117
12,20,5,43,125
12,20,5,44,130
12,20,5,45,123
12,20,5,46,124
12,20,5,47,124
12,20,5,48,34
12,20,5,49,34
12,20,5,50,33
12,20,5,51,30
12,20,5,52,33
12,20,5,53,34
12,20,5,54,119
12,20,5,55,121
12,20,5,56,113
12,20,5,57,22
12,20,5,58,104
12,20,5,59,117
12,20,5,60,113
12,20,5,61,110
12,20,5,62,112
12,20,5,63,109
12,20,5,64,102
12,20,5,65,105
12,20,5,66,16
12,20,5,67,16
12,20,5,68,104
12,20,5,69,106
12,20,5,70,105
12,20,5,71,111
12,20,5,72,76
12,20,5,73,104
12,20,5,74,94
12,20,5,75,108
12,20,5,76,102
12,20,5,77,107
12,20,5,78,107
12,20,5,79,104
12,20,5,80,101
12,20,5,81,101
12,20,5,82,12
12,20,5,83,11
12,20,5,84,96
12,20,5,85,99
12,20,5,86,100
12,20,5,87,96
12,20,5,88,91
12,20,5,89,99
12,20,5,90,104
12,20,5,91,99
12,20,5,92,95
12,20,5,93,97
12,20,5,94,94
12,20,5,95,94
12,20,5,96,93
12,20,5,97,92
12,20,5,98,87
12,20,5,99,87
12,20,5,100,91
12,20,5,101,89
12,20,5,102,93
12,20,5,103,87
12,20,5,104,89
12,20,5,105,82
12,20,5,106,88
12,20,5,107,57
12,20,5,108,91
12,20,5,109,86
12,20,5,110,84
12,20,5,111,79
12,20,5,112,79
12,20,5,113,78
12,20,5,114,79
12,20,5,115,81
12,20,5,116,80
12,20,5,117,67
12,20,5,118,79
12,20,5,119,82
12,20,5,120,67
12,20,5,121,79
12,20,5,122,76
12,20,5,123,74
12,20,5,124,77
12,20,5,125,71
12,20,5,126,74
12,20,5,127,70
12,20,5,128,54
12,20,5,129,66
12,20,5,130,73
12,20,5,131,66
12,20,5,132,68
12,20,5,133,66
12,20,5,134,69
12,20,5,135,68
12,20,5,136,70
12,20,5,137,69
12,20,5,138,67
12,20,5,139,62
12,20,5,140,52
12,20,5,141,66
12,20,5,142,66
12,20,5,143,61
12,20,5,144,57
12,20,5,145,57
12,20,5,146,62
12,20,5,147,56
12,20,5,148,61
12,20,5,149,55
12,20,5,150,55
12,20,5,151,51
12,20,5,152,52
12,20,5,153,55
12,20,5,154,54
12,20,5,155,50
12,20,5,156,50
12,20,5,157,52
12,20,5,158,50
12,20,5,159,37
12,20,5,160,49
12,20,5,161,52
12,20,5,162,47
12,20,5,163,49
12,20,5,164,45
12,20,5,165,45
12,20,5,166,45
12,20,5,167,42
12,20,5,168,49
12,20,5,169,42
12,20,5,170,43
12,20,5,171,44
12,20,5,172,43
12,20,5,173,42
12,20,5,174,43
12,20,5,175,39
12,20,5,176,37
12,20,5,177,33
12,20,5,178,42
12,20,5,179,40
12,20,5,180,35
12,20,5,181,36
12,20,5,182,32
12,20,5,183,32
12,20,5,184,31
12,20,5,185,29
12,20,5,186,32
12,20,5,187,31
12,20,5,188,29
12,20,5,189,31
12,20,5,190,29
12,20,5,191,28
12,20,5,192,30
12,20,5,193,25
12,20,5,194,25
12,20,5,195,23
12,20,5,196,23
12,20,5,197,26
12,20,5,198,23
12,20,5,199,23
12,20,5,200,24
12,20,5,201,21
12,20,5,202,23
12,20,5,203,21
12,20,5,204,22
12,20,5,205,20
12,20,5,206,20
12,20,5,207,18
12,20,5,208,17
12,20,5,209,21
12,20,5,210,17
12,20,5,211,17
12,20,5,212,16
12,20,5,213,18
12,20,5,214,18
12,20,5,215,15
12,20,5,216,17
12,20,5,217,14
12,20,5,218,15
12,20,5,219,14
12,20,5,220,15
12,20,5,221,16
12,20,5,222,13
12,20,5,223,13
12,20,5,224,11
12,20,5,225,10
12,20,5,226,11
12,20,5,227,10
12,20,5,228,10
12,20,5,229,10
12,20,5,230,9
12,20,5,231,9
12,20,5,232,9
12,20,5,233,8
12,20,5,234,9
12,20,5,235,8
12,20,5,236,7
12,20,5,237,6
12,20,5,238,7
12,20,5,239,7
12,20,5,240,7
12,20,5,241,4
12,20,5,242,6
12,20,5,243,4
12,20,5,244,3
12,20,5,245,3
12,20,5,246,2
12,20,5,247,1
12,20,6,0,0
12,20,6,1,0
12,20,6,2,0
12,20,6,3,0
12,20,6,4,0
12,20,6,5,2
12,20,6,6,1
12,20,6,7,2
12,20,6,8,1
12,20,6,9,0
12,20,6,10,0
12,20,6,11,1
12,20,6,12,20
12,20,6,13,4
12,20,6,14,3
12,20,6,15,2
12,20,6,16,24
12,20,6,17,23
12,20,6,18,24
12,20,6,19,23
12,20,6,20,14
12,20,6,21,20
12,20,6,22,21
12,20,6,23,21
12,20,6,24,44
12,20,6,25,21
12,20,6,26,22
12,20,6,27,24
12,20,6,28,21
12,20,6,29,19
12,20,6,30,38
12,20,6,31,37
12,20,6,32,61
12,20,6,33,16
12,20,6,34,68
12,20,6,35,96
12,20,6,36,99
12,20,6,37,128
12,20,6,38,131
12,20,6,39,124
12,20,6,40,13
12,20,6,41,126
12,20,6,42,126
12,20,6,43,33
12,20,6,44,123
12,20,6,45,127
12,20,6,46,120
12,20,6,47,80
12,20,6,48,119
12,20,6,49,124
12,20,6,50,119
12,20,6,51,123
12,20,6,52,38
12,20,6,53,107
12,20,6,54,112
12,20,6,55,118
12,20,6,56,12
12,20,6,57,114
12,20,6,58,120
12,20,6,59,113
12,20,6,60,111
12,20,6,61,72
12,20,6,62,10
12,20,6,63,76
12,20,6,64,122
12,20,6,65,71
12,20,6,66,14
12,20,6,67,15
12,20,6,68,14
12,20,6,69,116
12,20,6,70,108
12,20,6,71,107
12,20,6,72,107
12,20,6,73,109
12,20,6,74,97
12,20,6,75,99
12,20,6,76,91
12,20,6,77,6
12,20,6,78,109
12,20,6,79,68
12,20,6,80,114
12,20,6,81,109
12,20,6,82,97
12,20,6,83,103
12,20,6,84,98
12,20,6,85,102
12,20,6,86,102
12,20,6,87,100
12,20,6,88,101
12,20,6,89,103
12,20,6,90,95
12,20,6,91,97
12,20,6,92,92
12,20,6,93,88
12,20,6,94,93
12,20,6,95,88
12,20,6,96,92
12,20,6,97,15
12,20,6,98,93
12,20,6,99,89
12,20,6,100,91
12,20,6,101,89
12,20,6,102,85
12,20,6,103,62
12,20,6,104,61
12,20,6,105,84
12,20,6,106,89
12,20,6,107,89
12,20,6,108,83
12,20,6,109,86
12,20,6,110,86
12,20,6,111,87
12,20,6,112,86
12,20,6,113,84
12,20,6,114,79
12,20,6,115,82
12,20,6,116,79
12,20,6,117,77
12,20,6,118,72
12,20,6,119,71
12,20,6,120,77
12,20,6,121,76
12,20,6,122,70
12,20,6,123,68
12,20,6,124,73
12,20,6,125,67
12,20,6,126,74
12,20,6,127,72
12,20,6,128,74
12,20,6,129,72
12,20,6,130,76
12,20,6,131,72
12,20,6,132,70
12,20,6,133,73
12,20,6,134,68
12,20,6,135,68
12,20,6,136,62
12,20,6,137,60
12,20,6,138,66
12,20,6,139,61
12,20,6,140,62
12,20,6,141,64
12,20,6,142,61
12,20,6,143,59
12,20,6,144,55
12,20,6,145,57
12,20,6,146,57
12,20,6,147,60
12,20,6,148,59
12,20,6,149,52
12,20,6,150,53
12,20,6,151,55
12,20,6,152,56
12,20,6,153,52
12,20,6,154,37
12,20,6,155,50
12,20,6,156,34
12,20,6,157,50
12,20,6,158,33
12,20,6,159,32
12,20,6,160,49
12,20,6,161,47
12,20,6,162,27
12,20,6,163,50
12,20,6,164,46
12,20,6,165,47
12,20,6,166,49
12,20,6,167,51
12,20,6,168,49
12,20,6,169,32
12,20,6,170,46
12,20,6,171,44
12,20,6,172,43
12,20,6,173,46
12,20,6,174,46
12,20,6,175,37
12,20,6,176,39
12,20,6,177,33
12,20,6,178,40
12,20,6,179,40
12,20,6,180,41
12,20,6,181,36
12,20,6,182,36
12,20,6,183,34
12,20,6,184,38
12,20,6,185,35
12,20,6,186,33
12,20,6,187,32
12,20,6,188,32
12,20,6,189,36
12,20,6,190,30
12,20,6,191,35
12,20,6,192,29
12,20,6,193,28
12,20,6,194,28
12,20,6,195,24
12,20,6,196,24
12,20,6,197,21
12,20,6,198,26
12,20,6,199,23
12,20,6,200,26
12,20,6,201,25
12,20,6,202,24
12,20,6,203,20
12,20,6,204,23
12,20,6,205,21
12,20,6,206,19
12,20,6,207,19
12,20,6,208,18
12,20,6,209,21
12,20,6,210,20
12,20,6,211,15
12,20,6,212,17
12,20,6,213,16
12,20,6,214,18
12,20,6,215,18
12,20,6,216,17
12,20,6,217,16
12,20,6,218,13
12,20,6,219,14
12,20,6,220,14
12,20,6,221,15
12,20,6,222,13
12,20,6,223,11
12,20,6,224,11
12,20,6,225,9
12,20,6,226,8
12,20,6,227,8
12,20,6,228,10
12,20,6,229,9
12,20,6,230,10
12,20,6,231,10
12,20,6,232,10
12,20,6,233,9
12,20,6,234,10
12,20,6,235,10
12,20,6,236,7
12,20,6,237,9
12,20,6,238,9
12,20,6,239,6
12,20,6,240,6
12,20,6,241,3
12,20,6,242,5
12,20,6,243,4
12,20,6,244,3
12,20,6,245,3
12,20,6,246,0
12,20,6,247,0
12,20,6,248,2
12,20,6,249,1
12,20,7,0,0
12,20,7,1,0
12,20,7,2,0
12,20,7,3,0
12,20,7,4,0
12,20,7,5,0
12,20,7,6,0
12,20,7,7,0
12,20,7,8,2
12,20,7,9,2
12,20,7,10,1
12,20,7,11,0
12,20,7,12,0
12,20,7,13,0
12,20,7,14,22
12,20,7,15,14
12,20,7,16,24
12,20,7,17,15
12,20,7,18,15
12,20,7,19,19
12,20,7,20,17
12,20,7,21,21
12,20,7,22,20
12,20,7,23,12
12,20,7,24,11
12,20,7,25,41
12,20,7,26,17
12,20,7,27,16
12,20,7,28,47
12,20,7,29,15
12,20,7,30,39
12,20,7,31,44
12,20,7,32,39
12,20,7,33,134
12,20,7,34,108
12,20,7,35,125
12,20,7,36,121
12,20,7,37,111
12,20,7,38,62
12,20,7,39,64
12,20,7,40,126
12,20,7,41,64
12,20,7,42,132
12,20,7,43,122
12,20,7,44,35
12,20,7,45,121
12,20,7,46,36
12,20,7,47,125
12,20,7,48,124
12,20,7,49,125
12,20,7,50,107
12,20,7,51,118
12,20,7,52,118
12,20,7,53,117
12,20,7,54,113
12,20,7,55,115
12,20,7,56,117
12,20,7,57,120
12,20,7,58,36
12,20,7,59,9
12,20,7,60,39
12,20,7,61,38
12,20,7,62,52
12,20,7,63,109
12,20,7,64,109
12,20,7,65,109
12,20,7,66,111
12,20,7,67,110
12,20,7,68,112
12,20,7,69,54
12,20,7,70,51
12,20,7,71,114
12,20,7,72,100
12,20,7,73,99
12,20,7,74,106
12,20,7,75,97
12,20,7,76,88
12,20,7,77,57
12,20,7,78,100
12,20,7,79,104
12,20,7,80,55
12,20,7,81,94
12,20,7,82,95
12,20,7,83,30
12,20,7,84,28
12,20,7,85,28
12,20,7,86,24
12,20,7,87,90
12,20,7,88,93
12,20,7,89,44
12,20,7,90,44
12,20,7,91,98
12,20,7,92,96
12,20,7,93,56
12,20,7,94,60
12,20,7,95,94
12,20,7,96,90
12,20,7,97,41
12,20,7,98,83
12,20,7,99,91
12,20,7,100,90
12,20,7,101,93
12,20,7,102,84
12,20,7,103,85
12,20,7,104,20
12,20,7,105,84
12,20,7,106,86
12,20,7,107,44
12,20,7,108,79
12,20,7,109,83
12,20,7,110,45
12,20,7,111,46
12,20,7,112,83
12,20,7,113,80
12,20,7,114,83
12,20,7,115,81
12,20,7,116,80
12,20,7,117,75
12,20,7,118,77
12,20,7,119,76
12,20,7,120,77
12,20,7,121,76
12,20,7,122,15
12,20,7,123,77
12,20,7,124,75
12,20,7,125,77
12,20,7,126,75
12,20,7,127,69
12,20,7,128,76
12,20,7,129,72
12,20,7,130,78
12,20,7,131,77
12,20,7,132,74
12,20,7,133,66
12,20,7,134,64
12,20,7,135,67
12,20,7,136,68
12,20,7,137,66
12,20,7,138,67
12,20,7,139,64
12,20,7,140,63
12,20,7,141,64
12,20,7,142,63
12,20,7,143,63
12,20,7,144,63
12,20,7,145,63
12,20,7,146,67
12,20,7,147,51
12,20,7,148,55
12,20,7,149,62
12,20,7,150,62
12,20,7,151,61
12,20,7,152,59
12,20,7,153,59
12,20,7,154,56
12,20,7,155,53
12,20,7,156,55
12,20,7,157,54
12,20,7,158,45
12,20,7,159,52
12,20,7,160,51
12,20,7,161,51
12,20,7,162,49
12,20,7,163,50
12,20,7,164,45
12,20,7,165,48
12,20,7,166,50
12,20,7,167,46
12,20,7,168,45
12,20,7,169,44
12,20,7,170,42
12,20,7,171,45
12,20,7,172,44
12,20,7,173,43
12,20,7,174,45
12,20,7,175,40
12,20,7,176,44
12,20,7,177,39
12,20,7,178,41
12,20,7,179,41
12,20,7,180,37
12,20,7,181,40
12,20,7,182,40
12,20,7,183,37
12,20,7,184,36
12,20,7,185,33
12,20,7,186,40
12,20,7,187,38
12,20,7,188,32
12,20,7,189,33
12,20,7,190,30
12,20,7,191,15
12,20,7,192,31
12,20,7,193,28
12,20,7,194,29
12,20,7,195,27
12,20,7,196,28
12,20,7,197,30
12,20,7,198,26
12,20,7,199,26
12,20,7,200,26
12,20,7,201,28
12,20,7,202,24
12,20,7,203,23
12,20,7,204,23
12,20,7,205,23
12,20,7,206,24
12,20,7,207,22
12,20,7,208,21
12,20,7,209,23
12,20,7,210,21
12,20,7,211,20
12,20,7,212,19
12,20,7,213,17
12,20,7,214,17
12,20,7,215,13
12,20,7,216,12
12,20,7,217,17
12,20,7,218,11
12,20,7,219,16
12,20,7,220,12
12,20,7,221,10
12,20,7,222,8
12,20,7,223,11
12,20,7,224,9
12,20,7,225,10
12,20,7,226,11
12,20,7,227,10
12,20,7,228,7
12,20,7,229,10
12,20,7,230,8
12,20,7,231,10
12,20,7,232,9
12,20,7,233,7
12,20,7,234,7
12,20,7,235,8
12,20,7,236,6
12,20,7,237,5
12,20,7,238,5
12,20,7,239,5
12,20,7,240,4
12,20,7,241,7
12,20,7,242,5
12,20,7,243,4
12,20,7,244,4
12,20,7,245,3
12,20,7,246,3
12,20,7,247,2
12,20,7,248,2
12,20,7,249,0
12,20,7,250,0
12,20,7,251,1
12,20,7,252,1
12,20,7,253,1
12,20,7,254,1
12,20,8,0,0
12,20,8,1,0
12,20,8,2,0
12,20,8,3,0
12,20,8,4,0
12,20,8,5,0
12,20,8,6,3
12,20,8,7,2
12,20,8,8,1
12,20,8,9,0
12,20,8,10,3
12,20,8,11,2
12,20,8,12,8
12,20,8,13,21
12,20,8,14,18
12,20,8,15,15
12,20,8,16,12
12,20,8,17,12
12,20,8,18,10
12,20,8,19,18
12,20,8,20,15
12,20,8,21,14
12,20,8,22,11
12,20,8,23,45
12,20,8,24,25
12,20,8,25,77
12,20,8,26,13
12,20,8,27,71
12,20,8,28,92
12,20,8,29,75
12,20,8,30,26
12,20,8,31,69
12,20,8,32,43
12,20,8,33,117
12,20,8,34,43
12,20,8,35,41
12,20,8,36,100
12,20,8,37,56
12,20,8,38,130
12,20,8,39,131
12,20,8,40,88
12,20,8,41,129
12,20,8,42,35
12,20,8,43,127
12,20,8,44,39
12,20,8,45,125
12,20,8,46,120
12,20,8,47,24
12,20,8,48,37
12,20,8,49,34
12,20,8,50,32
12,20,8,51,118
12,20,8,52,13
12,20,8,53,119
12,20,8,54,88
12,20,8,55,106
12,20,8,56,92
12,20,8,57,114
12,20,8,58,118
12,20,8,59,119
12,20,8,60,34
12,20,8,61,115
12,20,8,62,112
12,20,8,63,113
12,20,8,64,114
12,20,8,65,108
12,20,8,66,27
12,20,8,67,50
12,20,8,68,24
12,20,8,69,111
12,20,8,70,28
12,20,8,71,100
12,20,8,72,105
12,20,8,73,105
12,20,8,74,72
12,20,8,75,98
12,20,8,76,94
12,20,8,77,23
12,20,8,78,19
12,20,8,79,110
12,20,8,80,99
12,20,8,81,96
12,20,8,82,100
12,20,8,83,99
12,20,8,84,98
12,20,8,85,80
12,20,8,86,100
12,20,8,87,100
12,20,8,88,93
12,20,8,89,26
12,20,8,90,91
12,20,8,91,95
12,20,8,92,27
12,20,8,93,89
12,20,8,94,85
12,20,8,95,92
12,20,8,96,89
12,20,8,97,93
12,20,8,98,78
12,20,8,99,91
12,20,8,100,90
12,20,8,101,90
12,20,8,102,89
12,20,8,103,88
12,20,8,104,86
12,20,8,105,83
12,20,8,106,36
12,20,8,107,78
12,20,8,108,82
12,20,8,109,81
12,20,8,110,82
12,20,8,111,57
12,20,8,112,81
12,20,8,113,82
12,20,8,114,27
12,20,8,115,76
12,20,8,116,79
12,20,8,117,79
12,20,8,118,79
12,20,8,119,79
12,20,8,120,77
12,20,8,121,76
12,20,8,122,78
12,20,8,123,76
12,20,8,124,20
12,20,8,125,72
12,20,8,126,74
12,20,8,127,69
12,20,8,128,72
12,20,8,129,70
12,20,8,130,60
12,20,8,131,64
12,20,8,132,72
12,20,8,133,68
12,20,8,134,68
12,20,8,135,65
12,20,8,136,65
12,20,8,137,61
12,20,8,138,63
12,20,8,139,60
12,20,8,140,58
12,20,8,141,64
12,20,8,142,62
12,20,8,143,59
12,20,8,144,57
12,20,8,145,56
12,20,8,146,59
12,20,8,147,60
12,20,8,148,61
12,20,8,149,61
12,20,8,150,65
12,20,8,151,19
12,20,8,152,55
12,20,8,153,58
12,20,8,154,55
12,20,8,155,53
12,20,8,156,50
12,20,8,157,51
12,20,8,158,49
12,20,8,159,50
12,20,8,160,53
12,20,8,161,53
12,20,8,162,48
12,20,8,163,46
12,20,8,164,23
12,20,8,165,43
12,20,8,166,46
12,20,8,167,46
12,20,8,168,44
12,20,8,169,44
12,20,8,170,40
12,20,8,171,40
12,20,8,172,42
12,20,8,173,37
12,20,8,174,41
12,20,8,175,40
12,20,8,176,38
12,20,8,177,39
12,20,8,178,43
12,20,8,179,38
12,20,8,180,35
12,20,8,181,36
12,20,8,182,35
12,20,8,183,37
12,20,8,184,34
12,20,8,185,38
12,20,8,186,35
12,20,8,187,26
12,20,8,188,35
12,20,8,189,35
12,20,8,190,16
12,20,8,191,25
12,20,8,192,24
12,20,8,193,31
12,20,8,194,30
12,20,8,195,29
12,20,8,196,28
12,20,8,197,27
12,20,8,198,27
12,20,8,199,27
12,20,8,200,24
12,20,8,201,24
12,20,8,202,24
12,20,8,203,20
12,20,8,204,23
12,20,8,205,21
12,20,8,206,23
12,20,8,207,20
12,20,8,208,18
12,20,8,209,17
12,20,8,210,16
12,20,8,211,11
12,20,8,212,21
12,20,8,213,18
12,20,8,214,16
12,20,8,215,15
12,20,8,216,14
12,20,8,217,13
12,20,8,218,12
12,20,8,219,12
12,20,8,220,14
12,20,8,221,14
12,20,8,222,14
12,20,8,223,11
12,20,8,224,9
12,20,8,225,11
12,20,8,226,13
12,20,8,227,11
12,20,8,228,9
12,20,8,229,6
12,20,8,230,6
12,20,8,231,7
12,20,8,232,7
12,20,8,233,6
12,20,8,234,5
12,20,8,235,7
12,20,8,236,8
12,20,8,237,7
12,20,8,238,6
12,20,8,239,5
12,20,8,240,5
12,20,8,241,4
12,20,8,242,4
12,20,8,243,2
12,20,8,244,3
12,20,8,245,2
12,20,8,246,1
12,20,9,0,0
12,20,9,1,0
12,20,9,2,0
12,20,9,3,0
12,20,9,4,0
12,20,9,5,0
12,20,9,6,4
12,20,9,7,4
12,20,9,8,3
12,20,9,9,0
12,20,9,10,12
12,20,9,11,26
12,20,9,12,13
12,20,9,13,26
12,20,9,14,19
12,20,9,15,14
12,20,9,16,15
12,20,9,17,19
12,20,9,18,15
12,20,9,19,22
12,20,9,20,12
12,20,9,21,17
12,20,9,22,22
12,20,9,23,20
12,20,9,24,12
12,20,9,25,16
12,20,9,26,37
12,20,9,27,13
12,20,9,28,10
12,20,9,29,7
12,20,9,30,9
12,20,9,31,10
12,20,9,32,11
12,20,9,33,41
12,20,9,34,64
12,20,9,35,116
12,20,9,36,8
12,20,9,37,119
12,20,9,38,37
12,20,9,39,85
12,20,9,40,128
12,20,9,41,113
12,20,9,42,35
12,20,9,43,114
12,20,9,44,114
12,20,9,45,125
12,20,9,46,114
12,20,9,47,125
12,20,9,48,109
12,20,9,49,112
12,20,9,50,109
12,20,9,51,103
12,20,9,52,103
12,20,9,53,117
12,20,9,54,123
12,20,9,55,119
12,20,9,56,118
12,20,9,57,104
12,20,9,58,63
12,20,9,59,62
12,20,9,60,57
12,20,9,61,44
12,20,9,62,114
12,20,9,63,115
12,20,9,64,111
12,20,9,65,109
12,20,9,66,113
12,20,9,67,109
12,20,9,68,114
12,20,9,69,112
12,20,9,70,110
12,20,9,71,106
12,20,9,72,104
12,20,9,73,103
12,20,9,74,104
12,20,9,75,99
12,20,9,76,111
12,20,9,77,109
12,20,9,78,14
12,20,9,79,97
12,20,9,80,11
12,20,9,81,99
12,20,9,82,94
12,20,9,83,98
12,20,9,84,97
12,20,9,85,94
12,20,9,86,92
12,20,9,87,99
12,20,9,88,95
12,20,9,89,94
12,20,9,90,53
12,20,9,91,93
12,20,9,92,99
12,20,9,93,96
12,20,9,94,92
12,20,9,95,78
12,20,9,96,76
12,20,9,97,92
12,20,9,98,70
12,20,9,99,82
12,20,9,100,89
12,20,9,101,89
12,20,9,102,87
12,20,9,103,87
12,20,9,104,89
12,20,9,105,84
12,20,9,106,13
12,20,9,107,83
12,20,9,108,69
12,20,9,109,84
12,20,9,110,83
12,20,9,111,79
12,20,9,112,39
12,20,9,113,82
12,20,9,114,83
12,20,9,115,88
12,20,9,116,84
12,20,9,117,81
12,20,9,118,79
12,20,9,119,74
12,20,9,120,73
12,20,9,121,74
12,20,9,122,72
12,20,9,123,18
12,20,9,124,74
12,20,9,125,72
12,20,9,126,71
12,20,9,127,67
12,20,9,128,69
12,20,9,129,59
12,20,9,130,60
12,20,9,131,67
12,20,9,132,68
12,20,9,133,66
12,20,9,134,66
12,20,9,135,61
12,20,9,136,56
12,20,9,137,64
12,20,9,138,53
12,20,9,139,66
12,20,9,140,64
12,20,9,141,15
12,20,9,142,61
12,20,9,143,59
12,20,9,144,58
12,20,9,145,57
12,20,9,146,56
12,20,9,147,16
12,20,9,148,51
12,20,9,149,49
12,20,9,150,51
12,20,9,151,46
12,20,9,152,48
12,20,9,153,53
12,20,9,154,48
12,20,9,155,49
12,20,9,156,52
12,20,9,157,15
12,20,9,158,52
12,20,9,159,48
12,20,9,160,46
12,20,9,161,43
12,20,9,162,46
12,20,9,163,42
12,20,9,164,47
12,20,9,165,9
12,20,9,166,43
12,20,9,167,44
12,20,9,168,36
12,20,9,169,36
12,20,9,170,40
12,20,9,171,9
12,20,9,172,39
12,20,9,173,36
12,20,9,174,38
12,20,9,175,38
12,20,9,176,37
12,20,9,177,37
12,20,9,178,36
12,20,9,179,36
12,20,9,180,34
12,20,9,181,37
12,20,9,182,35
12,20,9,183,35
12,20,9,184,33
12,20,9,185,32
12,20,9,186,29
12,20,9,187,29
12,20,9,188,31
12,20,9,189,31
12,20,9,190,30
12,20,9,191,28
12,20,9,192,27
12,20,9,193,25
12,20,9,194,25
12,20,9,195,24
12,20,9,196,27
12,20,9,197,24
12,20,9,198,25
12,20,9,199,27
12,20,9,200,26
12,20,9,201,19
12,20,9,202,22
12,20,9,203,23
12,20,9,204,23
12,20,9,205,18
12,20,9,206,19
12,20,9,207,21
12,20,9,208,19
12,20,9,209,13
12,20,9,210,19
12,20,9,211,18
12,20,9,212,17
12,20,9,213,16
12,20,9,214,16
12,20,9,215,16
12,20,9,216,12
12,20,9,217,14
12,20,9,218,15
12,20,9,219,14
12,20,9,220,12
12,20,9,221,12
12,20,9,222,11
12,20,9,223,10
12,20,9,224,9
12,20,9,225,9
12,20,9,226,9
12,20,9,227,7
12,20,9,228,7
12,20,9,229,7
12,20,9,230,6
12,20,9,231,8
12,20,9,232,8
12,20,9,233,7
12,20,9,234,6
12,20,9,235,7
12,20,9,236,6
12,20,9,237,5
12,20,9,238,6
12,20,9,239,5
12,20,9,240,6
12,20,9,241,4
12,20,9,242,3
12,20,9,243,1
12,20,9,244,0
12,20,9,245,1
12,20,9,246,0
12,20,9,247,1
12,20,10,0,0
12,20,10,1,0
12,20,10,2,0
12,20,10,3,0
12,20,10,4,0
12,20,10,5,0
12,20,10,6,0
12,20,10,7,4
12,20,10,8,2
12,20,10,9,4
12,20,10,10,0
12,20,10,11,8
12,20,10,12,14
12,20,10,13,13
12,20,10,14,14
12,20,10,15,3
12,20,10,16,11
12,20,10,17,12
12,20,10,18,13
12,20,10,19,21
12,20,10,20,16
12,20,10,21,15
12,20,10,22,21
12,20,10,23,0
12,20,10,24,55
12,20,10,25,23
12,20,10,26,26
12,20,10,27,17
12,20,10,28,44
12,20,10,29,50
12,20,10,30,75
12,20,10,31,41
12,20,10,32,88
12,20,10,33,95
12,20,10,34,38
12,20,10,35,72
12,20,10,36,43
12,20,10,37,45
12,20,10,38,131
12,20,10,39,126
12,20,10,40,128
12,20,10,41,126
12,20,10,42,130
12,20,10,43,130
12,20,10,44,133
12,20,10,45,124
12,20,10,46,121
12,20,10,47,118
12,20,10,48,91
12,20,10,49,90
12,20,10,50,118
12,20,10,51,127
12,20,10,52,88
12,20,10,53,86
12,20,10,54,102
12,20,10,55,91
12,20,10,56,119
12,20,10,57,118
12,20,10,58,94
12,20,10,59,115
12,20,10,60,39
12,20,10,61,30
12,20,10,62,109
12,20,10,63,31
12,20,10,64,30
12,20,10,65,31
12,20,10,66,109
12,20,10,67,47
12,20,10,68,106
12,20,10,69,104
12,20,10,70,104
12,20,10,71,68
12,20,10,72,105
12,20,10,73,103
12,20,10,74,102
12,20,10,75,105
12,20,10,76,103
12,20,10,77,100
12,20,10,78,102
12,20,10,79,88
12,20,10,80,109
12,20,10,81,32
12,20,10,82,100
12,20,10,83,100
12,20,10,84,101
12,20,10,85,105
12,20,10,86,103
12,20,10,87,96
12,20,10,88,90
12,20,10,89,92
12,20,10,90,96
12,20,10,91,38
12,20,10,92,96
12,20,10,93,35
12,20,10,94,88
12,20,10,95,34
12,20,10,96,32
12,20,10,97,33
12,20,10,98,32
12,20,10,99,36
12,20,10,100,75
12,20,10,101,77
12,20,10,102,75
12,20,10,103,26
12,20,10,104,76
12,20,10,105,21
12,20,10,106,84
12,20,10,107,86
12,20,10,108,32
12,20,10,109,76
12,20,10,110,81
12,20,10,111,74
12,20,10,112,80
12,20,10,113,79
12,20,10,114,81
12,20,10,115,77
12,20,10,116,78
12,20,10,117,74
12,20,10,118,76
12,20,10,119,76
12,20,10,120,77
12,20,10,121,73
12,20,10,122,78
12,20,10,123,42
12,20,10,124,41
12,20,10,125,76
12,20,10,126,73
12,20,10,127,68
12,20,10,128,76
12,20,10,129,73
12,20,10,130,73
12,20,10,131,73
12,20,10,132,67
12,20,10,133,22
12,20,10,134,59
12,20,10,135,59
12,20,10,136,69
12,20,10,137,40
12,20,10,138,59
12,20,10,139,20
12,20,10,140,63
12,20,10,141,19
12,20,10,142,17
12,20,10,143,61
12,20,10,144,59
12,20,10,145,59
12,20,10,146,59
12,20,10,147,59
12,20,10,148,21
12,20,10,149,32
12,20,10,150,54
12,20,10,151,57
12,20,10,152,14
12,20,10,153,53
12,20,10,154,54
12,20,10,155,46
12,20,10,156,46
12,20,10,157,51
12,20,10,158,47
12,20,10,159,25
12,20,10,160,49
12,20,10,161,50
12,20,10,162,52
12,20,10,163,48
12,20,10,164,48
12,20,10,165,45
12,20,10,166,44
12,20,10,167,43
12,20,10,168,41
12,20,10,169,42
12,20,10,170,41
12,20,10,171,44
12,20,10,172,44
12,20,10,173,42
12,20,10,174,38
12,20,10,175,38
12,20,10,176,40
12,20,10,177,38
12,20,10,178,36
12,20,10,179,35
12,20,10,180,33
12,20,10,181,33
12,20,10,182,36
12,20,10,183,32
12,20,10,184,33
12,20,10,185,28
12,20,10,186,33
12,20,10,187,32
12,20,10,188,30
12,20,10,189,12
12,20,10,190,20
12,20,10,191,29
12,20,10,192,27
12,20,10,193,26
12,20,10,194,27
12,20,10,195,25
12,20,10,196,27
12,20,10,197,27
12,20,10,198,23
12,20,10,199,26
12,20,10,200,25
12,20,10,201,21
12,20,10,202,20
12,20,10,203,20
12,20,10,204,21
12,20,10,205,22
12,20,10,206,23
12,20,10,207,22
12,20,10,208,20
12,20,10,209,19
12,20,10,210,20
12,20,10,211,17
12,20,10,212,16
12,20,10,213,16
12,20,10,214,17
12,20,10,215,15
12,20,10,216,15
12,20,10,217,14
12,20,10,218,14
12,20,10,219,15
12,20,10,220,12
12,20,10,221,13
12,20,10,222,11
12,20,10,223,12
12,20,10,224,9
12,20,10,225,12
12,20,10,226,10
12,20,10,227,8
12,20,10,228,6
12,20,10,229,9
12,20,10,230,9
12,20,10,231,10
12,20,10,232,9
12,20,10,233,6
12,20,10,234,9
12,20,10,235,7
12,20,10,236,9
12,20,10,237,7
12,20,10,238,7
12,20,10,239,7
12,20,10,240,6
12,20,10,241,5
12,20,10,242,3
12,20,10,243,3
12,20,10,244,3
12,20,10,245,1
12,20,10,246,0
12,20,10,247,2
12,20,10,248,1
12,20,11,0,0
12,20,11,1,0
12,20,11,2,0
12,20,11,3,0
12,20,11,4,0
12,20,11,5,0
12,20,11,6,6
12,20,11,7,4
12,20,11,8,3
12,20,11,9,1
12,20,11,10,0
12,20,11,11,4
12,20,11,12,12
12,20,11,13,0
12,20,11,14,15
12,20,11,15,17
12,20,11,16,5
12,20,11,17,4
12,20,11,18,17
12,20,11,19,11
12,20,11,20,8
12,20,11,21,19
12,20,11,22,23
12,20,11,23,15
12,20,11,24,49
12,20,11,25,65
12,20,11,26,7
12,20,11,27,66
12,20,11,28,69
12,20,11,29,15
12,20,11,30,45
12,20,11,31,41
12,20,11,32,74
12,20,11,33,17
12,20,11,34,17
12,20,11,35,9
12,20,11,36,125
12,20,11,37,61
12,20,11,38,61
12,20,11,39,111
12,20,11,40,112
12,20,11,41,36
12,20,11,42,123
12,20,11,43,128
12,20,11,44,125
12,20,11,45,129
12,20,11,46,56
12,20,11,47,15
12,20,11,48,123
12,20,11,49,51
12,20,11,50,52
12,20,11,51,54
12,20,11,52,115
12,20,11,53,118
12,20,11,54,17
12,20,11,55,118
12,20,11,56,119
12,20,11,57,42
12,20,11,58,122
12,20,11,59,15
12,20,11,60,83
12,20,11,61,111
12,20,11,62,112
12,20,11,63,62
12,20,11,64,111
12,20,11,65,112
12,20,11,66,110
12,20,11,67,47
12,20,11,68,47
12,20,11,69,115
12,20,11,70,57
12,20,11,71,97
12,20,11,72,93
12,20,11,73,55
12,20,11,74,50
12,20,11,75,53
12,20,11,76,46
12,20,11,77,86
12,20,11,78,107
12,20,11,79,102
12,20,11,80,106
12,20,11,81,99
12,20,11,82,50
12,20,11,83,104
12,20,11,84,100
12,20,11,85,91
12,20,11,86,92
12,20,11,87,93
12,20,11,88,32
12,20,11,89,34
12,20,11,90,92
12,20,11,91,95
12,20,11,92,95
12,20,11,93,95
12,20,11,94,84
12,20,11,95,93
12,20,11,96,92
12,20,11,97,88
12,20,11,98,92
12,20,11,99,91
12,20,11,100,95
12,20,11,101,29
12,20,11,102,70
12,20,11,103,84
12,20,11,104,81
12,20,11,105,88
12,20,11,106,80
12,20,11,107,84
12,20,11,108,31
12,20,11,109,31
12,20,11,110,79
12,20,11,111,68
12,20,11,112,41
12,20,11,113,75
12,20,11,114,81
12,20,11,115,38
12,20,11,116,35
12,20,11,117,65
12,20,11,118,83
12,20,11,119,72
12,20,11,120,78
12,20,11,121,28
12,20,11,122,72
12,20,11,123,72
12,20,11,124,71
12,20,11,125,17
12,20,11,126,63
12,20,11,127,65
12,20,11,128,21
12,20,11,129,19
12,20,11,130,71
12,20,11,131,68
12,20,11,132,18
12,20,11,133,69
12,20,11,134,21
12,20,11,135,68
12,20,11,136,21
12,20,11,137,62
12,20,11,138,64
12,20,11,139,66
12,20,11,140,16
12,20,11,141,62
12,20,11,142,60
12,20,11,143,58
12,20,11,144,19
12,20,11,145,18
12,20,11,146,61
12,20,11,147,58
12,20,11,148,58
12,20,11,149,19
12,20,11,150,56
12,20,11,151,58
12,20,11,152,46
12,20,11,153,16
12,20,11,154,17
12,20,11,155,50
12,20,11,156,49
12,20,11,157,53
12,20,11,158,48
12,20,11,159,53
12,20,11,160,52
12,20,11,161,51
12,20,11,162,50
12,20,11,163,51
12,20,11,164,45
12,20,11,165,17
12,20,11,166,49
12,20,11,167,36
12,20,11,168,18
12,20,11,169,44
12,20,11,170,45
12,20,11,171,42
12,20,11,172,42
12,20,11,173,37
12,20,11,174,40
12,20,11,175,33
12,20,11,176,36
12,20,11,177,37
12,20,11,178,39
12,20,11,179,40
12,20,11,180,36
12,20,11,181,35
12,20,11,182,34
12,20,11,183,34
12,20,11,184,35
12,20,11,185,35
12,20,11,186,35
12,20,11,187,33
12,20,11,188,30
12,20,11,189,31
12,20,11,190,30
12,20,11,191,31
12,20,11,192,30
12,20,11,193,29
12,20,11,194,25
12,20,11,195,26
12,20,11,196,28
12,20,11,197,26
12,20,11,198,27
12,20,11,199,25
12,20,11,200,27
12,20,11,201,23
12,20,11,202,22
12,20,11,203,23
12,20,11,204,25
12,20,11,205,25
12,20,11,206,22
12,20,11,207,18
12,20,11,208,22
12,20,11,209,21
12,20,11,210,21
12,20,11,211,22
12,20,11,212,20
12,20,11,213,19
12,20,11,214,19
12,20,11,215,18
12,20,11,216,18
12,20,11,217,16
12,20,11,218,16
12,20,11,219,12
12,20,11,220,15
12,20,11,221,14
12,20,11,222,11
12,20,11,223,12
12,20,11,224,13
12,20,11,225,13
12,20,11,226,11
12,20,11,227,11
12,20,11,228,11
12,20,11,229,9
12,20,11,230,9
12,20,11,231,7
12,20,11,232,7
12,20,11,233,6
12,20,11,234,5
12,20,11,235,8
12,20,11,236,8
12,20,11,237,6
12,20,11,238,6
12,20,11,239,6
12,20,11,240,4
12,20,11,241,3
12,20,11,242,5
12,20,11,243,3
12,20,11,244,3
12,20,11,245,2
12,20,11,246,1
12,20,11,247,0
12,20,11,248,0
12,20,11,249,0
12,20,11,250,0
12,20,11,251,0
12,20,11,252,0
12,20,11,253,0
12,20,11,254,1
12,20,12,0,0
12,20,12,1,0
12,20,12,2,0
12,20,12,3,0
12,20,12,4,0
12,20,12,5,0
12,20,12,6,1
12,20,12,7,0
12,20,12,8,2
12,20,12,9,1
12,20,12,10,0
12,20,12,11,0
12,20,12,12,16
12,20,12,13,3
12,20,12,14,17
12,20,12,15,13
12,20,12,16,11
12,20,12,17,14
12,20,12,18,5
12,20,12,19,5
12,20,12,20,25
12,20,12,21,15
12,20,12,22,22
12,20,12,23,21
12,20,12,24,17
12,20,12,25,12
12,20,12,26,26
12,20,12,27,23
12,20,12,28,47
12,20,12,29,43
12,20,12,30,42
12,20,12,31,36
12,20,12,32,11
12,20,12,33,38
12,20,12,34,12
12,20,12,35,12
12,20,12,36,9
12,20,12,37,11
12,20,12,38,8
12,20,12,39,60
12,20,12,40,88
12,20,12,41,126
12,20,12,42,123
12,20,12,43,126
12,20,12,44,118
12,20,12,45,11
12,20,12,46,11
12,20,12,47,120
12,20,12,48,57
12,20,12,49,120
12,20,12,50,115
12,20,12,51,83
12,20,12,52,113
12,20,12,53,120
12,20,12,54,113
12,20,12,55,114
12,20,12,56,116
12,20,12,57,110
12,20,12,58,111
12,20,12,59,122
12,20,12,60,116
12,20,12,61,113
12,20,12,62,112
12,20,12,63,112
12,20,12,64,110
12,20,12,65,101
12,20,12,66,106
12,20,12,67,100
12,20,12,68,110
12,20,12,69,108
12,20,12,70,109
12,20,12,71,108
12,20,12,72,107
12,20,12,73,106
12,20,12,74,105
12,20,12,75,108
12,20,12,76,102
12,20,12,77,112
12,20,12,78,105
12,20,12,79,104
12,20,12,80,91
12,20,12,81,83
12,20,12,82,82
12,20,12,83,13
12,20,12,84,86
12,20,12,85,93
12,20,12,86,84
12,20,12,87,79
12,20,12,88,97
12,20,12,89,49
12,20,12,90,84
12,20,12,91,82
12,20,12,92,94
12,20,12,93,93
12,20,12,94,85
12,20,12,95,82
12,20,12,96,91
12,20,12,97,76
12,20,12,98,79
12,20,12,99,88
12,20,12,100,87
12,20,12,101,86
12,20,12,102,86
12,20,12,103,82
12,20,12,104,82
12,20,12,105,82
12,20,12,106,81
12,20,12,107,77
12,20,12,108,79
12,20,12,109,79
12,20,12,110,78
12,20,12,111,40
12,20,12,112,77
12,20,12,113,29
12,20,12,114,75
12,20,12,115,78
12,20,12,116,73
12,20,12,117,76
12,20,12,118,74
12,20,12,119,23
12,20,12,120,20
12,20,12,121,71
12,20,12,122,70
12,20,12,123,22
12,20,12,124,72
12,20,12,125,71
12,20,12,126,70
12,20,12,127,21
12,20,12,128,74
12,20,12,129,16
12,20,12,130,74
12,20,12,131,16
12,20,12,132,72
12,20,12,133,15
12,20,12,134,66
12,20,12,135,66
12,20,12,136,70
12,20,12,137,69
12,20,12,138,65
12,20,12,139,64
12,20,12,140,64
12,20,12,141,62
12,20,12,142,64
12,20,12,143,64
12,20,12,144,63
12,20,12,145,63
12,20,12,146,60
12,20,12,147,60
12,20,12,148,61
12,20,12,149,61
12,20,12,150,58
12,20,12,151,54
12,20,12,152,51
12,20,12,153,56
12,20,12,154,54
12,20,12,155,53
12,20,12,156,54
12,20,12,157,50
12,20,12,158,18
12,20,12,159,51
12,20,12,160,50
12,20,12,161,49
12,20,12,162,47
12,20,12,163,51
12,20,12,164,50
12,20,12,165,49
12,20,12,166,47
12,20,12,167,50
12,20,12,168,48
12,20,12,169,46
12,20,12,170,49
12,20,12,171,46
12,20,12,172,46
12,20,12,173,45
12,20,12,174,47
12,20,12,175,45
12,20,12,176,40
12,20,12,177,43
12,20,12,178,42
12,20,12,179,41
12,20,12,180,42
12,20,12,181,42
12,20,12,182,40
12,20,12,183,15
12,20,12,184,39
12,20,12,185,34
12,20,12,186,35
12,20,12,187,35
12,20,12,188,33
12,20,12,189,34
12,20,12,190,33
12,20,12,191,33
12,20,12,192,35
12,20,12,193,36
12,20,12,194,32
12,20,12,195,31
12,20,12,196,31
12,20,12,197,28
12,20,12,198,27
12,20,12,199,29
12,20,12,200,27
12,20,12,201,24
12,20,12,202,26
12,20,12,203,18
12,20,12,204,18
12,20,12,205,20
12,20,12,206,21
12,20,12,207,19
12,20,12,208,21
12,20,12,209,18
12,20,12,210,17
12,20,12,211,17
12,20,12,212,15
12,20,12,213,15
12,20,12,214,14
12,20,12,215,14
12,20,12,216,12
12,20,12,217,12
12,20,12,218,14
12,20,12,219,16
12,20,12,220,13
12,20,12,221,12
12,20,12,222,11
12,20,12,223,11
12,20,12,224,11
12,20,12,225,10
12,20,12,226,11
12,20,12,227,11
12,20,12,228,10
12,20,12,229,10
12,20,12,230,9
12,20,12,231,9
12,20,12,232,7
12,20,12,233,11
12,20,12,234,9
12,20,12,235,7
12,20,12,236,6
12,20,12,237,6
12,20,12,238,8
12,20,12,239,7
12,20,12,240,7
12,20,12,241,5
12,20,12,242,4
12,20,12,243,5
12,20,12,244,2
12,20,12,245,2
12,20,12,246,1
12,20,12,247,0
12,20,12,248,0
12,20,12,249,0
12,20,12,250,2
12,20,12,251,0
12,20,12,252,0
12,20,12,253,1
12,25,1,0,0
12,25,1,1,0
12,25,1,2,0
12,25,1,3,0
12,25,1,4,0
12,25,1,5,3
12,25,1,6,2
12,25,1,7,1
12,25,1,8,0
12,25,1,9,3
12,25,1,10,1
12,25,1,11,0
12,25,1,12,0
12,25,1,13,30
12,25,1,14,4
12,25,1,15,17
12,25,1,16,18
12,25,1,17,24
12,25,1,18,25
12,25,1,19,23
12,25,1,20,21
12,25,1,21,14
12,25,1,22,12
12,25,1,23,20
12,25,1,24,25
12,25,1,25,21
12,25,1,26,20
12,25,1,27,20
12,25,1,28,19
12,25,1,29,116
12,25,1,30,19
12,25,1,31,20
12,25,1,32,114
12,25,1,33,146
12,25,1,34,25
12,25,1,35,21
12,25,1,36,137
12,25,1,37,132
12,25,1,38,52
12,25,1,39,73
12,25,1,40,99
12,25,1,41,17
12,25,1,42,126
12,25,1,43,133
12,25,1,44,139
12,25,1,45,140
12,25,1,46,146
12,25,1,47,146
12,25,1,48,9
12,25,1,49,143
12,25,1,50,142
12,25,1,51,146
12,25,1,52,141
12,25,1,53,141
12,25,1,54,132
12,25,1,55,138
12,25,1,56,137
12,25,1,57,133
12,25,1,58,136
12,25,1,59,135
12,25,1,60,134
12,25,1,61,133
12,25,1,62,130
12,25,1,63,131
12,25,1,64,133
12,25,1,65,126
12,25,1,66,125
12,25,1,67,121
12,25,1,68,127
12,25,1,69,126
12,25,1,70,124
12,25,1,71,130
12,25,1,72,122
12,25,1,73,125
12,25,1,74,123
12,25,1,75,125
12,25,1,76,125
12,25,1,77,133
12,25,1,78,125
12,25,1,79,125
12,25,1,80,120
12,25,1,81,122
12,25,1,82,118
12,25,1,83,115
12,25,1,84,115
12,25,1,85,117
12,25,1,86,109
12,25,1,87,106
12,25,1,88,116
12,25,1,89,116
12,25,1,90,117
12,25,1,91,101
12,25,1,92,109
12,25,1,93,107
12,25,1,94,105
12,25,1,95,110
12,25,1,96,113
12,25,1,97,103
12,25,1,98,112
12,25,1,99,113
12,25,1,100,107
12,25,1,101,105
12,25,1,102,103
12,25,1,103,105
12,25,1,104,109
12,25,1,105,101
12,25,1,106,102
12,25,1,107,106
12,25,1,108,102
12,25,1,109,91
12,25,1,110,105
12,25,1,111,99
12,25,1,112,96
12,25,1,113,95
12,25,1,114,100
12,25,1,115,100
12,25,1,116,100
12,25,1,117,26
12,25,1,118,88
12,25,1,119,92
12,25,1,120,87
12,25,1,121,91
12,25,1,122,95
12,25,1,123,92
12,25,1,124,96
12,25,1,125,87
12,25,1,126,88
12,25,1,127,84
12,25,1,128,87
12,25,1,129,78
12,25,1,130,80
12,25,1,131,78
12,25,1,132,84
12,25,1,133,82
12,25,1,134,80
12,25,1,135,85
12,25,1,136,82
12,25,1,137,81
12,25,1,138,79
12,25,1,139,80
12,25,1,140,81
12,25,1,141,81
12,25,1,142,77
12,25,1,143,73
12,25,1,144,75
12,25,1,145,76
12,25,1,146,78
12,25,1,147,75
12,25,1,148,72
12,25,1,149,72
12,25,1,150,76
12,25,1,151,74
12,25,1,152,72
12,25,1,153,74
12,25,1,154,72
12,25,1,155,71
12,25,1,156,72
12,25,1,157,67
12,25,1,158,73
12,25,1,159,73
12,25,1,160,70
12,25,1,161,70
12,25,1,162,60
12,25,1,163,70
12,25,1,164,68
12,25,1,165,63
12,25,1,166,64
12,25,1,167,62
12,25,1,168,65
12,25,1,169,66
12,25,1,170,65
12,25,1,171,63
12,25,1,172,63
12,25,1,173,66
12,25,1,174,61
12,25,1,175,61
12,25,1,176,56
12,25,1,177,59
12,25,1,178,54
12,25,1,179,39
12,25,1,180,58
12,25,1,181,58
12,25,1,182,57
12,25,1,183,55
12,25,1,184,55
12,25,1,185,55
12,25,1,186,54
12,25,1,187,50
12,25,1,188,53
12,25,1,189,51
12,25,1,190,33
12,25,1,191,49
12,25,1,192,46
12,25,1,193,30
12,25,1,194,46
12,25,1,195,44
12,25,1,196,50
12,25,1,197,50
12,25,1,198,47
12,25,1,199,43
12,25,1,200,43
12,25,1,201,42
12,25,1,202,42
12,25,1,203,41
12,25,1,204,41
12,25,1,205,25
12,25,1,206,25
12,25,1,207,39
12,25,1,208,42
12,25,1,209,37
12,25,1,210,38
12,25,1,211,36
12,25,1,212,30
12,25,1,213,34
12,25,1,214,34
12,25,1,215,36
12,25,1,216,35
12,25,1,217,37
12,25,1,218,34
12,25,1,219,35
12,25,1,220,35
12,25,1,221,36
12,25,1,222,30
12,25,1,223,29
12,25,1,224,29
12,25,1,225,28
12,25,1,226,25
12,25,1,227,20
12,25,1,228,30
12,25,1,229,31
12,25,1,230,27
12,25,1,231,27
12,25,1,232,23
12,25,1,233,26
12,25,1,234,24
12,25,1,235,23
12,25,1,236,22
12,25,1,237,22
12,25,1,238,25
12,25,1,239,17
12,25,1,240,18
12,25,1,241,24
12,25,1,242,22
12,25,1,243,22
12,25,1,244,18
12,25,1,245,19
12,25,1,246,18
12,25,1,247,17
12,25,1,248,16
12,25,1,249,19
12,25,1,250,17
12,25,1,251,16
12,25,1,252,16
12,25,1,253,17
12,25,1,254,14
12,25,1,255,14
12,25,1,256,11
12,25,1,257,14
12,25,1,258,11
12,25,1,259,14
12,25,1,260,12
12,25,1,261,12
12,25,1,262,13
12,25,1,263,13
12,25,1,264,15
12,25,1,265,14
12,25,1,266,12
12,25,1,267,12
12,25,1,268,11
12,25,1,269,12
12,25,1,270,11
12,25,1,271,11
12,25,1,272,10
12,25,1,273,10
12,25,1,274,9
12,25,1,275,7
12,25,1,276,10
12,25,1,277,10
12,25,1,278,8
12,25,1,279,7
12,25,1,280,9
12,25,1,281,9
12,25,1,282,9
12,25,1,283,9
12,25,1,284,8
12,25,1,285,11
12,25,1,286,10
12,25,1,287,8
12,25,1,288,9
12,25,1,289,8
12,25,1,290,10
12,25,1,291,9
12,25,1,292,9
12,25,1,293,9
12,25,1,294,9
12,25,1,295,8
12,25,1,296,8
12,25,1,297,7
12,25,1,298,7
12,25,1,299,6
12,25,1,300,5
12,25,1,301,5
12,25,1,302,4
12,25,1,303,3
12,25,1,304,3
12,25,1,305,1
12,25,1,306,2
12,25,1,307,1
12,25,2,0,0
12,25,2,1,0
12,25,2,2,0
12,25,2,3,0
12,25,2,4,0
12,25,2,5,0
12,25,2,6,2
12,25,2,7,1
12,25,2,8,0
12,25,2,9,15
12,25,2,10,15
12,25,2,11,16
12,25,2,12,0
12,25,2,13,0
12,25,2,14,29
12,25,2,15,26
12,25,2,16,17
12,25,2,17,15
12,25,2,18,25
12,25,2,19,26
12,25,2,20,8
12,25,2,21,28
12,25,2,22,23
12,25,2,23,23
12,25,2,24,22
12,25,2,25,22
12,25,2,26,22
12,25,2,27,48
12,25,2,28,83
12,25,2,29,82
12,25,2,30,26
12,25,2,31,54
12,25,2,32,52
12,25,2,33,52
12,25,2,34,151
12,25,2,35,137
12,25,2,36,159
12,25,2,37,162
12,25,2,38,21
12,25,2,39,99
12,25,2,40,148
12,25,2,41,141
12,25,2,42,148
12,25,2,43,143
12,25,2,44,139
12,25,2,45,142
12,25,2,46,141
12,25,2,47,143
12,25,2,48,144
12,25,2,49,131
12,25,2,50,145
12,25,2,51,136
12,25,2,52,29
12,25,2,53,136
12,25,2,54,132
12,25,2,55,104
12,25,2,56,98
12,25,2,57,133
12,25,2,58,132
12,25,2,59,135
12,25,2,60,137
12,25,2,61,134
12,25,2,62,123
12,25,2,63,131
12,25,2,64,124
12,25,2,65,124
12,25,2,66,128
12,25,2,67,136
12,25,2,68,126
12,25,2,69,120
12,25,2,70,117
12,25,2,71,123
12,25,2,72,130
12,25,2,73,131
12,25,2,74,123
12,25,2,75,124
12,25,2,76,125
12,25,2,77,117
12,25,2,78,127
12,25,2,79,120
12,25,2,80,41
12,25,2,81,112
12,25,2,82,114
12,25,2,83,109
12,25,2,84,113
12,25,2,85,95
12,25,2,86,116
12,25,2,87,117
12,25,2,88,110
12,25,2,89,114
12,25,2,90,108
12,25,2,91,111
12,25,2,92,115
12,25,2,93,110
12,25,2,94,108
12,25,2,95,57
12,25,2,96,104
12,25,2,97,103
12,25,2,98,102
12,25,2,99,100
12,25,2,100,107
12,25,2,101,107
12,25,2,102,32
12,25,2,103,107
12,25,2,104,111
12,25,2,105,104
12,25,2,106,95
12,25,2,107,88
12,25,2,108,96
12,25,2,109,99
12,25,2,110,102
12,25,2,111,99
12,25,2,112,99
12,25,2,113,102
12,25,2,114,101
12,25,2,115,98
12,25,2,116,100
12,25,2,117,97
12,25,2,118,96
12,25,2,119,95
12,25,2,120,96
12,25,2,121,92
12,25,2,122,94
12,25,2,123,92
12,25,2,124,88
12,25,2,125,90
12,25,2,126,93
12,25,2,127,93
12,25,2,128,89
12,25,2,129,94
12,25,2,130,81
12,25,2,131,86
12,25,2,132,86
12,25,2,133,77
12,25,2,134,81
12,25,2,135,86
12,25,2,136,81
12,25,2,137,77
12,25,2,138,81
12,25,2,139,78
12,25,2,140,78
12,25,2,141,76
12,25,2,142,82
12,25,2,143,79
12,25,2,144,74
12,25,2,145,76
12,25,2,146,74
12,25,2,147,75
12,25,2,148,78
12,25,2,149,66
12,25,2,150,23
12,25,2,151,66
12,25,2,152,73
12,25,2,153,72
12,25,2,154,63
12,25,2,155,67
12,25,2,156,63
12,25,2,157,64
12,25,2,158,63
12,25,2,159,60
12,25,2,160,57
12,25,2,161,66
12,25,2,162,67
12,25,2,163,59
12,25,2,164,64
12,25,2,165,65
12,25,2,166,66
12,25,2,167,64
12,25,2,168,65
12,25,2,169,62
12,25,2,170,63
12,25,2,171,64
12,25,2,172,61
12,25,2,173,62
12,25,2,174,56
12,25,2,175,57
12,25,2,176,59
12,25,2,177,55
12,25,2,178,53
12,25,2,179,52
12,25,2,180,51
12,25,2,181,53
12,25,2,182,50
12,25,2,183,52
12,25,2,184,54
12,25,2,185,50
12,25,2,186,48
12,25,2,187,50
12,25,2,188,49
12,25,2,189,48
12,25,2,190,47
12,25,2,191,47
12,25,2,192,46
12,25,2,193,50
12,25,2,194,46
12,25,2,195,45
12,25,2,196,42
12,25,2,197,44
12,25,2,198,42
12,25,2,199,40
12,25,2,200,45
12,25,2,201,43
12,25,2,202,43
12,25,2,203,41
12,25,2,204,41
12,25,2,205,39
12,25,2,206,37
12,25,2,207,39
12,25,2,208,35
12,25,2,209,34
12,25,2,210,29
12,25,2,211,32
12,25,2,212,34
12,25,2,213,32
12,25,2,214,32
12,25,2,215,33
12,25,2,216,32
12,25,2,217,32
12,25,2,218,31
12,25,2,219,32
12,25,2,220,32
12,25,2,221,29
12,25,2,222,30
12,25,2,223,28
12,25,2,224,25
12,25,2,225,25
12,25,2,226,23
12,25,2,227,24
12,25,2,228,25
12,25,2,229,26
12,25,2,230,24
12,25,2,231,20
12,25,2,232,21
12,25,2,233,19
12,25,2,234,19
12,25,2,235,19
12,25,2,236,22
12,25,2,237,20
12,25,2,238,20
12,25,2,239,18
12,25,2,240,17
12,25,2,241,17
12,25,2,242,18
12,25,2,243,15
12,25,2,244,16
12,25,2,245,13
12,25,2,246,16
12,25,2,247,15
12,25,2,248,14
12,25,2,249,16
12,25,2,250,15
12,25,2,251,12
12,25,2,252,14
12,25,2,253,13
12,25,2,254,12
12,25,2,255,11
12,25,2,256,13
12,25,2,257,11
12,25,2,258,12
12,25,2,259,11
12,25,2,260,12
12,25,2,261,8
12,25,2,262,12
12,25,2,263,9
12,25,2,264,10
12,25,2,265,11
12,25,2,266,10
12,25,2,267,10
12,25,2,268,11
12,25,2,269,11
12,25,2,270,10
12,25,2,271,10
12,25,2,272,10
12,25,2,273,9
12,25,2,274,10
12,25,2,275,10
12,25,2,276,8
12,25,2,277,7
12,25,2,278,8
12,25,2,279,8
12,25,2,280,7
12,25,2,281,6
12,25,2,282,7
12,25,2,283,8
12,25,2,284,7
12,25,2,285,6
12,25,2,286,7
12,25,2,287,7
12,25,2,288,6
12,25,2,289,6
12,25,2,290,7
12,25,2,291,7
12,25,2,292,6
12,25,2,293,6
12,25,2,294,6
12,25,2,295,6
12,25,2,296,6
12,25,2,297,6
12,25,2,298,8
12,25,2,299,7
12,25,2,300,5
12,25,2,301,5
12,25,2,302,4
12,25,2,303,4
12,25,2,304,3
12,25,2,305,3
12,25,2,306,1
12,25,2,307,0
12,25,2,308,1
12,25,3,0,0
12,25,3,1,0
12,25,3,2,0
12,25,3,3,0
12,25,3,4,0
12,25,3,5,0
12,25,3,6,2
12,25,3,7,1
12,25,3,8,0
12,25,3,9,0
12,25,3,10,0
12,25,3,11,17
12,25,3,12,17
12,25,3,13,5
12,25,3,14,3
12,25,3,15,32
12,25,3,16,22
12,25,3,17,22
12,25,3,18,13
12,25,3,19,25
12,25,3,20,32
12,25,3,21,27
12,25,3,22,56
12,25,3,23,58
12,25,3,24,26
12,25,3,25,46
12,25,3,26,25
12,25,3,27,27
12,25,3,28,55
12,25,3,29,174
12,25,3,30,52
12,25,3,31,163
12,25,3,32,41
12,25,3,33,42
12,25,3,34,19
12,25,3,35,82
12,25,3,36,154
12,25,3,37,155
12,25,3,38,43
12,25,3,39,41
12,25,3,40,42
12,25,3,41,40
12,25,3,42,91
12,25,3,43,94
12,25,3,44,140
12,25,3,45,40
12,25,3,46,138
12,25,3,47,136
12,25,3,48,143
12,25,3,49,137
12,25,3,50,138
12,25,3,51,142
12,25,3,52,136
12,25,3,53,139
12,25,3,54,136
12,25,3,55,131
12,25,3,56,137
12,25,3,57,134
12,25,3,58,130
12,25,3,59,128
12,25,3,60,28
12,25,3,61,127
12,25,3,62,120
12,25,3,63,123
12,25,3,64,129
12,25,3,65,130
12,25,3,66,29
12,25,3,67,33
12,25,3,68,131
12,25,3,69,130
12,25,3,70,130
12,25,3,71,31
12,25,3,72,127
12,25,3,73,68
12,25,3,74,130
12,25,3,75,126
12,25,3,76,120
12,25,3,77,121
12,25,3,78,119
12,25,3,79,123
12,25,3,80,36
12,25,3,81,117
12,25,3,82,118
12,25,3,83,118
12,25,3,84,121
12,25,3,85,124
12,25,3,86,120
12,25,3,87,117
12,25,3,88,112
12,25,3,89,112
12,25,3,90,115
12,25,3,91,119
12,25,3,92,118
12,25,3,93,112
12,25,3,94,108
12,25,3,95,106
12,25,3,96,110
12,25,3,97,115
12,25,3,98,56
12,25,3,99,110
12,25,3,100,50
12,25,3,101,111
12,25,3,102,108
12,25,3,103,103
12,25,3,104,106
12,25,3,105,109
12,25,3,106,103
12,25,3,107,102
12,25,3,108,107
12,25,3,109,101
12,25,3,110,97
12,25,3,111,99
12,25,3,112,96
12,25,3,113,100
12,25,3,114,95
12,25,3,115,92
12,25,3,116,92
12,25,3,117,94
12,25,3,118,96
12,25,3,119,91
12,25,3,120,91
12,25,3,121,95
12,25,3,122,93
12,25,3,123,91
12,25,3,124,90
12,25,3,125,91
12,25,3,126,89
12,25,3,127,86
12,25,3,128,91
12,25,3,129,88
12,25,3,130,90
12,25,3,131,91
12,25,3,132,93
12,25,3,133,74
12,25,3,134,88
12,25,3,135,86
12,25,3,136,87
12,25,3,137,85
12,25,3,138,84
12,25,3,139,84
12,25,3,140,86
12,25,3,141,81
12,25,3,142,83
12,25,3,143,77
12,25,3,144,79
12,25,3,145,80
12,25,3,146,77
12,25,3,147,84
12,25,3,148,83
12,25,3,149,74
12,25,3,150,75
12,25,3,151,74
12,25,3,152,77
12,25,3,153,72
12,25,3,154,71
12,25,3,155,72
12,25,3,156,71
12,25,3,157,67
12,25,3,158,69
12,25,3,159,70
12,25,3,160,20
12,25,3,161,69
12,25,3,162,70
12,25,3,163,65
12,25,3,164,66
12,25,3,165,67
12,25,3,166,61
12,25,3,167,64
12,25,3,168,63
12,25,3,169,63
12,25,3,170,62
12,25,3,171,65
12,25,3,172,59
12,25,3,173,62
12,25,3,174,61
12,25,3,175,65
12,25,3,176,67
12,25,3,177,59
12,25,3,178,57
12,25,3,179,58
12,25,3,180,53
12,25,3,181,51
12,25,3,182,55
12,25,3,183,55
12,25,3,184,58
12,25,3,185,56
12,25,3,186,58
12,25,3,187,54
12,25,3,188,51
12,25,3,189,54
12,25,3,190,55
12,25,3,191,50
12,25,3,192,51
12,25,3,193,49
12,25,3,194,51
12,25,3,195,50
12,25,3,196,46
12,25,3,197,49
12,25,3,198,47
12,25,3,199,44
12,25,3,200,44
12,25,3,201,46
12,25,3,202,44
12,25,3,203,44
12,25,3,204,45
12,25,3,205,42
12,25,3,206,41
12,25,3,207,44
12,25,3,208,42
12,25,3,209,38
12,25,3,210,36
12,25,3,211,40
12,25,3,212,37
12,25,3,213,35
12,25,3,214,34
12,25,3,215,33
12,25,3,216,33
12,25,3,217,34
12,25,3,218,32
12,25,3,219,32
12,25,3,220,34
12,25,3,221,30
12,25,3,222,29
12,25,3,223,27
12,25,3,224,27
12,25,3,225,26
12,25,3,226,24
12,25,3,227,22
12,25,3,228,22
12,25,3,229,23
12,25,3,230,23
12,25,3,231,23
12,25,3,232,22
12,25,3,233,21
12,25,3,234,20
12,25,3,235,19
12,25,3,236,19
12,25,3,237,19
12,25,3,238,21
12,25,3,239,20
12,25,3,240,20
12,25,3,241,18
12,25,3,242,16
12,25,3,243,16
12,25,3,244,15
12,25,3,245,16
12,25,3,246,17
12,25,3,247,17
12,25,3,248,17
12,25,3,249,16
12,25,3,250,15
12,25,3,251,14
12,25,3,252,15
12,25,3,253,16
12,25,3,254,16
12,25,3,255,14
12,25,3,256,13
12,25,3,257,13
12,25,3,258,13
12,25,3,259,11
12,25,3,260,10
12,25,3,261,13
12,25,3,262,12
12,25,3,263,12
12,25,3,264,12
12,25,3,265,10
12,25,3,266,11
12,25,3,267,11
12,25,3,268,10
12,25,3,269,10
12,25,3,270,11
12,25,3,271,9
12,25,3,272,10
12,25,3,273,8
12,25,3,274,8
12,25,3,275,10
12,25,3,276,10
12,25,3,277,9
12,25,3,278,8
12,25,3,279,8
12,25,3,280,7
12,25,3,281,8
12,25,3,282,8
12,25,3,283,8
12,25,3,284,6
12,25,3,285,8
12,25,3,286,9
12,25,3,287,11
12,25,3,288,8
12,25,3,289,8
12,25,3,290,7
12,25,3,291,7
12,25,3,292,6
12,25,3,293,5
12,25,3,294,5
12,25,3,295,5
12,25,3,296,5
12,25,3,297,4
12,25,3,298,4
12,25,3,299,6
12,25,3,300,5
12,25,3,301,5
12,25,3,302,4
12,25,3,303,4
12,25,3,304,2
12,25,3,305,3
12,25,3,306,2
12,25,3,307,1
12,25,3,308,1
12,25,4,0,0
12,25,4,1,0
12,25,4,2,0
12,25,4,3,0
12,25,4,4,0
12,25,4,5,3
12,25,4,6,1
12,25,4,7,3
12,25,4,8,0
12,25,4,9,0
12,25,4,10,3
12,25,4,11,0
12,25,4,12,0
12,25,4,13,20
12,25,4,14,18
12,25,4,15,5
12,25,4,16,19
12,25,4,17,18
12,25,4,18,26
12,25,4,19,27
12,25,4,20,27
12,25,4,21,23
12,25,4,22,21
12,25,4,23,24
12,25,4,24,63
12,25,4,25,54
12,25,4,26,55
12,25,4,27,32
12,25,4,28,30
12,25,4,29,55
12,25,4,30,26
12,25,4,31,164
12,25,4,32,77
12,25,4,33,77
12,25,4,34,84
12,25,4,35,77
12,25,4,36,80
12,25,4,37,41
12,25,4,38,75
12,25,4,39,73
12,25,4,40,147
12,25,4,41,152
12,25,4,42,107
12,25,4,43,151
12,25,4,44,71
12,25,4,45,148
12,25,4,46,140
12,25,4,47,142
12,25,4,48,139
12,25,4,49,141
12,25,4,50,139
12,25,4,51,134
12,25,4,52,143
12,25,4,53,138
12,25,4,54,136
12,25,4,55,133
12,25,4,56,135
12,25,4,57,132
12,25,4,58,131
12,25,4,59,133
12,25,4,60,131
12,25,4,61,133
12,25,4,62,133
12,25,4,63,133
12,25,4,64,135
12,25,4,65,131
12,25,4,66,134
12,25,4,67,132
12,25,4,68,132
12,25,4,69,34
12,25,4,70,131
12,25,4,71,128
12,25,4,72,124
12,25,4,73,128
12,25,4,74,128
12,25,4,75,126
12,25,4,76,122
12,25,4,77,117
12,25,4,78,122
12,25,4,79,120
12,25,4,80,117
12,25,4,81,122
12,25,4,82,124
12,25,4,83,114
12,25,4,84,119
12,25,4,85,121
12,25,4,86,111
12,25,4,87,108
12,25,4,88,110
12,25,4,89,107
12,25,4,90,112
12,25,4,91,111
12,25,4,92,112
12,25,4,93,56
12,25,4,94,109
12,25,4,95,103
12,25,4,96,105
12,25,4,97,107
12,25,4,98,105
12,25,4,99,106
12,25,4,100,107
12,25,4,101,108
12,25,4,102,112
12,25,4,103,46
12,25,4,104,105
12,25,4,105,106
12,25,4,106,104
12,25,4,107,103
12,25,4,108,107
12,25,4,109,102
12,25,4,110,100
12,25,4,111,98
12,25,4,112,104
12,25,4,113,98
12,25,4,114,100
12,25,4,115,39
12,25,4,116,89
12,25,4,117,96
12,25,4,118,97
12,25,4,119,97
12,25,4,120,97
12,25,4,121,96
12,25,4,122,92
12,25,4,123,91
12,25,4,124,98
12,25,4,125,95
12,25,4,126,94
12,25,4,127,96
12,25,4,128,38
12,25,4,129,89
12,25,4,130,90
12,25,4,131,70
12,25,4,132,82
12,25,4,133,89
12,25,4,134,87
12,25,4,135,89
12,25,4,136,85
12,25,4,137,93
12,25,4,138,84
12,25,4,139,79
12,25,4,140,74
12,25,4,141,79
12,25,4,142,78
12,25,4,143,76
12,25,4,144,81
12,25,4,145,49
12,25,4,146,76
12,25,4,147,79
12,25,4,148,84
12,25,4,149,82
12,25,4,150,80
12,25,4,151,79
12,25,4,152,80
12,25,4,153,82
12,25,4,154,82
12,25,4,155,81
12,25,4,156,76
12,25,4,157,75
12,25,4,158,76
12,25,4,159,74
12,25,4,160,69
12,25,4,161,70
12,25,4,162,73
12,25,4,163,71
12,25,4,164,69
12,25,4,165,72
12,25,4,166,71
12,25,4,167,67
12,25,4,168,68
12,25,4,169,64
12,25,4,170,66
12,25,4,171,65
12,25,4,172,65
12,25,4,173,61
12,25,4,174,60
12,25,4,175,38
12,25,4,176,64
12,25,4,177,58
12,25,4,178,63
12,25,4,179,41
12,25,4,180,38
12,25,4,181,56
12,25,4,182,40
12,25,4,183,59
12,25,4,184,59
12,25,4,185,59
12,25,4,186,58
12,25,4,187,55
12,25,4,188,49
12,25,4,189,56
12,25,4,190,26
12,25,4,191,52
12,25,4,192,41
12,25,4,193,37
12,25,4,194,54
12,25,4,195,53
12,25,4,196,47
12,25,4,197,53
12,25,4,198,52
12,25,4,199,51
12,25,4,200,46
12,25,4,201,52
12,25,4,202,49
12,25,4,203,49
12,25,4,204,42
12,25,4,205,43
12,25,4,206,41
12,25,4,207,41
12,25,4,208,40
12,25,4,209,39
12,25,4,210,44
12,25,4,211,47
12,25,4,212,34
12,25,4,213,39
12,25,4,214,26
12,25,4,215,38
12,25,4,216,40
12,25,4,217,36
12,25,4,218,23
12,25,4,219,33
12,25,4,220,34
12,25,4,221,32
12,25,4,222,34
12,25,4,223,36
12,25,4,224,32
12,25,4,225,30
12,25,4,226,29
12,25,4,227,30
12,25,4,228,28
12,25,4,229,29
12,25,4,230,28
12,25,4,231,27
12,25,4,232,29
12,25,4,233,23
12,25,4,234,27
12,25,4,235,26
12,25,4,236,24
12,25,4,237,23
12,25,4,238,25
12,25,4,239,24
12,25,4,240,24
12,25,4,241,21
12,25,4,242,24
12,25,4,243,22
12,25,4,244,20
12,25,4,245,19
12,25,4,246,19
12,25,4,247,18
12,25,4,248,17
12,25,4,249,17
12,25,4,250,16
12,25,4,251,15
12,25,4,252,17
12,25,4,253,16
12,25,4,254,17
12,25,4,255,18
12,25,4,256,15
12,25,4,257,13
12,25,4,258,15
12,25,4,259,15
12,25,4,260,14
12,25,4,261,12
12,25,4,262,11
12,25,4,263,12
12,25,4,264,15
12,25,4,265,16
12,25,4,266,15
12,25,4,267,12
12,25,4,268,13
12,25,4,269,12
12,25,4,270,13
12,25,4,271,11
12,25,4,272,11
12,25,4,273,9
12,25,4,274,7
12,25,4,275,9
12,25,4,276,10
12,25,4,277,8
12,25,4,278,8
12,25,4,279,8
12,25,4,280,7
12,25,4,281,7
12,25,4,282,7
12,25,4,283,9
12,25,4,284,8
12,25,4,285,7
12,25,4,286,6
12,25,4,287,5
12,25,4,288,5
12,25,4,289,6
12,25,4,290,5
12,25,4,291,5
12,25,4,292,8
12,25,4,293,6
12,25,4,294,6
12,25,4,295,6
12,25,4,296,6
12,25,4,297,5
12,25,4,298,7
12,25,4,299,5
12,25,4,300,6
12,25,4,301,6
12,25,4,302,4
12,25,4,303,5
12,25,4,304,5
12,25,4,305,2
12,25,4,306,3
12,25,4,307,2
12,25,4,308,1
12,25,5,0,0
12,25,5,1,0
12,25,5,2,0
12,25,5,3,0
12,25,5,4,0
12,25,5,5,0
12,25,5,6,3
12,25,5,7,1
12,25,5,8,0
12,25,5,9,1
12,25,5,10,0
12,25,5,11,1
12,25,5,12,0
12,25,5,13,31
12,25,5,14,0
12,25,5,15,28
12,25,5,16,0
12,25,5,17,28
12,25,5,18,30
12,25,5,19,26
12,25,5,20,26
12,25,5,21,59
12,25,5,22,55
12,25,5,23,58
12,25,5,24,29
12,25,5,25,51
12,25,5,26,24
12,25,5,27,113
12,25,5,28,59
12,25,5,29,80
12,25,5,30,32
12,25,5,31,136
12,25,5,32,104
12,25,5,33,136
12,25,5,34,75
12,25,5,35,17
12,25,5,36,46
12,25,5,37,48
12,25,5,38,40
12,25,5,39,39
12,25,5,40,152
12,25,5,41,146
12,25,5,42,153
12,25,5,43,149
12,25,5,44,79
12,25,5,45,147
12,25,5,46,103
12,25,5,47,143
12,25,5,48,146
12,25,5,49,147
12,25,5,50,16
12,25,5,51,138
12,25,5,52,145
12,25,5,53,141
12,25,5,54,138
12,25,5,55,143
12,25,5,56,132
12,25,5,57,125
12,25,5,58,135
12,25,5,59,125
12,25,5,60,133
12,25,5,61,134
12,25,5,62,132
12,25,5,63,127
12,25,5,64,121
12,25,5,65,129
12,25,5,66,128
12,25,5,67,134
12,25,5,68,132
12,25,5,69,127
12,25,5,70,117
12,25,5,71,122
12,25,5,72,123
12,25,5,73,43
12,25,5,74,125
12,25,5,75,124
12,25,5,76,69
12,25,5,77,119
12,25,5,78,124
12,25,5,79,116
12,25,5,80,106
12,25,5,81,106
12,25,5,82,119
12,25,5,83,119
12,25,5,84,118
12,25,5,85,116
12,25,5,86,111
12,25,5,87,115
12,25,5,88,117
12,25,5,89,112
12,25,5,90,110
12,25,5,91,102
12,25,5,92,107
12,25,5,93,109
12,25,5,94,109
12,25,5,95,104
12,25,5,96,110
12,25,5,97,103
12,25,5,98,77
12,25,5,99,43
12,25,5,100,101
12,25,5,101,101
12,25,5,102,101
12,25,5,103,100
12,25,5,104,100
12,25,5,105,102
12,25,5,106,102
12,25,5,107,100
12,25,5,108,95
12,25,5,109,95
12,25,5,110,94
12,25,5,111,101
12,25,5,112,95
12,25,5,113,99
12,25,5,114,97
12,25,5,115,101
12,25,5,116,97
12,25,5,117,92
12,25,5,118,94
12,25,5,119,99
12,25,5,120,92
12,25,5,121,89
12,25,5,122,97
12,25,5,123,95
12,25,5,124,94
12,25,5,125,91
12,25,5,126,88
12,25,5,127,89
12,25,5,128,84
12,25,5,129,86
12,25,5,130,61
12,25,5,131,87
12,25,5,132,83
12,25,5,133,80
12,25,5,134,85
12,25,5,135,86
12,25,5,136,87
12,25,5,137,88
12,25,5,138,83
12,25,5,139,85
12,25,5,140,85
12,25,5,141,77
12,25,5,142,78
12,25,5,143,76
12,25,5,144,78
12,25,5,145,81
12,25,5,146,81
12,25,5,147,80
12,25,5,148,72
12,25,5,149,68
12,25,5,150,74
12,25,5,151,75
12,25,5,152,76
12,25,5,153,76
12,25,5,154,71
12,25,5,155,67
12,25,5,156,67
12,25,5,157,72
12,25,5,158,66
12,25,5,159,68
12,25,5,160,64
12,25,5,161,66
12,25,5,162,70
12,25,5,163,68
12,25,5,164,69
12,25,5,165,69
12,25,5,166,61
12,25,5,167,63
12,25,5,168,58
12,25,5,169,64
12,25,5,170,60
12,25,5,171,60
12,25,5,172,58
12,25,5,173,54
12,25,5,174,56
12,25,5,175,59
12,25,5,176,60
12,25,5,177,60
12,25,5,178,61
12,25,5,179,60
12,25,5,180,59
12,25,5,181,55
12,25,5,182,52
12,25,5,183,33
12,25,5,184,51
12,25,5,185,52
12,25,5,186,54
12,25,5,187,51
12,25,5,188,49
12,25,5,189,47
12,25,5,190,47
12,25,5,191,20
12,25,5,192,48
12,25,5,193,45
12,25,5,194,47
12,25,5,195,46
12,25,5,196,46
12,25,5,197,48
12,25,5,198,45
12,25,5,199,42
12,25,5,200,42
12,25,5,201,42
12,25,5,202,40
12,25,5,203,37
12,25,5,204,37
12,25,5,205,36
12,25,5,206,40
12,25,5,207,37
12,25,5,208,37
12,25,5,209,18
12,25,5,210,39
12,25,5,211,40
12,25,5,212,39
12,25,5,213,35
12,25,5,214,35
12,25,5,215,34
12,25,5,216,34
12,25,5,217,36
12,25,5,218,32
12,25,5,219,33
12,25,5,220,26
12,25,5,221,34
12,25,5,222,30
12,25,5,223,29
12,25,5,224,28
12,25,5,225,31
12,25,5,226,31
12,25,5,227,26
12,25,5,228,21
12,25,5,229,24
12,25,5,230,27
12,25,5,231,22
12,25,5,232,27
12,25,5,233,22
12,25,5,234,22
12,25,5,235,24
12,25,5,236,23
12,25,5,237,22
12,25,5,238,22
12,25,5,239,19
12,25,5,240,17
12,25,5,241,17
12,25,5,242,19
12,25,5,243,18
12,25,5,244,16
12,25,5,245,16
12,25,5,246,16
12,25,5,247,15
12,25,5,248,14
12,25,5,249,14
12,25,5,250,12
12,25,5,251,13
12,25,5,252,13
12,25,5,253,14
12,25,5,254,14
12,25,5,255,14
12,25,5,256,12
12,25,5,257,12
12,25,5,258,12
12,25,5,259,11
12,25,5,260,12
12,25,5,261,12
12,25,5,262,11
12,25,5,263,11
12,25,5,264,12
12,25,5,265,11
12,25,5,266,11
12,25,5,267,10
12,25,5,268,9
12,25,5,269,13
12,25,5,270,11
12,25,5,271,11
12,25,5,272,11
12,25,5,273,10
12,25,5,274,9
12,25,5,275,9
12,25,5,276,7
12,25,5,277,9
12,25,5,278,9
12,25,5,279,9
12,25,5,280,12
12,25,5,281,8
12,25,5,282,10
12,25,5,283,9
12,25,5,284,10
12,25,5,285,6
12,25,5,286,8
12,25,5,287,8
12,25,5,288,9
12,25,5,289,10
12,25,5,290,9
12,25,5,291,8
12,25,5,292,8
12,25,5,293,10
12,25,5,294,8
12,25,5,295,7
12,25,5,296,9
12,25,5,297,8
12,25,5,298,6
12,25,5,299,6
12,25,5,300,5
12,25,5,301,5
12,25,5,302,6
12,25,5,303,4
12,25,5,304,5
12,25,5,305,2
12,25,5,306,4
12,25,5,307,0
12,25,5,308,0
12,25,5,309,2
12,25,5,310,2
12,25,5,311,1
12,25,6,0,0
12,25,6,1,0
12,25,6,2,0
12,25,6,3,0
12,25,6,4,0
12,25,6,5,1
12,25,6,6,0
12,25,6,7,0
12,25,6,8,0
12,25,6,9,0
12,25,6,10,31
12,25,6,11,34
12,25,6,12,31
12,25,6,13,31
12,25,6,14,29
12,25,6,15,14
12,25,6,16,25
12,25,6,17,32
12,25,6,18,28
12,25,6,19,26
12,25,6,20,24
12,25,6,21,25
12,25,6,22,24
12,25,6,23,23
12,25,6,24,23
12,25,6,25,89
12,25,6,26,80
12,25,6,27,53
12,25,6,28,26
12,25,6,29,75
12,25,6,30,129
12,25,6,31,138
12,25,6,32,139
12,25,6,33,50
12,25,6,34,66
12,25,6,35,114
12,25,6,36,43
12,25,6,37,69
12,25,6,38,126
12,25,6,39,18
12,25,6,40,15
12,25,6,41,150
12,25,6,42,139
12,25,6,43,15
12,25,6,44,142
12,25,6,45,144
12,25,6,46,138
12,25,6,47,142
12,25,6,48,136
12,25,6,49,140
12,25,6,50,137
12,25,6,51,135
12,25,6,52,106
12,25,6,53,118
12,25,6,54,133
12,25,6,55,131
12,25,6,56,132
12,25,6,57,138
12,25,6,58,136
12,25,6,59,133
12,25,6,60,135
12,25,6,61,135
12,25,6,62,130
12,25,6,63,133
12,25,6,64,134
12,25,6,65,131
12,25,6,66,114
12,25,6,67,123
12,25,6,68,129
12,25,6,69,127
12,25,6,70,121
12,25,6,71,127
12,25,6,72,131
12,25,6,73,129
12,25,6,74,126
12,25,6,75,127
12,25,6,76,125
12,25,6,77,126
12,25,6,78,122
12,25,6,79,118
12,25,6,80,119
12,25,6,81,123
12,25,6,82,126
12,25,6,83,126
12,25,6,84,119
12,25,6,85,125
12,25,6,86,126
12,25,6,87,125
12,25,6,88,116
12,25,6,89,117
12,25,6,90,114
12,25,6,91,111
12,25,6,92,115
12,25,6,93,114
12,25,6,94,108
12,25,6,95,108
12,25,6,96,110
12,25,6,97,108
12,25,6,98,103
12,25,6,99,106
12,25,6,100,113
12,25,6,101,102
12,25,6,102,108
12,25,6,103,104
12,25,6,104,99
12,25,6,105,100
12,25,6,106,100
12,25,6,107,99
12,25,6,108,102
12,25,6,109,103
12,25,6,110,101
12,25,6,111,102
12,25,6,112,97
12,25,6,113,100
12,25,6,114,97
12,25,6,115,92
12,25,6,116,94
12,25,6,117,94
12,25,6,118,88
12,25,6,119,89
12,25,6,120,90
12,25,6,121,92
12,25,6,122,89
12,25,6,123,92
12,25,6,124,91
12,25,6,125,80
12,25,6,126,89
12,25,6,127,88
12,25,6,128,91
12,25,6,129,90
12,25,6,130,92
12,25,6,131,85
12,25,6,132,89
12,25,6,133,83
12,25,6,134,85
12,25,6,135,82
12,25,6,136,82
12,25,6,137,84
12,25,6,138,86
12,25,6,139,27
12,25,6,140,86
12,25,6,141,80
12,25,6,142,77
12,25,6,143,77
12,25,6,144,80
12,25,6,145,80
12,25,6,146,74
12,25,6,147,76
12,25,6,148,80
12,25,6,149,78
12,25,6,150,76
12,25,6,151,73
12,25,6,152,75
12,25,6,153,68
12,25,6,154,68
12,25,6,155,70
12,25,6,156,66
12,25,6,157,61
12,25,6,158,61
12,25,6,159,62
12,25,6,160,61
12,25,6,161,66
12,25,6,162,65
12,25,6,163,65
12,25,6,164,64
12,25,6,165,61
12,25,6,166,44
12,25,6,167,65
12,25,6,168,61
12,25,6,169,64
12,25,6,170,60
12,25,6,171,19
12,25,6,172,60
12,25,6,173,61
12,25,6,174,64
12,25,6,175,63
12,25,6,176,61
12,25,6,177,62
12,25,6,178,62
12,25,6,179,55
12,25,6,180,64
12,25,6,181,57
12,25,6,182,41
12,25,6,183,54
12,25,6,184,58
12,25,6,185,55
12,25,6,186,55
12,25,6,187,58
12,25,6,188,54
12,25,6,189,50
12,25,6,190,48
12,25,6,191,49
12,25,6,192,50
12,25,6,193,48
12,25,6,194,31
12,25,6,195,47
12,25,6,196,44
12,25,6,197,46
12,25,6,198,42
12,25,6,199,47
12,25,6,200,45
12,25,6,201,45
12,25,6,202,45
12,25,6,203,48
12,25,6,204,44
12,25,6,205,44
12,25,6,206,41
12,25,6,207,40
12,25,6,208,37
12,25,6,209,39
12,25,6,210,40
12,25,6,211,39
12,25,6,212,39
12,25,6,213,38
12,25,6,214,35
12,25,6,215,32
12,25,6,216,35
12,25,6,217,35
12,25,6,218,36
12,25,6,219,37
12,25,6,220,34
12,25,6,221,33
12,25,6,222,32
12,25,6,223,29
12,25,6,224,31
12,25,6,225,27
12,25,6,226,28
12,25,6,227,29
12,25,6,228,27
12,25,6,229,28
12,25,6,230,26
12,25,6,231,27
12,25,6,232,25
12,25,6,233,25
12,25,6,234,23
12,25,6,235,25
12,25,6,236,23
12,25,6,237,21
12,25,6,238,22
12,25,6,239,20
12,25,6,240,14
12,25,6,241,21
12,25,6,242,21
12,25,6,243,19
12,25,6,244,19
12,25,6,245,17
12,25,6,246,17
12,25,6,247,19
12,25,6,248,17
12,25,6,249,16
12,25,6,250,14
12,25,6,251,15
12,25,6,252,14
12,25,6,253,14
12,25,6,254,14
12,25,6,255,14
12,25,6,256,12
12,25,6,257,12
12,25,6,258,11
12,25,6,259,12
12,25,6,260,10
12,25,6,261,10
12,25,6,262,10
12,25,6,263,11
12,25,6,264,12
12,25,6,265,13
12,25,6,266,12
12,25,6,267,12
12,25,6,268,10
12,25,6,269,10
12,25,6,270,12
12,25,6,271,11
12,25,6,272,12
12,25,6,273,9
12,25,6,274,9
12,25,6,275,8
12,25,6,276,8
12,25,6,277,9
12,25,6,278,9
12,25,6,279,7
12,25,6,280,8
12,25,6,281,8
12,25,6,282,6
12,25,6,283,6
12,25,6,284,6
12,25,6,285,6
12,25,6,286,6
12,25,6,287,7
12,25,6,288,5
12,25,6,289,6
12,25,6,290,4
12,25,6,291,7
12,25,6,292,7
12,25,6,293,6
12,25,6,294,6
12,25,6,295,6
12,25,6,296,6
12,25,6,297,5
12,25,6,298,5
12,25,6,299,6
12,25,6,300,4
12,25,6,301,5
12,25,6,302,4
12,25,6,303,4
12,25,6,304,3
12,25,6,305,3
12,25,6,306,0
12,25,6,307,2
12,25,6,308,1
12,25,7,0,0
12,25,7,1,0
12,25,7,2,0
12,25,7,3,0
12,25,7,4,0
12,25,7,5,0
12,25,7,6,0
12,25,7,7,6
12,25,7,8,14
12,25,7,9,9
12,25,7,10,18
12,25,7,11,0
12,25,7,12,4
12,25,7,13,22
12,25,7,14,30
12,25,7,15,10
12,25,7,16,18
12,25,7,17,14
12,25,7,18,13
12,25,7,19,25
12,25,7,20,27
12,25,7,21,26
12,25,7,22,8
12,25,7,23,17
12,25,7,24,15
12,25,7,25,48
12,25,7,26,15
12,25,7,27,22
12,25,7,28,19
12,25,7,29,49
12,25,7,30,54
12,25,7,31,50
12,25,7,32,166
12,25,7,33,52
12,25,7,34,111
12,25,7,35,113
12,25,7,36,112
12,25,7,37,103
12,25,7,38,101
12,25,7,39,108
12,25,7,40,137
12,25,7,41,149
12,25,7,42,147
12,25,7,43,124
12,25,7,44,133
12,25,7,45,151
12,25,7,46,143
12,25,7,47,144
12,25,7,48,141
12,25,7,49,147
12,25,7,50,142
12,25,7,51,138
12,25,7,52,136
12,25,7,53,137
12,25,7,54,132
12,25,7,55,133
12,25,7,56,90
12,25,7,57,143
12,25,7,58,130
12,25,7,59,136
12,25,7,60,134
12,25,7,61,132
12,25,7,62,133
12,25,7,63,129
12,25,7,64,126
12,25,7,65,131
12,25,7,66,128
12,25,7,67,131
12,25,7,68,132
12,25,7,69,128
12,25,7,70,121
12,25,7,71,125
12,25,7,72,120
12,25,7,73,123
12,25,7,74,122
12,25,7,75,125
12,25,7,76,117
12,25,7,77,118
12,25,7,78,118
12,25,7,79,115
12,25,7,80,105
12,25,7,81,122
12,25,7,82,119
12,25,7,83,118
12,25,7,84,121
12,25,7,85,120
12,25,7,86,122
12,25,7,87,119
12,25,7,88,111
12,25,7,89,112
12,25,7,90,117
12,25,7,91,118
12,25,7,92,111
12,25,7,93,115
12,25,7,94,112
12,25,7,95,115
12,25,7,96,119
12,25,7,97,109
12,25,7,98,111
12,25,7,99,112
12,25,7,100,106
12,25,7,101,107
12,25,7,102,106
12,25,7,103,106
12,25,7,104,111
12,25,7,105,111
12,25,7,106,108
12,25,7,107,109
12,25,7,108,105
12,25,7,109,94
12,25,7,110,56
12,25,7,111,99
12,25,7,112,94
12,25,7,113,96
12,25,7,114,95
12,25,7,115,96
12,25,7,116,95
12,25,7,117,97
12,25,7,118,98
12,25,7,119,97
12,25,7,120,96
12,25,7,121,93
12,25,7,122,91
12,25,7,123,96
12,25,7,124,93
12,25,7,125,88
12,25,7,126,98
12,25,7,127,93
12,25,7,128,97
12,25,7,129,93
12,25,7,130,89
12,25,7,131,83
12,25,7,132,91
12,25,7,133,92
12,25,7,134,87
12,25,7,135,79
12,25,7,136,83
12,25,7,137,81
12,25,7,138,85
12,25,7,139,78
12,25,7,140,81
12,25,7,141,85
12,25,7,142,82
12,25,7,143,79
12,25,7,144,79
12,25,7,145,83
12,25,7,146,79
12,25,7,147,79
12,25,7,148,77
12,25,7,149,76
12,25,7,150,78
12,25,7,151,74
12,25,7,152,75
12,25,7,153,46
12,25,7,154,74
12,25,7,155,77
12,25,7,156,77
12,25,7,157,74
12,25,7,158,72
12,25,7,159,71
12,25,7,160,43
12,25,7,161,67
12,25,7,162,68
12,25,7,163,72
12,25,7,164,66
12,25,7,165,63
12,25,7,166,67
12,25,7,167,63
12,25,7,168,61
12,25,7,169,63
12,25,7,170,62
12,25,7,171,62
12,25,7,172,57
12,25,7,173,65
12,25,7,174,60
12,25,7,175,58
12,25,7,176,62
12,25,7,177,57
12,25,7,178,59
12,25,7,179,42
12,25,7,180,58
12,25,7,181,44
12,25,7,182,44
12,25,7,183,53
12,25,7,184,54
12,25,7,185,59
12,25,7,186,58
12,25,7,187,53
12,25,7,188,54
12,25,7,189,48
12,25,7,190,54
12,25,7,191,56
12,25,7,192,35
12,25,7,193,51
12,25,7,194,46
12,25,7,195,49
12,25,7,196,48
12,25,7,197,41
12,25,7,198,42
12,25,7,199,51
12,25,7,200,44
12,25,7,201,42
12,25,7,202,42
12,25,7,203,41
12,25,7,204,45
12,25,7,205,44
12,25,7,206,40
12,25,7,207,41
12,25,7,208,42
12,25,7,209,41
12,25,7,210,34
12,25,7,211,37
12,25,7,212,33
12,25,7,213,33
12,25,7,214,37
12,25,7,215,36
12,25,7,216,37
12,25,7,217,28
12,25,7,218,35
12,25,7,219,36
12,25,7,220,34
12,25,7,221,33
12,25,7,222,36
12,25,7,223,31
12,25,7,224,33
12,25,7,225,34
12,25,7,226,31
12,25,7,227,25
12,25,7,228,30
12,25,7,229,28
12,25,7,230,27
12,25,7,231,27
12,25,7,232,25
12,25,7,233,25
12,25,7,234,25
12,25,7,235,24
12,25,7,236,23
12,25,7,237,21
12,25,7,238,22
12,25,7,239,20
12,25,7,240,20
12,25,7,241,21
12,25,7,242,19
12,25,7,243,19
12,25,7,244,20
12,25,7,245,18
12,25,7,246,22
12,25,7,247,21
12,25,7,248,19
12,25,7,249,18
12,25,7,250,18
12,25,7,251,17
12,25,7,252,16
12,25,7,253,14
12,25,7,254,16
12,25,7,255,12
12,25,7,256,11
12,25,7,257,13
12,25,7,258,13
12,25,7,259,13
12,25,7,260,13
12,25,7,261,12
12,25,7,262,13
12,25,7,263,12
12,25,7,264,11
12,25,7,265,11
12,25,7,266,13
12,25,7,267,11
12,25,7,268,11
12,25,7,269,12
12,25,7,270,10
12,25,7,271,9
12,25,7,272,9
12,25,7,273,11
12,25,7,274,9
12,25,7,275,8
12,25,7,276,9
12,25,7,277,8
12,25,7,278,7
12,25,7,279,6
12,25,7,280,5
12,25,7,281,6
12,25,7,282,8
12,25,7,283,8
12,25,7,284,5
12,25,7,285,6
12,25,7,286,8
12,25,7,287,9
12,25,7,288,8
12,25,7,289,8
12,25,7,290,5
12,25,7,291,7
12,25,7,292,7
12,25,7,293,6
12,25,7,294,7
12,25,7,295,8
12,25,7,296,6
12,25,7,297,5
12,25,7,298,6
12,25,7,299,5
12,25,7,300,5
12,25,7,301,5
12,25,7,302,2
12,25,7,303,3
12,25,7,304,2
12,25,7,305,1
12,25,7,306,0
12,25,7,307,0
12,25,7,308,0
12,25,7,309,1
12,25,8,0,0
12,25,8,1,0
12,25,8,2,0
12,25,8,3,0
12,25,8,4,0
12,25,8,5,2
12,25,8,6,1
12,25,8,7,0
12,25,8,8,0
12,25,8,9,15
12,25,8,10,0
12,25,8,11,20
12,25,8,12,0
12,25,8,13,23
12,25,8,14,25
12,25,8,15,22
12,25,8,16,20
12,25,8,17,22
12,25,8,18,23
12,25,8,19,24
12,25,8,20,22
12,25,8,21,21
12,25,8,22,10
12,25,8,23,65
12,25,8,24,21
12,25,8,25,32
12,25,8,26,28
12,25,8,27,58
12,25,8,28,24
12,25,8,29,51
12,25,8,30,22
12,25,8,31,52
12,25,8,32,110
12,25,8,33,47
12,25,8,34,109
12,25,8,35,46
12,25,8,36,48
12,25,8,37,21
12,25,8,38,148
12,25,8,39,148
12,25,8,40,149
12,25,8,41,146
12,25,8,42,143
12,25,8,43,141
12,25,8,44,138
12,25,8,45,141
12,25,8,46,136
12,25,8,47,136
12,25,8,48,144
12,25,8,49,140
12,25,8,50,142
12,25,8,51,135
12,25,8,52,129
12,25,8,53,130
12,25,8,54,136
12,25,8,55,137
12,25,8,56,129
12,25,8,57,139
12,25,8,58,134
12,25,8,59,133
12,25,8,60,128
12,25,8,61,89
12,25,8,62,88
12,25,8,63,87
12,25,8,64,122
12,25,8,65,121
12,25,8,66,128
12,25,8,67,129
12,25,8,68,127
12,25,8,69,128
12,25,8,70,126
12,25,8,71,127
12,25,8,72,133
12,25,8,73,131
12,25,8,74,128
12,25,8,75,126
12,25,8,76,117
12,25,8,77,119
12,25,8,78,118
12,25,8,79,113
12,25,8,80,116
12,25,8,81,117
12,25,8,82,117
12,25,8,83,122
12,25,8,84,115
12,25,8,85,112
12,25,8,86,114
12,25,8,87,115
12,25,8,88,110
12,25,8,89,113
12,25,8,90,112
12,25,8,91,110
12,25,8,92,110
12,25,8,93,112
12,25,8,94,113
12,25,8,95,107
12,25,8,96,114
12,25,8,97,106
12,25,8,98,111
12,25,8,99,105
12,25,8,100,104
12,25,8,101,109
12,25,8,102,106
12,25,8,103,104
12,25,8,104,105
12,25,8,105,107
12,25,8,106,98
12,25,8,107,98
12,25,8,108,102
12,25,8,109,101
12,25,8,110,102
12,25,8,111,97
12,25,8,112,102
12,25,8,113,96
12,25,8,114,99
12,25,8,115,101
12,25,8,116,89
12,25,8,117,97
12,25,8,118,97
12,25,8,119,90
12,25,8,120,96
12,25,8,121,91
12,25,8,122,89
12,25,8,123,92
12,25,8,124,86
12,25,8,125,87
12,25,8,126,87
12,25,8,127,95
12,25,8,128,86
12,25,8,129,91
12,25,8,130,88
12,25,8,131,85
12,25,8,132,87
12,25,8,133,85
12,25,8,134,83
12,25,8,135,79
12,25,8,136,84
12,25,8,137,76
12,25,8,138,80
12,25,8,139,78
12,25,8,140,75
12,25,8,141,77
12,25,8,142,81
12,25,8,143,81
12,25,8,144,80
12,25,8,145,77
12,25,8,146,77
12,25,8,147,72
12,25,8,148,75
12,25,8,149,73
12,25,8,150,75
12,25,8,151,70
12,25,8,152,76
12,25,8,153,75
12,25,8,154,76
12,25,8,155,66
12,25,8,156,74
12,25,8,157,73
12,25,8,158,72
12,25,8,159,65
12,25,8,160,64
12,25,8,161,64
12,25,8,162,68
12,25,8,163,67
12,25,8,164,64
12,25,8,165,72
12,25,8,166,65
12,25,8,167,65
12,25,8,168,65
12,25,8,169,62
12,25,8,170,61
12,25,8,171,61
12,25,8,172,64
12,25,8,173,63
12,25,8,174,61
12,25,8,175,63
12,25,8,176,42
12,25,8,177,41
12,25,8,178,43
12,25,8,179,61
12,25,8,180,42
12,25,8,181,58
12,25,8,182,41
12,25,8,183,52
12,25,8,184,55
12,25,8,185,52
12,25,8,186,54
12,25,8,187,50
12,25,8,188,52
12,25,8,189,49
12,25,8,190,36
12,25,8,191,36
12,25,8,192,33
12,25,8,193,47
12,25,8,194,48
12,25,8,195,50
12,25,8,196,52
12,25,8,197,47
12,25,8,198,48
12,25,8,199,46
12,25,8,200,50
12,25,8,201,44
12,25,8,202,28
12,25,8,203,46
12,25,8,204,48
12,25,8,205,46
12,25,8,206,42
12,25,8,207,23
12,25,8,208,38
12,25,8,209,21
12,25,8,210,22
12,25,8,211,35
12,25,8,212,37
12,25,8,213,36
12,25,8,214,37
12,25,8,215,36
12,25,8,216,35
12,25,8,217,30
12,25,8,218,32
12,25,8,219,33
12,25,8,220,24
12,25,8,221,22
12,25,8,222,19
12,25,8,223,28
12,25,8,224,24
12,25,8,225,17
12,25,8,226,23
12,25,8,227,29
12,25,8,228,28
12,25,8,229,27
12,25,8,230,25
12,25,8,231,23
12,25,8,232,25
12,25,8,233,22
12,25,8,234,22
12,25,8,235,21
12,25,8,236,19
12,25,8,237,21
12,25,8,238,19
12,25,8,239,20
12,25,8,240,19
12,25,8,241,18
12,25,8,242,18
12,25,8,243,18
12,25,8,244,17
12,25,8,245,18
12,25,8,246,19
12,25,8,247,17
12,25,8,248,17
12,25,8,249,16
12,25,8,250,16
12,25,8,251,15
12,25,8,252,18
12,25,8,253,18
12,25,8,254,15
12,25,8,255,15
12,25,8,256,14
12,25,8,257,14
12,25,8,258,15
12,25,8,259,14
12,25,8,260,15
12,25,8,261,15
12,25,8,262,15
12,25,8,263,14
12,25,8,264,12
12,25,8,265,13
12,25,8,266,12
12,25,8,267,11
12,25,8,268,11
12,25,8,269,11
12,25,8,270,13
12,25,8,271,11
12,25,8,272,11
12,25,8,273,10
12,25,8,274,12
12,25,8,275,12
12,25,8,276,13
12,25,8,277,11
12,25,8,278,10
12,25,8,279,9
12,25,8,280,8
12,25,8,281,8
12,25,8,282,8
12,25,8,283,8
12,25,8,284,7
12,25,8,285,5
12,25,8,286,8
12,25,8,287,7
12,25,8,288,7
12,25,8,289,6
12,25,8,290,7
12,25,8,291,8
12,25,8,292,7
12,25,8,293,6
12,25,8,294,6
12,25,8,295,4
12,25,8,296,7
12,25,8,297,8
12,25,8,298,6
12,25,8,299,6
12,25,8,300,8
12,25,8,301,6
12,25,8,302,5
12,25,8,303,3
12,25,8,304,3
12,25,8,305,0
12,25,8,306,2
12,25,8,307,1
12,25,8,308,0
12,25,8,309,0
12,25,8,310,0
12,25,8,311,0
12,25,8,312,0
12,25,8,313,0
12,25,8,314,0
12,25,8,315,1
12,25,9,0,0
12,25,9,1,0
12,25,9,2,0
12,25,9,3,0
12,25,9,4,0
12,25,9,5,1
12,25,9,6,0
12,25,9,7,2
12,25,9,8,1
12,25,9,9,0
12,25,9,10,19
12,25,9,11,15
12,25,9,12,11
12,25,9,13,25
12,25,9,14,24
12,25,9,15,17
12,25,9,16,31
12,25,9,17,17
12,25,9,18,29
12,25,9,19,51
12,25,9,20,38
12,25,9,21,25
12,25,9,22,26
12,25,9,23,24
12,25,9,24,26
12,25,9,25,21
12,25,9,26,23
12,25,9,27,25
12,25,9,28,24
12,25,9,29,19
12,25,9,30,22
12,25,9,31,21
12,25,9,32,20
12,25,9,33,17
12,25,9,34,166
12,25,9,35,16
12,25,9,36,51
12,25,9,37,161
12,25,9,38,115
12,25,9,39,108
12,25,9,40,146
12,25,9,41,104
12,25,9,42,21
12,25,9,43,143
12,25,9,44,143
12,25,9,45,102
12,25,9,46,107
12,25,9,47,144
12,25,9,48,140
12,25,9,49,143
12,25,9,50,134
12,25,9,51,102
12,25,9,52,99
12,25,9,53,97
12,25,9,54,135
12,25,9,55,92
12,25,9,56,129
12,25,9,57,126
12,25,9,58,130
12,25,9,59,129
12,25,9,60,132
12,25,9,61,124
12,25,9,62,133
12,25,9,63,125
12,25,9,64,119
12,25,9,65,125
12,25,9,66,123
12,25,9,67,130
12,25,9,68,98
12,25,9,69,132
12,25,9,70,128
12,25,9,71,133
12,25,9,72,126
12,25,9,73,119
12,25,9,74,127
12,25,9,75,122
12,25,9,76,117
12,25,9,77,124
12,25,9,78,97
12,25,9,79,126
12,25,9,80,123
12,25,9,81,119
12,25,9,82,118
12,25,9,83,112
12,25,9,84,118
12,25,9,85,120
12,25,9,86,115
12,25,9,87,114
12,25,9,88,119
12,25,9,89,120
12,25,9,90,112
12,25,9,91,115
12,25,9,92,110
12,25,9,93,114
12,25,9,94,111
12,25,9,95,108
12,25,9,96,109
12,25,9,97,106
12,25,9,98,108
12,25,9,99,112
12,25,9,100,99
12,25,9,101,110
12,25,9,102,105
12,25,9,103,103
12,25,9,104,103
12,25,9,105,105
12,25,9,106,109
12,25,9,107,104
12,25,9,108,105
12,25,9,109,104
12,25,9,110,98
12,25,9,111,102
12,25,9,112,102
12,25,9,113,97
12,25,9,114,98
12,25,9,115,98
12,25,9,116,98
12,25,9,117,97
12,25,9,118,96
12,25,9,119,91
12,25,9,120,99
12,25,9,121,96
12,25,9,122,97
12,25,9,123,97
12,25,9,124,92
12,25,9,125,92
12,25,9,126,92
12,25,9,127,88
12,25,9,128,89
12,25,9,129,89
12,25,9,130,87
12,25,9,131,88
12,25,9,132,88
12,25,9,133,58
12,25,9,134,89
12,25,9,135,85
12,25,9,136,85
12,25,9,137,79
12,25,9,138,82
12,25,9,139,86
12,25,9,140,84
12,25,9,141,85
12,25,9,142,87
12,25,9,143,81
12,25,9,144,80
12,25,9,145,60
12,25,9,146,73
12,25,9,147,67
12,25,9,148,81
12,25,9,149,71
12,25,9,150,77
12,25,9,151,73
12,25,9,152,80
12,25,9,153,76
12,25,9,154,75
12,25,9,155,80
12,25,9,156,74
12,25,9,157,73
12,25,9,158,66
12,25,9,159,70
12,25,9,160,67
12,25,9,161,69
12,25,9,162,67
12,25,9,163,69
12,25,9,164,66
12,25,9,165,66
12,25,9,166,66
12,25,9,167,62
12,25,9,168,67
12,25,9,169,55
12,25,9,170,59
12,25,9,171,61
12,25,9,172,62
12,25,9,173,58
12,25,9,174,59
12,25,9,175,56
12,25,9,176,59
12,25,9,177,58
12,25,9,178,53
12,25,9,179,52
12,25,9,180,49
12,25,9,181,49
12,25,9,182,49
12,25,9,183,50
12,25,9,184,48
12,25,9,185,51
12,25,9,186,48
12,25,9,187,52
12,25,9,188,47
12,25,9,189,49
12,25,9,190,50
12,25,9,191,48
12,25,9,192,48
12,25,9,193,28
12,25,9,194,46
12,25,9,195,46
12,25,9,196,44
12,25,9,197,44
12,25,9,198,42
12,25,9,199,40
12,25,9,200,40
12,25,9,201,43
12,25,9,202,40
12,25,9,203,42
12,25,9,204,43
12,25,9,205,38
12,25,9,206,40
12,25,9,207,40
12,25,9,208,40
12,25,9,209,41
12,25,9,210,36
12,25,9,211,39
12,25,9,212,37
12,25,9,213,36
12,25,9,214,34
12,25,9,215,33
12,25,9,216,34
12,25,9,217,34
12,25,9,218,33
12,25,9,219,31
12,25,9,220,31
12,25,9,221,32
12,25,9,222,30
12,25,9,223,28
12,25,9,224,27
12,25,9,225,26
12,25,9,226,25
12,25,9,227,26
12,25,9,228,25
12,25,9,229,26
12,25,9,230,24
12,25,9,231,21
12,25,9,232,20
12,25,9,233,22
12,25,9,234,24
12,25,9,235,22
12,25,9,236,18
12,25,9,237,18
12,25,9,238,19
12,25,9,239,19
12,25,9,240,18
12,25,9,241,18
12,25,9,242,16
12,25,9,243,17
12,25,9,244,16
12,25,9,245,15
12,25,9,246,15
12,25,9,247,14
12,25,9,248,14
12,25,9,249,15
12,25,9,250,15
12,25,9,251,13
12,25,9,252,13
12,25,9,253,14
12,25,9,254,15
12,25,9,255,15
12,25,9,256,17
12,25,9,257,13
12,25,9,258,14
12,25,9,259,12
12,25,9,260,13
12,25,9,261,12
12,25,9,262,11
12,25,9,263,12
12,25,9,264,11
12,25,9,265,11
12,25,9,266,11
12,25,9,267,11
12,25,9,268,9
12,25,9,269,8
12,25,9,270,9
12,25,9,271,8
12,25,9,272,7
12,25,9,273,8
12,25,9,274,8
12,25,9,275,9
12,25,9,276,8
12,25,9,277,9
12,25,9,278,8
12,25,9,279,9
12,25,9,280,11
12,25,9,281,8
12,25,9,282,9
12,25,9,283,8
12,25,9,284,7
12,25,9,285,7
12,25,9,286,6
12,25,9,287,8
12,25,9,288,6
12,25,9,289,7
12,25,9,290,6
12,25,9,291,6
12,25,9,292,5
12,25,9,293,7
12,25,9,294,5
12,25,9,295,5
12,25,9,296,6
12,25,9,297,4
12,25,9,298,5
12,25,9,299,4
12,25,9,300,6
12,25,9,301,4
12,25,9,302,3
12,25,9,303,3
12,25,9,304,2
12,25,9,305,1
12,25,9,306,1
12,25,10,0,0
12,25,10,1,0
12,25,10,2,0
12,25,10,3,0
12,25,10,4,0
12,25,10,5,0
12,25,10,6,0
12,25,10,7,1
12,25,10,8,0
12,25,10,9,3
12,25,10,10,2
12,25,10,11,3
12,25,10,12,0
12,25,10,13,15
12,25,10,14,16
12,25,10,15,17
12,25,10,16,19
12,25,10,17,26
12,25,10,18,26
12,25,10,19,23
12,25,10,20,27
12,25,10,21,29
12,25,10,22,25
12,25,10,23,25
12,25,10,24,24
12,25,10,25,33
12,25,10,26,90
12,25,10,27,24
12,25,10,28,22
12,25,10,29,145
12,25,10,30,51
12,25,10,31,163
12,25,10,32,52
12,25,10,33,15
12,25,10,34,88
12,25,10,35,149
12,25,10,36,157
12,25,10,37,144
12,25,10,38,149
12,25,10,39,148
12,25,10,40,74
12,25,10,41,150
12,25,10,42,140
12,25,10,43,146
12,25,10,44,147
12,25,10,45,145
12,25,10,46,145
12,25,10,47,148
12,25,10,48,129
12,25,10,49,143
12,25,10,50,146
12,25,10,51,141
12,25,10,52,137
12,25,10,53,136
12,25,10,54,131
12,25,10,55,133
12,25,10,56,134
12,25,10,57,127
12,25,10,58,132
12,25,10,59,130
12,25,10,60,123
12,25,10,61,132
12,25,10,62,133
12,25,10,63,127
12,25,10,64,121
12,25,10,65,127
12,25,10,66,131
12,25,10,67,120
12,25,10,68,120
12,25,10,69,121
12,25,10,70,119
12,25,10,71,122
12,25,10,72,125
12,25,10,73,121
12,25,10,74,125
12,25,10,75,119
12,25,10,76,121
12,25,10,77,120
12,25,10,78,116
12,25,10,79,118
12,25,10,80,117
12,25,10,81,114
12,25,10,82,119
12,25,10,83,120
12,25,10,84,118
12,25,10,85,114
12,25,10,86,110
12,25,10,87,111
12,25,10,88,106
12,25,10,89,110
12,25,10,90,108
12,25,10,91,111
12,25,10,92,112
12,25,10,93,113
12,25,10,94,110
12,25,10,95,106
12,25,10,96,110
12,25,10,97,115
12,25,10,98,110
12,25,10,99,105
12,25,10,100,107
12,25,10,101,103
12,25,10,102,98
12,25,10,103,103
12,25,10,104,105
12,25,10,105,106
12,25,10,106,103
12,25,10,107,105
12,25,10,108,50
12,25,10,109,99
12,25,10,110,46
12,25,10,111,102
12,25,10,112,99
12,25,10,113,102
12,25,10,114,98
12,25,10,115,100
12,25,10,116,96
12,25,10,117,98
12,25,10,118,99
12,25,10,119,93
12,25,10,120,87
12,25,10,121,88
12,25,10,122,95
12,25,10,123,92
12,25,10,124,89
12,25,10,125,90
12,25,10,126,95
12,25,10,127,95
12,25,10,128,90
12,25,10,129,83
12,25,10,130,88
12,25,10,131,90
12,25,10,132,88
12,25,10,133,85
12,25,10,134,87
12,25,10,135,85
12,25,10,136,87
12,25,10,137,88
12,25,10,138,82
12,25,10,139,84
12,25,10,140,82
12,25,10,141,81
12,25,10,142,82
12,25,10,143,79
12,25,10,144,81
12,25,10,145,80
12,25,10,146,75
12,25,10,147,75
12,25,10,148,72
12,25,10,149,72
12,25,10,150,72
12,25,10,151,71
12,25,10,152,74
12,25,10,153,74
12,25,10,154,75
12,25,10,155,75
12,25,10,156,72
12,25,10,157,70
12,25,10,158,67
12,25,10,159,68
12,25,10,160,68
12,25,10,161,69
12,25,10,162,64
12,25,10,163,66
12,25,10,164,65
12,25,10,165,63
12,25,10,166,66
12,25,10,167,63
12,25,10,168,64
12,25,10,169,60
12,25,10,170,63
12,25,10,171,63
12,25,10,172,64
12,25,10,173,62
12,25,10,174,58
12,25,10,175,58
12,25,10,176,59
12,25,10,177,59
12,25,10,178,56
12,25,10,179,57
12,25,10,180,58
12,25,10,181,56
12,25,10,182,56
12,25,10,183,56
12,25,10,184,59
12,25,10,185,56
12,25,10,186,51
12,25,10,187,53
12,25,10,188,52
12,25,10,189,52
12,25,10,190,53
12,25,10,191,51
12,25,10,192,49
12,25,10,193,44
12,25,10,194,51
12,25,10,195,52
12,25,10,196,46
12,25,10,197,46
12,25,10,198,43
12,25,10,199,44
12,25,10,200,45
12,25,10,201,46
12,25,10,202,46
12,25,10,203,44
12,25,10,204,44
12,25,10,205,43
12,25,10,206,39
12,25,10,207,37
12,25,10,208,37
12,25,10,209,34
12,25,10,210,35
12,25,10,211,36
12,25,10,212,37
12,25,10,213,35
12,25,10,214,35
12,25,10,215,33
12,25,10,216,37
12,25,10,217,34
12,25,10,218,32
12,25,10,219,32
12,25,10,220,30
12,25,10,221,33
12,25,10,222,31
12,25,10,223,28
12,25,10,224,28
12,25,10,225,27
12,25,10,226,25
12,25,10,227,23
12,25,10,228,26
12,25,10,229,25
12,25,10,230,28
12,25,10,231,28
12,25,10,232,26
12,25,10,233,23
12,25,10,234,21
12,25,10,235,22
12,25,10,236,17
12,25,10,237,22
12,25,10,238,20
12,25,10,239,20
12,25,10,240,16
12,25,10,241,19
12,25,10,242,19
12,25,10,243,19
12,25,10,244,17
12,25,10,245,18
12,25,10,246,16
12,25,10,247,14
12,25,10,248,17
12,25,10,249,15
12,25,10,250,15
12,25,10,251,13
12,25,10,252,14
12,25,10,253,13
12,25,10,254,12
12,25,10,255,12
12,25,10,256,14
12,25,10,257,11
12,25,10,258,12
12,25,10,259,13
12,25,10,260,12
12,25,10,261,11
12,25,10,262,11
12,25,10,263,9
12,25,10,264,10
12,25,10,265,9
12,25,10,266,8
12,25,10,267,11
12,25,10,268,10
12,25,10,269,10
12,25,10,270,9
12,25,10,271,10
12,25,10,272,9
12,25,10,273,9
12,25,10,274,9
12,25,10,275,7
12,25,10,276,9
12,25,10,277,9
12,25,10,278,9
12,25,10,279,8
12,25,10,280,10
12,25,10,281,9
12,25,10,282,11
12,25,10,283,9
12,25,10,284,9
12,25,10,285,8
12,25,10,286,7
12,25,10,287,6
12,25,10,288,7
12,25,10,289,6
12,25,10,290,7
12,25,10,291,5
12,25,10,292,7
12,25,10,293,4
12,25,10,294,4
12,25,10,295,3
12,25,10,296,3
12,25,10,297,6
12,25,10,298,4
12,25,10,299,3
12,25,10,300,5
12,25,10,301,5
12,25,10,302,4
12,25,10,303,4
12,25,10,304,3
12,25,10,305,3
12,25,10,306,0
12,25,10,307,1
12,25,10,308,0
12,25,10,309,0
12,25,10,310,1
12,25,11,0,0
12,25,11,1,0
12,25,11,2,0
12,25,11,3,0
12,25,11,4,0
12,25,11,5,0
12,25,11,6,0
12,25,11,7,0
12,25,11,8,23
12,25,11,9,14
12,25,11,10,15
12,25,11,11,16
12,25,11,12,32
12,25,11,13,24
12,25,11,14,28
12,25,11,15,19
12,25,11,16,37
12,25,11,17,33
12,25,11,18,28
12,25,11,19,30
12,25,11,20,23
12,25,11,21,15
12,25,11,22,64
12,25,11,23,16
12,25,11,24,26
12,25,11,25,84
12,25,11,26,178
12,25,11,27,88
12,25,11,28,147
12,25,11,29,173
12,25,11,30,55
12,25,11,31,83
12,25,11,32,20
12,25,11,33,76
12,25,11,34,62
12,25,11,35,72
12,25,11,36,49
12,25,11,37,142
12,25,11,38,147
12,25,11,39,145
12,25,11,40,147
12,25,11,41,147
12,25,11,42,146
12,25,11,43,75
12,25,11,44,141
12,25,11,45,136
12,25,11,46,132
12,25,11,47,142
12,25,11,48,125
12,25,11,49,135
12,25,11,50,129
12,25,11,51,143
12,25,11,52,137
12,25,11,53,135
12,25,11,54,30
12,25,11,55,59
12,25,11,56,128
12,25,11,57,129
12,25,11,58,129
12,25,11,59,120
12,25,11,60,124
12,25,11,61,124
12,25,11,62,127
12,25,11,63,125
12,25,11,64,129
12,25,11,65,127
12,25,11,66,122
12,25,11,67,62
12,25,11,68,59
12,25,11,69,64
12,25,11,70,126
12,25,11,71,124
12,25,11,72,114
12,25,11,73,114
12,25,11,74,117
12,25,11,75,118
12,25,11,76,119
12,25,11,77,113
12,25,11,78,115
12,25,11,79,115
12,25,11,80,110
12,25,11,81,116
12,25,11,82,114
12,25,11,83,57
12,25,11,84,119
12,25,11,85,116
12,25,11,86,118
12,25,11,87,111
12,25,11,88,114
12,25,11,89,112
12,25,11,90,117
12,25,11,91,113
12,25,11,92,109
12,25,11,93,43
12,25,11,94,102
12,25,11,95,103
12,25,11,96,103
12,25,11,97,102
12,25,11,98,101
12,25,11,99,102
12,25,11,100,109
12,25,11,101,102
12,25,11,102,98
12,25,11,103,100
12,25,11,104,98
12,25,11,105,101
12,25,11,106,105
12,25,11,107,20
12,25,11,108,19
12,25,11,109,20
12,25,11,110,17
12,25,11,111,99
12,25,11,112,99
12,25,11,113,95
12,25,11,114,97
12,25,11,115,98
12,25,11,116,95
12,25,11,117,95
12,25,11,118,91
12,25,11,119,92
12,25,11,120,91
12,25,11,121,99
12,25,11,122,90
12,25,11,123,94
12,25,11,124,92
12,25,11,125,94
12,25,11,126,91
12,25,11,127,36
12,25,11,128,86
12,25,11,129,28
12,25,11,130,94
12,25,11,131,92
12,25,11,132,85
12,25,11,133,89
12,25,11,134,89
12,25,11,135,91
12,25,11,136,89
12,25,11,137,86
12,25,11,138,83
12,25,11,139,82
12,25,11,140,85
12,25,11,141,80
12,25,11,142,75
12,25,11,143,81
12,25,11,144,80
12,25,11,145,78
12,25,11,146,74
12,25,11,147,78
12,25,11,148,74
12,25,11,149,73
12,25,11,150,70
12,25,11,151,72
12,25,11,152,72
12,25,11,153,71
12,25,11,154,71
12,25,11,155,70
12,25,11,156,74
12,25,11,157,69
12,25,11,158,69
12,25,11,159,67
12,25,11,160,63
12,25,11,161,64
12,25,11,162,59
12,25,11,163,65
12,25,11,164,64
12,25,11,165,64
12,25,11,166,69
12,25,11,167,66
12,25,11,168,66
12,25,11,169,67
12,25,11,170,64
12,25,11,171,65
12,25,11,172,27
12,25,11,173,65
12,25,11,174,64
12,25,11,175,62
12,25,11,176,63
12,25,11,177,58
12,25,11,178,21
12,25,11,179,55
12,25,11,180,20
12,25,11,181,21
12,25,11,182,56
12,25,11,183,53
12,25,11,184,55
12,25,11,185,54
12,25,11,186,54
12,25,11,187,53
12,25,11,188,50
12,25,11,189,52
12,25,11,190,51
12,25,11,191,54
12,25,11,192,49
12,25,11,193,52
12,25,11,194,51
12,25,11,195,54
12,25,11,196,48
12,25,11,197,51
12,25,11,198,50
12,25,11,199,50
12,25,11,200,48
12,25,11,201,47
12,25,11,202,46
12,25,11,203,45
12,25,11,204,44
12,25,11,205,45
12,25,11,206,45
12,25,11,207,44
12,25,11,208,46
12,25,11,209,42
12,25,11,210,41
12,25,11,211,38
12,25,11,212,37
12,25,11,213,45
12,25,11,214,42
12,25,11,215,38
12,25,11,216,39
12,25,11,217,36
12,25,11,218,35
12,25,11,219,28
12,25,11,220,27
12,25,11,221,37
12,25,11,222,37
12,25,11,223,30
12,25,11,224,34
12,25,11,225,29
12,25,11,226,31
12,25,11,227,30
12,25,11,228,31
12,25,11,229,29
12,25,11,230,27
12,25,11,231,25
12,25,11,232,27
12,25,11,233,25
12,25,11,234,25
12,25,11,235,27
12,25,11,236,25
12,25,11,237,24
12,25,11,238,23
12,25,11,239,26
12,25,11,240,21
12,25,11,241,22
12,25,11,242,24
12,25,11,243,21
12,25,11,244,19
12,25,11,245,17
12,25,11,246,20
12,25,11,247,15
12,25,11,248,15
12,25,11,249,17
12,25,11,250,14
12,25,11,251,15
12,25,11,252,15
12,25,11,253,14
12,25,11,254,16
12,25,11,255,16
12,25,11,256,16
12,25,11,257,15
12,25,11,258,15
12,25,11,259,14
12,25,11,260,15
12,25,11,261,15
12,25,11,262,14
12,25,11,263,15
12,25,11,264,13
12,25,11,265,13
12,25,11,266,14
12,25,11,267,10
12,25,11,268,14
12,25,11,269,12
12,25,11,270,10
12,25,11,271,11
12,25,11,272,11
12,25,11,273,9
12,25,11,274,8
12,25,11,275,11
12,25,11,276,10
12,25,11,277,10
12,25,11,278,10
12,25,11,279,12
12,25,11,280,10
12,25,11,281,8
12,25,11,282,9
12,25,11,283,8
12,25,11,284,7
12,25,11,285,9
12,25,11,286,8
12,25,11,287,8
12,25,11,288,8
12,25,11,289,8
12,25,11,290,5
12,25,11,291,5
12,25,11,292,7
12,25,11,293,6
12,25,11,294,5
12,25,11,295,6
12,25,11,296,6
12,25,11,297,5
12,25,11,298,6
12,25,11,299,5
12,25,11,300,6
12,25,11,301,6
12,25,11,302,6
12,25,11,303,4
12,25,11,304,0
12,25,11,305,2
12,25,11,306,3
12,25,11,307,1
12,25,11,308,0
12,25,11,309,1
12,25,12,0,0
12,25,12,1,0
12,25,12,2,0
12,25,12,3,0
12,25,12,4,0
12,25,12,5,3
12,25,12,6,1
12,25,12,7,0
12,25,12,8,2
12,25,12,9,1
12,25,12,10,1
12,25,12,11,0
12,25,12,12,13
12,25,12,13,18
12,25,12,14,26
12,25,12,15,0
12,25,12,16,25
12,25,12,17,17
12,25,12,18,24
12,25,12,19,23
12,25,12,20,17
12,25,12,21,16
12,25,12,22,21
12,25,12,23,24
12,25,12,24,84
12,25,12,25,20
12,25,12,26,18
12,25,12,27,18
12,25,12,28,176
12,25,12,29,84
12,25,12,30,117
12,25,12,31,77
12,25,12,32,79
12,25,12,33,166
12,25,12,34,73
12,25,12,35,78
12,25,12,36,153
12,25,12,37,73
12,25,12,38,159
12,25,12,39,149
12,25,12,40,150
12,25,12,41,151
12,25,12,42,148
12,25,12,43,148
12,25,12,44,92
12,25,12,45,93
12,25,12,46,139
12,25,12,47,75
12,25,12,48,137
12,25,12,49,101
12,25,12,50,137
12,25,12,51,97
12,25,12,52,94
12,25,12,53,120
12,25,12,54,140
12,25,12,55,133
12,25,12,56,141
12,25,12,57,104
12,25,12,58,139
12,25,12,59,142
12,25,12,60,136
12,25,12,61,136
12,25,12,62,137
12,25,12,63,133
12,25,12,64,129
12,25,12,65,131
12,25,12,66,138
12,25,12,67,133
12,25,12,68,129
12,25,12,69,119
12,25,12,70,127
12,25,12,71,125
12,25,12,72,130
12,25,12,73,127
12,25,12,74,126
12,25,12,75,123
12,25,12,76,121
12,25,12,77,125
12,25,12,78,118
12,25,12,79,121
12,25,12,80,124
12,25,12,81,120
12,25,12,82,112
12,25,12,83,118
12,25,12,84,118
12,25,12,85,116
12,25,12,86,117
12,25,12,87,90
12,25,12,88,114
12,25,12,89,112
12,25,12,90,109
12,25,12,91,116
12,25,12,92,67
12,25,12,93,118
12,25,12,94,112
12,25,12,95,109
12,25,12,96,102
12,25,12,97,107
12,25,12,98,112
12,25,12,99,110
12,25,12,100,103
12,25,12,101,28
12,25,12,102,100
12,25,12,103,106
12,25,12,104,45
12,25,12,105,44
12,25,12,106,109
12,25,12,107,101
12,25,12,108,105
12,25,12,109,102
12,25,12,110,85
12,25,12,111,103
12,25,12,112,100
12,25,12,113,101
12,25,12,114,83
12,25,12,115,103
12,25,12,116,97
12,25,12,117,92
12,25,12,118,100
12,25,12,119,88
12,25,12,120,89
12,25,12,121,89
12,25,12,122,88
12,25,12,123,91
12,25,12,124,86
12,25,12,125,85
12,25,12,126,86
12,25,12,127,88
12,25,12,128,74
12,25,12,129,78
12,25,12,130,84
12,25,12,131,83
12,25,12,132,82
12,25,12,133,79
12,25,12,134,76
12,25,12,135,82
12,25,12,136,79
12,25,12,137,81
12,25,12,138,81
12,25,12,139,81
12,25,12,140,87
12,25,12,141,82
12,25,12,142,80
12,25,12,143,76
12,25,12,144,79
12,25,12,145,77
12,25,12,146,76
12,25,12,147,77
12,25,12,148,66
12,25,12,149,69
12,25,12,150,73
12,25,12,151,71
12,25,12,152,72
12,25,12,153,65
12,25,12,154,66
12,25,12,155,63
12,25,12,156,65
12,25,12,157,65
12,25,12,158,69
12,25,12,159,70
12,25,12,160,70
12,25,12,161,66
12,25,12,162,66
12,25,12,163,65
12,25,12,164,62
12,25,12,165,62
12,25,12,166,59
12,25,12,167,63
12,25,12,168,59
12,25,12,169,58
12,25,12,170,57
12,25,12,171,63
12,25,12,172,55
12,25,12,173,60
12,25,12,174,60
12,25,12,175,60
12,25,12,176,64
12,25,12,177,61
12,25,12,178,60
12,25,12,179,54
12,25,12,180,31
12,25,12,181,56
12,25,12,182,55
12,25,12,183,53
12,25,12,184,53
12,25,12,185,52
12,25,12,186,51
12,25,12,187,48
12,25,12,188,46
12,25,12,189,45
12,25,12,190,43
12,25,12,191,46
12,25,12,192,43
12,25,12,193,43
12,25,12,194,43
12,25,12,195,40
12,25,12,196,43
12,25,12,197,42
12,25,12,198,41
12,25,12,199,41
12,25,12,200,41
12,25,12,201,37
12,25,12,202,42
12,25,12,203,39
12,25,12,204,39
12,25,12,205,36
12,25,12,206,35
12,25,12,207,41
12,25,12,208,36
12,25,12,209,37
12,25,12,210,39
12,25,12,211,38
12,25,12,212,34
12,25,12,213,35
12,25,12,214,28
12,25,12,215,31
12,25,12,216,32
12,25,12,217,29
12,25,12,218,31
12,25,12,219,33
12,25,12,220,27
12,25,12,221,31
12,25,12,222,29
12,25,12,223,29
12,25,12,224,28
12,25,12,225,19
12,25,12,226,26
12,25,12,227,26
12,25,12,228,25
12,25,12,229,25
12,25,12,230,22
12,25,12,231,25
12,25,12,232,24
12,25,12,233,19
12,25,12,234,19
12,25,12,235,18
12,25,12,236,19
12,25,12,237,19
12,25,12,238,17
12,25,12,239,20
12,25,12,240,19
12,25,12,241,15
12,25,12,242,16
12,25,12,243,17
12,25,12,244,17
12,25,12,245,15
12,25,12,246,14
12,25,12,247,15
12,25,12,248,13
12,25,12,249,13
12,25,12,250,11
12,25,12,251,11
12,25,12,252,13
12,25,12,253,10
12,25,12,254,12
12,25,12,255,11
12,25,12,256,14
12,25,12,257,12
12,25,12,258,10
12,25,12,259,11
12,25,12,260,11
12,25,12,261,8
12,25,12,262,11
12,25,12,263,11
12,25,12,264,10
12,25,12,265,8
12,25,12,266,11
12,25,12,267,7
12,25,12,268,10
12,25,12,269,10
12,25,12,270,8
12,25,12,271,9
12,25,12,272,8
12,25,12,273,10
12,25,12,274,8
12,25,12,275,8
12,25,12,276,8
12,25,12,277,8
12,25,12,278,7
12,25,12,279,5
12,25,12,280,7
12,25,12,281,6
12,25,12,282,7
12,25,12,283,7
12,25,12,284,9
12,25,12,285,8
12,25,12,286,8
12,25,12,287,7
12,25,12,288,7
12,25,12,289,7
12,25,12,290,7
12,25,12,291,7
12,25,12,292,6
12,25,12,293,8
12,25,12,294,6
12,25,12,295,7
12,25,12,296,6
12,25,12,297,6
12,25,12,298,5
12,25,12,299,6
12,25,12,300,5
12,25,12,301,4
12,25,12,302,4
12,25,12,303,4
12,25,12,304,4
12,25,12,305,3
12,25,12,306,0
12,25,12,307,0
12,25,12,308,0
12,25,12,309,0
12,25,12,310,2
12,25,12,311,0
12,25,12,312,0
12,25,12,313,1
12,25,12,314,1
14,5,1,0,0
14,5,1,1,0
14,5,1,2,0
14,5,1,3,0
14,5,1,4,0
14,5,1,5,0
14,5,1,6,0
14,5,1,7,0
14,5,1,8,0
14,5,1,9,0
14,5,1,10,0
14,5,1,11,0
14,5,1,12,0
14,5,1,13,0
14,5,1,14,0
14,5,1,15,4
14,5,1,16,3
14,5,1,17,2
14,5,1,18,3
14,5,1,19,2
14,5,1,20,2
14,5,1,21,0
14,5,1,22,0
14,5,1,23,3
14,5,1,24,3
14,5,1,25,2
14,5,1,26,1
14,5,1,27,0
14,5,1,28,4
14,5,1,29,1
14,5,1,30,0
14,5,1,31,0
14,5,1,32,1
14,5,1,33,4
14,5,1,34,3
14,5,1,35,2
14,5,1,36,1
14,5,1,37,0
14,5,1,38,0
14,5,1,39,1
14,5,1,40,0
14,5,1,41,0
14,5,1,42,1
14,5,1,43,0
14,5,1,44,0
14,5,1,45,0
14,5,1,46,3
14,5,1,47,2
14,5,1,48,0
14,5,1,49,0
14,5,1,50,0
14,5,1,51,0
14,5,1,52,0
14,5,1,53,2
14,5,1,54,1
14,5,1,55,0
14,5,1,56,1
14,5,1,57,0
14,5,1,58,0
14,5,1,59,1
14,5,1,60,0
14,5,1,61,0
14,5,1,62,0
14,5,1,63,0
14,5,1,64,0
14,5,1,65,0
14,5,1,66,0
14,5,1,67,8
14,5,1,68,8
14,5,1,69,0
14,5,1,70,7
14,5,1,71,5
14,5,1,72,4
14,5,1,73,3
14,5,1,74,1
14,5,1,75,0
14,5,1,76,1
14,5,1,77,2
14,5,1,78,1
14,5,1,79,0
14,5,1,80,1
14,5,1,81,0
14,5,1,82,0
14,5,1,83,1
14,5,1,84,0
14,5,1,85,6
14,5,1,86,5
14,5,1,87,5
14,5,1,88,4
14,5,1,89,2
14,5,1,90,2
14,5,1,91,1
14,5,1,92,0
14,5,1,93,0
14,5,1,94,0
14,5,1,95,0
14,5,1,96,0
14,5,1,97,0
14,5,1,98,0
14,5,1,99,0
14,5,1,100,0
14,5,1,101,2
14,5,1,102,0
14,5,1,103,0
14,5,1,104,2
14,5,1,105,1
14,5,1,106,0
14,5,1,107,0
14,5,1,108,0
14,5,1,109,0
14,5,1,110,3
14,5,1,111,2
14,5,1,112,1
14,5,1,113,0
14,5,1,114,0
14,5,1,115,0
14,5,1,116,1
14,5,1,117,0
14,5,1,118,0
14,5,1,119,3
14,5,1,120,1
14,5,1,121,0
14,5,1,122,1
14,5,1,123,0
14,5,1,124,8
14,5,1,125,8
14,5,1,126,2
14,5,1,127,0
14,5,1,128,0
14,5,1,129,5
14,5,1,130,4
14,5,1,131,0
14,5,1,132,0
14,5,1,133,0
14,5,1,134,0
14,5,1,135,7
14,5,1,136,6
14,5,1,137,5
14,5,1,138,2
14,5,1,139,1
14,5,1,140,0
14,5,1,141,0
14,5,1,142,1
14,5,1,143,0
14,5,1,144,0
14,5,1,145,1
14,5,1,146,0
14,5,1,147,0
14,5,1,148,3
14,5,1,149,1
14,5,1,150,0
14,5,1,151,0
14,5,1,152,0
14,5,1,153,0
14,5,1,154,0
14,5,1,155,3
14,5,1,156,2
14,5,1,157,1
14,5,1,158,0
14,5,1,159,0
14,5,1,160,0
14,5,1,161,0
14,5,1,162,0
14,5,1,163,0
14,5,1,164,0
14,5,1,165,0
14,5,1,166,0
14,5,1,167,0
14,5,1,168,1
14,5,2,0,0
14,5,2,1,0
14,5,2,2,0
14,5,2,3,0
14,5,2,4,0
14,5,2,5,0
14,5,2,6,0
14,5,2,7,0
14,5,2,8,1
14,5,2,9,0
14,5,2,10,0
14,5,2,11,0
14,5,2,12,0
14,5,2,13,2
14,5,2,14,0
14,5,2,15,0
14,5,2,16,2
14,5,2,17,1
14,5,2,18,0
14,5,2,19,3
14,5,2,20,0
14,5,2,21,3
14,5,2,22,1
14,5,2,23,4
14,5,2,24,3
14,5,2,25,0
14,5,2,26,4
14,5,2,27,1
14,5,2,28,0
14,5,2,29,3
14,5,2,30,2
14,5,2,31,0
14,5,2,32,0
14,5,2,33,0
14,5,2,34,0
14,5,2,35,2
14,5,2,36,2
14,5,2,37,1
14,5,2,38,0
14,5,2,39,0
14,5,2,40,0
14,5,2,41,0
14,5,2,42,5
14,5,2,43,0
14,5,2,44,5
14,5,2,45,0
14,5,2,46,1
14,5,2,47,0
14,5,2,48,2
14,5,2,49,4
14,5,2,50,3
14,5,2,51,2
14,5,2,52,1
14,5,2,53,0
14,5,2,54,0
14,5,2,55,0
14,5,2,56,0
14,5,2,57,0
14,5,2,58,2
14,5,2,59,0
14,5,2,60,0
14,5,2,61,2
14,5,2,62,1
14,5,2,63,0
14,5,2,64,0
14,5,2,65,0
14,5,2,66,0
14,5,2,67,1
14,5,2,68,0
14,5,2,69,0
14,5,2,70,0
14,5,2,71,0
14,5,2,72,0
14,5,2,73,1
14,5,2,74,0
14,5,2,75,1
14,5,2,76,0
14,5,2,77,0
14,5,2,78,4
14,5,2,79,3
14,5,2,80,0
14,5,2,81,0
14,5,2,82,4
14,5,2,83,0
14,5,2,84,3
14,5,2,85,2
14,5,2,86,1
14,5,2,87,0
14,5,2,88,0
14,5,2,89,2
14,5,2,90,1
14,5,2,91,0
14,5,2,92,0
14,5,2,93,0
14,5,2,94,3
14,5,2,95,1
14,5,2,96,0
14,5,2,97,0
14,5,2,98,0
14,5,2,99,3
14,5,2,100,5
14,5,2,101,4
14,5,2,102,2
14,5,2,103,1
14,5,2,104,0
14,5,2,105,3
14,5,2,106,2
14,5,2,107,0
14,5,2,108,0
14,5,2,109,0
14,5,2,110,0
14,5,2,111,2
14,5,2,112,1
14,5,2,113,0
14,5,2,114,0
14,5,2,115,0
14,5,2,116,3
14,5,2,117,2
14,5,2,118,1
14,5,2,119,0
14,5,2,120,0
14,5,2,121,0
14,5,2,122,0
14,5,2,123,0
14,5,2,124,1
14,5,2,125,0
14,5,2,126,0
14,5,2,127,1
14,5,2,128,0
14,5,2,129,1
14,5,2,130,0
14,5,2,131,0
14,5,2,132,2
14,5,2,133,1
14,5,2,134,2
14,5,2,135,2
14,5,2,136,1
14,5,2,137,0
14,5,2,138,5
14,5,2,139,1
14,5,2,140,0
14,5,2,141,0
14,5,2,142,7
14,5,2,143,5
14,5,2,144,2
14,5,2,145,1
14,5,2,146,0
14,5,2,147,0
14,5,2,148,1
14,5,2,149,0
14,5,2,150,0
14,5,2,151,0
14,5,2,152,0
14,5,2,153,1
14,5,2,154,0
14,5,2,155,0
14,5,2,156,2
14,5,2,157,2
14,5,2,158,1
14,5,2,159,0
14,5,2,160,0
14,5,2,161,0
14,5,2,162,0
14,5,2,163,0
14,5,2,164,0
14,5,2,165,0
14,5,2,166,0
14,5,2,167,0
14,5,2,168,0
14,5,2,169,0
14,5,2,170,0
14,5,2,171,0
14,5,2,172,0
14,5,2,173,0
14,5,2,174,0
14,5,2,175,1
14,5,2,176,1
14,5,3,0,0
14,5,3,1,0
14,5,3,2,0
14,5,3,3,0
14,5,3,4,0
14,5,3,5,0
14,5,3,6,0
14,5,3,7,0
14,5,3,8,1
14,5,3,9,0
14,5,3,10,0
14,5,3,11,0
14,5,3,12,0
14,5,3,13,0
14,5,3,14,0
14,5,3,15,0
14,5,3,16,0
14,5,3,17,0
14,5,3,18,1
14,5,3,19,0
14,5,3,20,0
14,5,3,21,1
14,5,3,22,0
14,5,3,23,2
14,5,3,24,1
14,5,3,25,0
14,5,3,26,0
14,5,3,27,0
14,5,3,28,1
14,5,3,29,0
14,5,3,30,0
14,5,3,31,0
14,5,3,32,8
14,5,3,33,9
14,5,3,34,10
14,5,3,35,12
14,5,3,36,10
14,5,3,37,9
14,5,3,38,4
14,5,3,39,8
14,5,3,40,7
14,5,3,41,6
14,5,3,42,5
14,5,3,43,5
14,5,3,44,3
14,5,3,45,4
14,5,3,46,3
14,5,3,47,2
14,5,3,48,1
14,5,3,49,0
14,5,3,50,0
14,5,3,51,0
14,5,3,52,2
14,5,3,53,1
14,5,3,54,0
14,5,3,55,0
14,5,3,56,0
14,5,3,57,0
14,5,3,58,0
14,5,3,59,0
14,5,3,60,4
14,5,3,61,3
14,5,3,62,2
14,5,3,63,1
14,5,3,64,0
14,5,3,65,0
14,5,3,66,0
14,5,3,67,0
14,5,3,68,0
14,5,3,69,0
14,5,3,70,0
14,5,3,71,0
14,5,3,72,0
14,5,3,73,1
14,5,3,74,0
14,5,3,75,1
14,5,3,76,0
14,5,3,77,0
14,5,3,78,3
14,5,3,79,0
14,5,3,80,0
14,5,3,81,3
14,5,3,82,2
14,5,3,83,1
14,5,3,84,0
14,5,3,85,0
14,5,3,86,2
14,5,3,87,1
14,5,3,88,0
14,5,3,89,0
14,5,3,90,0
14,5,3,91,0
14,5,3,92,1
14,5,3,93,1
14,5,3,94,0
14,5,3,95,0
14,5,3,96,0
14,5,3,97,0
14,5,3,98,0
14,5,3,99,3
14,5,3,100,1
14,5,3,101,0
14,5,3,102,5
14,5,3,103,4
14,5,3,104,2
14,5,3,105,0
14,5,3,106,2
14,5,3,107,1
14,5,3,108,0
14,5,3,109,0
14,5,3,110,1
14,5,3,111,0
14,5,3,112,3
14,5,3,113,0
14,5,3,114,5
14,5,3,115,4
14,5,3,116,2
14,5,3,117,1
14,5,3,118,0
14,5,3,119,1
14,5,3,120,0
14,5,3,121,0
14,5,3,122,0
14,5,3,123,6
14,5,3,124,5
14,5,3,125,3
14,5,3,126,1
14,5,3,127,0
14,5,3,128,0
14,5,3,129,4
14,5,3,130,3
14,5,3,131,2
14,5,3,132,0
14,5,3,133,0
14,5,3,134,1
14,5,3,135,0
14,5,3,136,0
14,5,3,137,0
14,5,3,138,0
14,5,3,139,1
14,5,3,140,0
14,5,3,141,0
14,5,3,142,0
14,5,3,143,0
14,5,3,144,2
14,5,3,145,0
14,5,3,146,0
14,5,3,147,1
14,5,3,148,0
14,5,3,149,2
14,5,3,150,1
14,5,3,151,0
14,5,3,152,0
14,5,3,153,0
14,5,3,154,0
14,5,3,155,0
14,5,3,156,1
14,5,3,157,0
14,5,3,158,0
14,5,3,159,3
14,5,3,160,0
14,5,3,161,1
14,5,3,162,0
14,5,3,163,0
14,5,3,164,1
14,5,3,165,0
14,5,3,166,0
14,5,3,167,0
14,5,3,168,0
14,5,3,169,0
14,5,3,170,0
14,5,3,171,0
14,5,3,172,0
14,5,3,173,0
14,5,3,174,0
14,5,3,175,1
14,5,4,0,0
14,5,4,1,0
14,5,4,2,0
14,5,4,3,0
14,5,4,4,0
14,5,4,5,0
14,5,4,6,0
14,5,4,7,0
14,5,4,8,1
14,5,4,9,0
14,5,4,10,0
14,5,4,11,0
14,5,4,12,0
14,5,4,13,0
14,5,4,14,0
14,5,4,15,1
14,5,4,16,0
14,5,4,17,0
14,5,4,18,4
14,5,4,19,0
14,5,4,20,4
14,5,4,21,3
14,5,4,22,2
14,5,4,23,1
14,5,4,24,0
14,5,4,25,2
14,5,4,26,4
14,5,4,27,0
14,5,4,28,4
14,5,4,29,0
14,5,4,30,3
14,5,4,31,3
14,5,4,32,0
14,5,4,33,2
14,5,4,34,1
14,5,4,35,0
14,5,4,36,0
14,5,4,37,0
14,5,4,38,1
14,5,4,39,0
14,5,4,40,5
14,5,4,41,1
14,5,4,42,0
14,5,4,43,2
14,5,4,44,1
14,5,4,45,0
14,5,4,46,0
14,5,4,47,1
14,5,4,48,0
14,5,4,49,1
14,5,4,50,0
14,5,4,51,0
14,5,4,52,0
14,5,4,53,0
14,5,4,54,0
14,5,4,55,0
14,5,4,56,0
14,5,4,57,0
14,5,4,58,5
14,5,4,59,3
14,5,4,60,0
14,5,4,61,3
14,5,4,62,2
14,5,4,63,0
14,5,4,64,0
14,5,4,65,0
14,5,4,66,0
14,5,4,67,1
14,5,4,68,2
14,5,4,69,1
14,5,4,70,0
14,5,4,71,0
14,5,4,72,4
14,5,4,73,4
14,5,4,74,2
14,5,4,75,1
14,5,4,76,0
14,5,4,77,2
14,5,4,78,1
14,5,4,79,0
14,5,4,80,0
14,5,4,81,0
14,5,4,82,0
14,5,4,83,0
14,5,4,84,1
14,5,4,85,0
14,5,4,86,0
14,5,4,87,0
14,5,4,88,0
14,5,4,89,4
14,5,4,90,1
14,5,4,91,1
14,5,4,92,9
14,5,4,93,1
14,5,4,94,0
14,5,4,95,2
14,5,4,96,2
14,5,4,97,1
14,5,4,98,0
14,5,4,99,4
14,5,4,100,2
14,5,4,101,0
14,5,4,102,0
14,5,4,103,8
14,5,4,104,0
14,5,4,105,0
14,5,4,106,0
14,5,4,107,7
14,5,4,108,0
14,5,4,109,0
14,5,4,110,5
14,5,4,111,8
14,5,4,112,4
14,5,4,113,0
14,5,4,114,0
14,5,4,115,6
14,5,4,116,4
14,5,4,117,4
14,5,4,118,2
14,5,4,119,2
14,5,4,120,1
14,5,4,121,0
14,5,4,122,0
14,5,4,123,0
14,5,4,124,8
14,5,4,125,1
14,5,4,126,0
14,5,4,127,0
14,5,4,128,0
14,5,4,129,4
14,5,4,130,3
14,5,4,131,0
14,5,4,132,3
14,5,4,133,0
14,5,4,134,4
14,5,4,135,3
14,5,4,136,1
14,5,4,137,0
14,5,4,138,0
14,5,4,139,1
14,5,4,140,0
14,5,4,141,1
14,5,4,142,0
14,5,4,143,1
14,5,4,144,0
14,5,4,145,0
14,5,4,146,3
14,5,4,147,0
14,5,4,148,0
14,5,4,149,0
14,5,4,150,0
14,5,4,151,2
14,5,4,152,3
14,5,4,153,0
14,5,4,154,0
14,5,4,155,3
14,5,4,156,1
14,5,4,157,0
14,5,4,158,2
14,5,4,159,1
14,5,5,0,0
14,5,5,1,0
14,5,5,2,0
14,5,5,3,0
14,5,5,4,0
14,5,5,5,0
14,5,5,6,0
14,5,5,7,0
14,5,5,8,1
14,5,5,9,0
14,5,5,10,0
14,5,5,11,0
14,5,5,12,0
14,5,5,13,0
14,5,5,14,2
14,5,5,15,1
14,5,5,16,0
14,5,5,17,0
14,5,5,18,0
14,5,5,19,1
14,5,5,20,4
14,5,5,21,4
14,5,5,22,1
14,5,5,23,0
14,5,5,24,3
14,5,5,25,2
14,5,5,26,1
14,5,5,27,0
14,5,5,28,3
14,5,5,29,3
14,5,5,30,2
14,5,5,31,1
14,5,5,32,0
14,5,5,33,0
14,5,5,34,1
14,5,5,35,0
14,5,5,36,0
14,5,5,37,2
14,5,5,38,1
14,5,5,39,0
14,5,5,40,1
14,5,5,41,0
14,5,5,42,0
14,5,5,43,0
14,5,5,44,0
14,5,5,45,0
14,5,5,46,0
14,5,5,47,0
14,5,5,48,2
14,5,5,49,1
14,5,5,50,0
14,5,5,51,0
14,5,5,52,0
14,5,5,53,3
14,5,5,54,0
14,5,5,55,4
14,5,5,56,4
14,5,5,57,0
14,5,5,58,4
14,5,5,59,1
14,5,5,60,0
14,5,5,61,1
14,5,5,62,0
14,5,5,63,0
14,5,5,64,7
14,5,5,65,0
14,5,5,66,0
14,5,5,67,3
14,5,5,68,2
14,5,5,69,1
14,5,5,70,0
14,5,5,71,0
14,5,5,72,0
14,5,5,73,0
14,5,5,74,1
14,5,5,75,0
14,5,5,76,0
14,5,5,77,0
14,5,5,78,1
14,5,5,79,0
14,5,5,80,0
14,5,5,81,0
14,5,5,82,4
14,5,5,83,9
14,5,5,84,3
14,5,5,85,0
14,5,5,86,2
14,5,5,87,1
14,5,5,88,0
14,5,5,89,0
14,5,5,90,0
14,5,5,91,8
14,5,5,92,7
14,5,5,93,1
14,5,5,94,0
14,5,5,95,0
14,5,5,96,2
14,5,5,97,1
14,5,5,98,0
14,5,5,99,0
14,5,5,100,3
14,5,5,101,2
14,5,5,102,0
14,5,5,103,3
14,5,5,104,5
14,5,5,105,4
14,5,5,106,0
14,5,5,107,2
14,5,5,108,2
14,5,5,109,1
14,5,5,110,0
14,5,5,111,0
14,5,5,112,0
14,5,5,113,1
14,5,5,114,0
14,5,5,115,0
14,5,5,116,0
14,5,5,117,0
14,5,5,118,2
14,5,5,119,1
14,5,5,120,0
14,5,5,121,0
14,5,5,122,0
14,5,5,123,0
14,5,5,124,0
14,5,5,125,0
14,5,5,126,0
14,5,5,127,1
14,5,5,128,0
14,5,5,129,0
14,5,5,130,0
14,5,5,131,2
14,5,5,132,1
14,5,5,133,0
14,5,5,134,0
14,5,5,135,0
14,5,5,136,6
14,5,5,137,0
14,5,5,138,9
14,5,5,139,8
14,5,5,140,0
14,5,5,141,7
14,5,5,142,5
14,5,5,143,4
14,5,5,144,2
14,5,5,145,3
14,5,5,146,2
14,5,5,147,1
14,5,5,148,0
14,5,5,149,0
14,5,5,150,0
14,5,5,151,0
14,5,5,152,4
14,5,5,153,2
14,5,5,154,1
14,5,5,155,0
14,5,5,156,0
14,5,5,157,1
14,5,5,158,0
14,5,5,159,1
14,5,6,0,0
14,5,6,1,0
14,5,6,2,0
14,5,6,3,0
14,5,6,4,0
14,5,6,5,0
14,5,6,6,0
14,5,6,7,0
14,5,6,8,0
14,5,6,9,0
14,5,6,10,0
14,5,6,11,0
14,5,6,12,0
14,5,6,13,0
14,5,6,14,0
14,5,6,15,4
14,5,6,16,3
14,5,6,17,4
14,5,6,18,6
14,5,6,19,4
14,5,6,20,1
14,5,6,21,0
14,5,6,22,1
14,5,6,23,0
14,5,6,24,6
14,5,6,25,5
14,5,6,26,3
14,5,6,27,0
14,5,6,28,0
14,5,6,29,1
14,5,6,30,0
14,5,6,31,1
14,5,6,32,0
14,5,6,33,0
14,5,6,34,5
14,5,6,35,4
14,5,6,36,2
14,5,6,37,1
14,5,6,38,3
14,5,6,39,2
14,5,6,40,1
14,5,6,41,0
14,5,6,42,1
14,5,6,43,0
14,5,6,44,0
14,5,6,45,0
14,5,6,46,0
14,5,6,47,0
14,5,6,48,2
14,5,6,49,1
14,5,6,50,0
14,5,6,51,0
14,5,6,52,0
14,5,6,53,0
14,5,6,54,4
14,5,6,55,7
14,5,6,56,6
14,5,6,57,4
14,5,6,58,3
14,5,6,59,1
14,5,6,60,0
14,5,6,61,0
14,5,6,62,0
14,5,6,63,0
14,5,6,64,0
14,5,6,65,2
14,5,6,66,3
14,5,6,67,2
14,5,6,68,1
14,5,6,69,0
14,5,6,70,1
14,5,6,71,0
14,5,6,72,0
14,5,6,73,1
14,5,6,74,0
14,5,6,75,0
14,5,6,76,0
14,5,6,77,2
14,5,6,78,1
14,5,6,79,0
14,5,6,80,5
14,5,6,81,1
14,5,6,82,0
14,5,6,83,0
14,5,6,84,0
14,5,6,85,0
14,5,6,86,6
14,5,6,87,4
14,5,6,88,4
14,5,6,89,3
14,5,6,90,2
14,5,6,91,2
14,5,6,92,1
14,5,6,93,0
14,5,6,94,0
14,5,6,95,1
14,5,6,96,0
14,5,6,97,0
14,5,6,98,1
14,5,6,99,0
14,5,6,100,0
14,5,6,101,0
14,5,6,102,0
14,5,6,103,1
14,5,6,104,0
14,5,6,105,0
14,5,6,106,0
14,5,6,107,2
14,5,6,108,1
14,5,6,109,0
14,5,6,110,0
14,5,6,111,0
14,5,6,112,0
14,5,6,113,0
14,5,6,114,2
14,5,6,115,1
14,5,6,116,0
14,5,6,117,0
14,5,6,118,0
14,5,6,119,0
14,5,6,120,0
14,5,6,121,0
14,5,6,122,4
14,5,6,123,3
14,5,6,124,3
14,5,6,125,1
14,5,6,126,0
14,5,6,127,0
14,5,6,128,0
14,5,6,129,0
14,5,6,130,2
14,5,6,131,1
14,5,6,132,0
14,5,6,133,0
14,5,6,134,0
14,5,6,135,4
14,5,6,136,0
14,5,6,137,4
14,5,6,138,3
14,5,6,139,2
14,5,6,140,1
14,5,6,141,0
14,5,6,142,0
14,5,6,143,0
14,5,6,144,0
14,5,6,145,0
14,5,6,146,0
14,5,6,147,0
14,5,6,148,3
14,5,6,149,1
14,5,6,150,0
14,5,6,151,0
14,5,6,152,3
14,5,6,153,1
14,5,6,154,4
14,5,6,155,0
14,5,6,156,3
14,5,6,157,2
14,5,6,158,1
14,5,6,159,0
14,5,6,160,0
14,5,6,161,0
14,5,6,162,0
14,5,6,163,0
14,5,6,164,0
14,5,6,165,0
14,5,6,166,0
14,5,6,167,0
14,5,6,168,0
14,5,6,169,0
14,5,6,170,0
14,5,6,171,0
14,5,6,172,0
14,5,6,173,0
14,5,6,174,1
14,5,6,175,1
14,5,6,176,0
14,5,6,177,1
14,5,7,0,0
14,5,7,1,0
14,5,7,2,0
14,5,7,3,0
14,5,7,4,0
14,5,7,5,0
14,5,7,6,0
14,5,7,7,0
14,5,7,8,1
14,5,7,9,0
14,5,7,10,0
14,5,7,11,0
14,5,7,12,0
14,5,7,13,0
14,5,7,14,0
14,5,7,15,2
14,5,7,16,1
14,5,7,17,0
14,5,7,18,0
14,5,7,19,3
14,5,7,20,2
14,5,7,21,1
14,5,7,22,0
14,5,7,23,0
14,5,7,24,2
14,5,7,25,1
14,5,7,26,0
14,5,7,27,0
14,5,7,28,0
14,5,7,29,0
14,5,7,30,4
14,5,7,31,3
14,5,7,32,1
14,5,7,33,0
14,5,7,34,0
14,5,7,35,0
14,5,7,36,0
14,5,7,37,0
14,5,7,38,5
14,5,7,39,0
14,5,7,40,9
14,5,7,41,3
14,5,7,42,4
14,5,7,43,1
14,5,7,44,0
14,5,7,45,0
14,5,7,46,9
14,5,7,47,8
14,5,7,48,5
14,5,7,49,4
14,5,7,50,0
14,5,7,51,3
14,5,7,52,0
14,5,7,53,4
14,5,7,54,3
14,5,7,55,2
14,5,7,56,1
14,5,7,57,0
14,5,7,58,0
14,5,7,59,0
14,5,7,60,0
14,5,7,61,0
14,5,7,62,0
14,5,7,63,0
14,5,7,64,3
14,5,7,65,0
14,5,7,66,3
14,5,7,67,0
14,5,7,68,0
14,5,7,69,2
14,5,7,70,1
14,5,7,71,0
14,5,7,72,0
14,5,7,73,0
14,5,7,74,3
14,5,7,75,0
14,5,7,76,2
14,5,7,77,0
14,5,7,78,0
14,5,7,79,1
14,5,7,80,0
14,5,7,81,0
14,5,7,82,0
14,5,7,83,0
14,5,7,84,0
14,5,7,85,7
14,5,7,86,0
14,5,7,87,0
14,5,7,88,7
14,5,7,89,6
14,5,7,90,4
14,5,7,91,0
14,5,7,92,4
14,5,7,93,4
14,5,7,94,3
14,5,7,95,2
14,5,7,96,1
14,5,7,97,0
14,5,7,98,0
14,5,7,99,2
14,5,7,100,0
14,5,7,101,1
14,5,7,102,0
14,5,7,103,0
14,5,7,104,0
14,5,7,105,2
14,5,7,106,0
14,5,7,107,0
14,5,7,108,7
14,5,7,109,0
14,5,7,110,0
14,5,7,111,0
14,5,7,112,3
14,5,7,113,2
14,5,7,114,3
14,5,7,115,6
14,5,7,116,0
14,5,7,117,6
14,5,7,118,4
14,5,7,119,4
14,5,7,120,2
14,5,7,121,2
14,5,7,122,1
14,5,7,123,0
14,5,7,124,0
14,5,7,125,0
14,5,7,126,0
14,5,7,127,2
14,5,7,128,0
14,5,7,129,0
14,5,7,130,0
14,5,7,131,0
14,5,7,132,1
14,5,7,133,0
14,5,7,134,0
14,5,7,135,0
14,5,7,136,0
14,5,7,137,0
14,5,7,138,0
14,5,7,139,0
14,5,7,140,1
14,5,7,141,0
14,5,7,142,0
14,5,7,143,1
14,5,7,144,0
14,5,7,145,0
14,5,7,146,0
14,5,7,147,2
14,5,7,148,0
14,5,7,149,0
14,5,7,150,0
14,5,7,151,4
14,5,7,152,2
14,5,7,153,0
14,5,7,154,0
14,5,7,155,6
14,5,7,156,3
14,5,7,157,2
14,5,7,158,0
14,5,7,159,0
14,5,7,160,2
14,5,7,161,0
14,5,7,162,0
14,5,7,163,0
14,5,7,164,0
14,5,7,165,2
14,5,7,166,1
14,5,7,167,0
14,5,7,168,0
14,5,7,169,0
14,5,7,170,0
14,5,7,171,0
14,5,7,172,0
14,5,7,173,2
14,5,7,174,1
14,5,8,0,0
14,5,8,1,0
14,5,8,2,0
14,5,8,3,0
14,5,8,4,0
14,5,8,5,0
14,5,8,6,0
14,5,8,7,0
14,5,8,8,0
14,5,8,9,0
14,5,8,10,1
14,5,8,11,0
14,5,8,12,0
14,5,8,13,0
14,5,8,14,0
14,5,8,15,2
14,5,8,16,1
14,5,8,17,0
14,5,8,18,0
14,5,8,19,0
14,5,8,20,2
14,5,8,21,0
14,5,8,22,0
14,5,8,23,3
14,5,8,24,5
14,5,8,25,4
14,5,8,26,4
14,5,8,27,3
14,5,8,28,2
14,5,8,29,2
14,5,8,30,0
14,5,8,31,0
14,5,8,32,1
14,5,8,33,0
14,5,8,34,0
14,5,8,35,0
14,5,8,36,0
14,5,8,37,0
14,5,8,38,0
14,5,8,39,1
14,5,8,40,0
14,5,8,41,0
14,5,8,42,0
14,5,8,43,4
14,5,8,44,3
14,5,8,45,3
14,5,8,46,1
14,5,8,47,0
14,5,8,48,0
14,5,8,49,2
14,5,8,50,0
14,5,8,51,0
14,5,8,52,1
14,5,8,53,0
14,5,8,54,3
14,5,8,55,1
14,5,8,56,0
14,5,8,57,0
14,5,8,58,4
14,5,8,59,3
14,5,8,60,0
14,5,8,61,0
14,5,8,62,0
14,5,8,63,4
14,5,8,64,3
14,5,8,65,1
14,5,8,66,0
14,5,8,67,0
14,5,8,68,0
14,5,8,69,0
14,5,8,70,5
14,5,8,71,1
14,5,8,72,0
14,5,8,73,0
14,5,8,74,2
14,5,8,75,2
14,5,8,76,2
14,5,8,77,1
14,5,8,78,1
14,5,8,79,0
14,5,8,80,0
14,5,8,81,0
14,5,8,82,0
14,5,8,83,0
14,5,8,84,1
14,5,8,85,0
14,5,8,86,0
14,5,8,87,1
14,5,8,88,0
14,5,8,89,5
14,5,8,90,4
14,5,8,91,2
14,5,8,92,0
14,5,8,93,0
14,5,8,94,1
14,5,8,95,0
14,5,8,96,1
14,5,8,97,0
14,5,8,98,0
14,5,8,99,0
14,5,8,100,0
14,5,8,101,0
14,5,8,102,2
14,5,8,103,0
14,5,8,104,0
14,5,8,105,3
14,5,8,106,0
14,5,8,107,4
14,5,8,108,2
14,5,8,109,1
14,5,8,110,6
14,5,8,111,6
14,5,8,112,21
14,5,8,113,7
14,5,8,114,4
14,5,8,115,4
14,5,8,116,2
14,5,8,117,4
14,5,8,118,1
14,5,8,119,1
14,5,8,120,0
14,5,8,121,3
14,5,8,122,0
14,5,8,123,0
14,5,8,124,10
14,5,8,125,1
14,5,8,126,0
14,5,8,127,1
14,5,8,128,0
14,5,8,129,5
14,5,8,130,0
14,5,8,131,4
14,5,8,132,3
14,5,8,133,4
14,5,8,134,0
14,5,8,135,2
14,5,8,136,0
14,5,8,137,0
14,5,8,138,4
14,5,8,139,3
14,5,8,140,1
14,5,8,141,0
14,5,8,142,0
14,5,8,143,0
14,5,8,144,1
14,5,8,145,0
14,5,8,146,3
14,5,8,147,1
14,5,8,148,0
14,5,8,149,1
14,5,8,150,0
14,5,8,151,0
14,5,8,152,0
14,5,8,153,0
14,5,8,154,0
14,5,8,155,0
14,5,8,156,0
14,5,8,157,0
14,5,8,158,0
14,5,8,159,0
14,5,8,160,0
14,5,8,161,2
14,5,8,162,1
14,5,8,163,1
14,5,9,0,0
14,5,9,1,0
14,5,9,2,0
14,5,9,3,0
14,5,9,4,0
14,5,9,5,0
14,5,9,6,0
14,5,9,7,0
14,5,9,8,1
14,5,9,9,0
14,5,9,10,0
14,5,9,11,0
14,5,9,12,0
14,5,9,13,0
14,5,9,14,2
14,5,9,15,1
14,5,9,16,0
14,5,9,17,1
14,5,9,18,0
14,5,9,19,4
14,5,9,20,3
14,5,9,21,5
14,5,9,22,3
14,5,9,23,0
14,5,9,24,0
14,5,9,25,5
14,5,9,26,4
14,5,9,27,3
14,5,9,28,0
14,5,9,29,3
14,5,9,30,1
14,5,9,31,0
14,5,9,32,0
14,5,9,33,1
14,5,9,34,0
14,5,9,35,0
14,5,9,36,0
14,5,9,37,0
14,5,9,38,2
14,5,9,39,1
14,5,9,40,1
14,5,9,41,3
14,5,9,42,2
14,5,9,43,1
14,5,9,44,0
14,5,9,45,0
14,5,9,46,3
14,5,9,47,1
14,5,9,48,0
14,5,9,49,0
14,5,9,50,0
14,5,9,51,0
14,5,9,52,4
14,5,9,53,3
14,5,9,54,2
14,5,9,55,0
14,5,9,56,0
14,5,9,57,1
14,5,9,58,0
14,5,9,59,0
14,5,9,60,0
14,5,9,61,0
14,5,9,62,3
14,5,9,63,2
14,5,9,64,1
14,5,9,65,0
14,5,9,66,1
14,5,9,67,0
14,5,9,68,0
14,5,9,69,0
14,5,9,70,0
14,5,9,71,0
14,5,9,72,0
14,5,9,73,3
14,5,9,74,1
14,5,9,75,0
14,5,9,76,1
14,5,9,77,0
14,5,9,78,0
14,5,9,79,0
14,5,9,80,0
14,5,9,81,10
14,5,9,82,1
14,5,9,83,0
14,5,9,84,0
14,5,9,85,7
14,5,9,86,6
14,5,9,87,2
14,5,9,88,1
14,5,9,89,0
14,5,9,90,5
14,5,9,91,2
14,5,9,92,1
14,5,9,93,0
14,5,9,94,4
14,5,9,95,0
14,5,9,96,4
14,5,9,97,3
14,5,9,98,2
14,5,9,99,1
14,5,9,100,0
14,5,9,101,0
14,5,9,102,0
14,5,9,103,0
14,5,9,104,0
14,5,9,105,0
14,5,9,106,0
14,5,9,107,3
14,5,9,108,2
14,5,9,109,0
14,5,9,110,0
14,5,9,111,1
14,5,9,112,0
14,5,9,113,0
14,5,9,114,0
14,5,9,115,1
14,5,9,116,0
14,5,9,117,0
14,5,9,118,0
14,5,9,119,0
14,5,9,120,0
14,5,9,121,4
14,5,9,122,1
14,5,9,123,0
14,5,9,124,0
14,5,9,125,2
14,5,9,126,0
14,5,9,127,0
14,5,9,128,0
14,5,9,129,2
14,5,9,130,0
14,5,9,131,0
14,5,9,132,1
14,5,9,133,0
14,5,9,134,5
14,5,9,135,4
14,5,9,136,3
14,5,9,137,3
14,5,9,138,0
14,5,9,139,2
14,5,9,140,2
14,5,9,141,1
14,5,9,142,0
14,5,9,143,1
14,5,9,144,0
14,5,9,145,0
14,5,9,146,0
14,5,9,147,0
14,5,9,148,0
14,5,9,149,3
14,5,9,150,1
14,5,9,151,0
14,5,9,152,0
14,5,9,153,0
14,5,9,154,0
14,5,9,155,0
14,5,9,156,3
14,5,9,157,2
14,5,9,158,1
14,5,9,159,1
14,5,9,160,0
14,5,9,161,0
14,5,9,162,0
14,5,9,163,0
14,5,9,164,2
14,5,9,165,1
14,5,10,0,0
14,5,10,1,0
14,5,10,2,0
14,5,10,3,0
14,5,10,4,0
14,5,10,5,0
14,5,10,6,0
14,5,10,7,0
14,5,10,8,0
14,5,10,9,0
14,5,10,10,1
14,5,10,11,0
14,5,10,12,0
14,5,10,13,0
14,5,10,14,0
14,5,10,15,0
14,5,10,16,0
14,5,10,17,0
14,5,10,18,0
14,5,10,19,6
14,5,10,20,6
14,5,10,21,4
14,5,10,22,4
14,5,10,23,4
14,5,10,24,3
14,5,10,25,3
14,5,10,26,1
14,5,10,27,0
14,5,10,28,7
14,5,10,29,6
14,5,10,30,5
14,5,10,31,0
14,5,10,32,5
14,5,10,33,3
14,5,10,34,3
14,5,10,35,2
14,5,10,36,1
14,5,10,37,0
14,5,10,38,0
14,5,10,39,0
14,5,10,40,0
14,5,10,41,0
14,5,10,42,2
14,5,10,43,1
14,5,10,44,1
14,5,10,45,0
14,5,10,46,0
14,5,10,47,0
14,5,10,48,0
14,5,10,49,2
14,5,10,50,0
14,5,10,51,0
14,5,10,52,5
14,5,10,53,0
14,5,10,54,2
14,5,10,55,1
14,5,10,56,0
14,5,10,57,0
14,5,10,58,2
14,5,10,59,1
14,5,10,60,0
14,5,10,61,1
14,5,10,62,1
14,5,10,63,0
14,5,10,64,1
14,5,10,65,0
14,5,10,66,0
14,5,10,67,0
14,5,10,68,1
14,5,10,69,1
14,5,10,70,0
14,5,10,71,1
14,5,10,72,0
14,5,10,73,0
14,5,10,74,0
14,5,10,75,0
14,5,10,76,1
14,5,10,77,0
14,5,10,78,1
14,5,10,79,0
14,5,10,80,0
14,5,10,81,6
14,5,10,82,5
14,5,10,83,0
14,5,10,84,4
14,5,10,85,13
14,5,10,86,0
14,5,10,87,0
14,5,10,88,3
14,5,10,89,2
14,5,10,90,2
14,5,10,91,0
14,5,10,92,0
14,5,10,93,0
14,5,10,94,2
14,5,10,95,2
14,5,10,96,0
14,5,10,97,1
14,5,10,98,0
14,5,10,99,5
14,5,10,100,5
14,5,10,101,1
14,5,10,102,0
14,5,10,103,2
14,5,10,104,1
14,5,10,105,0
14,5,10,106,0
14,5,10,107,0
14,5,10,108,1
14,5,10,109,0
14,5,10,110,0
14,5,10,111,0
14,5,10,112,4
14,5,10,113,3
14,5,10,114,2
14,5,10,115,2
14,5,10,116,1
14,5,10,117,0
14,5,10,118,1
14,5,10,119,0
14,5,10,120,5
14,5,10,121,2
14,5,10,122,1
14,5,10,123,2
14,5,10,124,1
14,5,10,125,0
14,5,10,126,0
14,5,10,127,0
14,5,10,128,3
14,5,10,129,2
14,5,10,130,1
14,5,10,131,0
14,5,10,132,0
14,5,10,133,8
14,5,10,134,2
14,5,10,135,1
14,5,10,136,0
14,5,10,137,0
14,5,10,138,4
14,5,10,139,1
14,5,10,140,3
14,5,10,141,2
14,5,10,142,1
14,5,10,143,0
14,5,10,144,0
14,5,10,145,0
14,5,10,146,0
14,5,10,147,0
14,5,10,148,4
14,5,10,149,3
14,5,10,150,0
14,5,10,151,3
14,5,10,152,3
14,5,10,153,0
14,5,10,154,0
14,5,10,155,3
14,5,10,156,1
14,5,10,157,0
14,5,10,158,0
14,5,10,159,0
14,5,10,160,1
14,5,11,0,0
14,5,11,1,0
14,5,11,2,0
14,5,11,3,0
14,5,11,4,0
14,5,11,5,0
14,5,11,6,0
14,5,11,7,0
14,5,11,8,0
14,5,11,9,0
14,5,11,10,1
14,5,11,11,0
14,5,11,12,0
14,5,11,13,0
14,5,11,14,0
14,5,11,15,2
14,5,11,16,1
14,5,11,17,0
14,5,11,18,0
14,5,11,19,0
14,5,11,20,3
14,5,11,21,2
14,5,11,22,1
14,5,11,23,0
14,5,11,24,1
14,5,11,25,0
14,5,11,26,3
14,5,11,27,0
14,5,11,28,4
14,5,11,29,6
14,5,11,30,1
14,5,11,31,0
14,5,11,32,0
14,5,11,33,1
14,5,11,34,0
14,5,11,35,0
14,5,11,36,2
14,5,11,37,1
14,5,11,38,0
14,5,11,39,1
14,5,11,40,0
14,5,11,41,4
14,5,11,42,4
14,5,11,43,3
14,5,11,44,2
14,5,11,45,1
14,5,11,46,0
14,5,11,47,0
14,5,11,48,0
14,5,11,49,2
14,5,11,50,1
14,5,11,51,0
14,5,11,52,0
14,5,11,53,0
14,5,11,54,0
14,5,11,55,0
14,5,11,56,0
14,5,11,57,0
14,5,11,58,4
14,5,11,59,1
14,5,11,60,3
14,5,11,61,2
14,5,11,62,1
14,5,11,63,0
14,5,11,64,1
14,5,11,65,0
14,5,11,66,0
14,5,11,67,2
14,5,11,68,4
14,5,11,69,2
14,5,11,70,0
14,5,11,71,0
14,5,11,72,3
14,5,11,73,0
14,5,11,74,0
14,5,11,75,0
14,5,11,76,0
14,5,11,77,0
14,5,11,78,0
14,5,11,79,0
14,5,11,80,2
14,5,11,81,4
14,5,11,82,2
14,5,11,83,1
14,5,11,84,1
14,5,11,85,0
14,5,11,86,0
14,5,11,87,0
14,5,11,88,0
14,5,11,89,0
14,5,11,90,0
14,5,11,91,0
14,5,11,92,0
14,5,11,93,2
14,5,11,94,1
14,5,11,95,0
14,5,11,96,0
14,5,11,97,0
14,5,11,98,8
14,5,11,99,7
14,5,11,100,0
14,5,11,101,9
14,5,11,102,6
14,5,11,103,7
14,5,11,104,6
14,5,11,105,6
14,5,11,106,0
14,5,11,107,6
14,5,11,108,2
14,5,11,109,5
14,5,11,110,4
14,5,11,111,3
14,5,11,112,2
14,5,11,113,1
14,5,11,114,0
14,5,11,115,0
14,5,11,116,1
14,5,11,117,0
14,5,11,118,0
14,5,11,119,5
14,5,11,120,2
14,5,11,121,1
14,5,11,122,0
14,5,11,123,0
14,5,11,124,0
14,5,11,125,2
14,5,11,126,1
14,5,11,127,1
14,5,11,128,0
14,5,11,129,0
14,5,11,130,4
14,5,11,131,2
14,5,11,132,0
14,5,11,133,2
14,5,11,134,2
14,5,11,135,5
14,5,11,136,0
14,5,11,137,0
14,5,11,138,0
14,5,11,139,0
14,5,11,140,5
14,5,11,141,4
14,5,11,142,3
14,5,11,143,0
14,5,11,144,2
14,5,11,145,1
14,5,11,146,0
14,5,11,147,1
14,5,11,148,0
14,5,11,149,0
14,5,11,150,0
14,5,11,151,0
14,5,11,152,0
14,5,11,153,0
14,5,11,154,1
14,5,11,155,1
14,5,11,156,0
14,5,11,157,0
14,5,11,158,0
14,5,11,159,1
14,5,11,160,1
14,5,11,161,0
14,5,11,162,0
14,5,11,163,0
14,5,11,164,0
14,5,11,165,0
14,5,11,166,0
14,5,11,167,0
14,5,11,168,2
14,5,11,169,1
14,5,12,0,0
14,5,12,1,0
14,5,12,2,0
14,5,12,3,0
14,5,12,4,0
14,5,12,5,0
14,5,12,6,0
14,5,12,7,0
14,5,12,8,0
14,5,12,9,0
14,5,12,10,1
14,5,12,11,0
14,5,12,12,0
14,5,12,13,0
14,5,12,14,0
14,5,12,15,2
14,5,12,16,1
14,5,12,17,0
14,5,12,18,0
14,5,12,19,0
14,5,12,20,0
14,5,12,21,0
14,5,12,22,2
14,5,12,23,0
14,5,12,24,0
14,5,12,25,3
14,5,12,26,4
14,5,12,27,2
14,5,12,28,1
14,5,12,29,0
14,5,12,30,5
14,5,12,31,3
14,5,12,32,2
14,5,12,33,1
14,5,12,34,0
14,5,12,35,2
14,5,12,36,1
14,5,12,37,0
14,5,12,38,2
14,5,12,39,1
14,5,12,40,0
14,5,12,41,0
14,5,12,42,0
14,5,12,43,0
14,5,12,44,1
14,5,12,45,0
14,5,12,46,3
14,5,12,47,2
14,5,12,48,1
14,5,12,49,0
14,5,12,50,0
14,5,12,51,0
14,5,12,52,0
14,5,12,53,0
14,5,12,54,4
14,5,12,55,2
14,5,12,56,1
14,5,12,57,0
14,5,12,58,0
14,5,12,59,0
14,5,12,60,4
14,5,12,61,3
14,5,12,62,2
14,5,12,63,1
14,5,12,64,0
14,5,12,65,0
14,5,12,66,2
14,5,12,67,1
14,5,12,68,1
14,5,12,69,0
14,5,12,70,1
14,5,12,71,0
14,5,12,72,0
14,5,12,73,0
14,5,12,74,0
14,5,12,75,0
14,5,12,76,1
14,5,12,77,0
14,5,12,78,0
14,5,12,79,0
14,5,12,80,2
14,5,12,81,4
14,5,12,82,0
14,5,12,83,3
14,5,12,84,2
14,5,12,85,1
14,5,12,86,0
14,5,12,87,0
14,5,12,88,0
14,5,12,89,0
14,5,12,90,0
14,5,12,91,0
14,5,12,92,2
14,5,12,93,0
14,5,12,94,0
14,5,12,95,0
14,5,12,96,1
14,5,12,97,0
14,5,12,98,0
14,5,12,99,3
14,5,12,100,2
14,5,12,101,1
14,5,12,102,0
14,5,12,103,0
14,5,12,104,2
14,5,12,105,1
14,5,12,106,1
14,5,12,107,0
14,5,12,108,0
14,5,12,109,4
14,5,12,110,3
14,5,12,111,3
14,5,12,112,4
14,5,12,113,3
14,5,12,114,1
14,5,12,115,0
14,5,12,116,3
14,5,12,117,1
14,5,12,118,1
14,5,12,119,0
14,5,12,120,0
14,5,12,121,0
14,5,12,122,0
14,5,12,123,4
14,5,12,124,2
14,5,12,125,1
14,5,12,126,0
14,5,12,127,0
14,5,12,128,1
14,5,12,129,0
14,5,12,130,1
14,5,12,131,0
14,5,12,132,0
14,5,12,133,12
14,5,12,134,0
14,5,12,135,3
14,5,12,136,9
14,5,12,137,1
14,5,12,138,0
14,5,12,139,0
14,5,12,140,0
14,5,12,141,2
14,5,12,142,0
14,5,12,143,0
14,5,12,144,8
14,5,12,145,2
14,5,12,146,1
14,5,12,147,0
14,5,12,148,0
14,5,12,149,0
14,5,12,150,0
14,5,12,151,0
14,5,12,152,6
14,5,12,153,5
14,5,12,154,4
14,5,12,155,4
14,5,12,156,1
14,5,12,157,0
14,5,12,158,2
14,5,12,159,0
14,5,12,160,0
14,5,12,161,1
14,10,1,0,0
14,10,1,1,0
14,10,1,2,0
14,10,1,3,0
14,10,1,4,0
14,10,1,5,1
14,10,1,6,1
14,10,1,7,0
14,10,1,8,0
14,10,1,9,0
14,10,1,10,1
14,10,1,11,0
14,10,1,12,0
14,10,1,13,0
14,10,1,14,0
14,10,1,15,7
14,10,1,16,4
14,10,1,17,6
14,10,1,18,12
14,10,1,19,10
14,10,1,20,7
14,10,1,21,7
14,10,1,22,9
14,10,1,23,8
14,10,1,24,9
14,10,1,25,14
14,10,1,26,9
14,10,1,27,7
14,10,1,28,12
14,10,1,29,8
14,10,1,30,10
14,10,1,31,16
14,10,1,32,6
14,10,1,33,13
14,10,1,34,4
14,10,1,35,0
14,10,1,36,18
14,10,1,37,15
14,10,1,38,16
14,10,1,39,11
14,10,1,40,14
14,10,1,41,9
14,10,1,42,13
14,10,1,43,10
14,10,1,44,2
14,10,1,45,9
14,10,1,46,8
14,10,1,47,8
14,10,1,48,7
14,10,1,49,9
14,10,1,50,8
14,10,1,51,0
14,10,1,52,0
14,10,1,53,7
14,10,1,54,6
14,10,1,55,5
14,10,1,56,12
14,10,1,57,5
14,10,1,58,1
14,10,1,59,0
14,10,1,60,1
14,10,1,61,0
14,10,1,62,0
14,10,1,63,6
14,10,1,64,4
14,10,1,65,2
14,10,1,66,1
14,10,1,67,0
14,10,1,68,0
14,10,1,69,0
14,10,1,70,0
14,10,1,71,2
14,10,1,72,1
14,10,1,73,0
14,10,1,74,0
14,10,1,75,1
14,10,1,76,0
14,10,1,77,14
14,10,1,78,12
14,10,1,79,31
14,10,1,80,0
14,10,1,81,2
14,10,1,82,11
14,10,1,83,8
14,10,1,84,27
14,10,1,85,0
14,10,1,86,8
14,10,1,87,3
14,10,1,88,2
14,10,1,89,0
14,10,1,90,0
14,10,1,91,14
14,10,1,92,13
14,10,1,93,2
14,10,1,94,29
14,10,1,95,14
14,10,1,96,0
14,10,1,97,0
14,10,1,98,20
14,10,1,99,22
14,10,1,100,8
14,10,1,101,30
14,10,1,102,31
14,10,1,103,27
14,10,1,104,0
14,10,1,105,0
14,10,1,106,0
14,10,1,107,12
14,10,1,108,15
14,10,1,109,3
14,10,1,110,16
14,10,1,111,15
14,10,1,112,13
14,10,1,113,13
14,10,1,114,12
14,10,1,115,10
14,10,1,116,23
14,10,1,117,10
14,10,1,118,12
14,10,1,119,0
14,10,1,120,23
14,10,1,121,11
14,10,1,122,12
14,10,1,123,20
14,10,1,124,2
14,10,1,125,11
14,10,1,126,9
14,10,1,127,16
14,10,1,128,2
14,10,1,129,1
14,10,1,130,0
14,10,1,131,8
14,10,1,132,6
14,10,1,133,5
14,10,1,134,8
14,10,1,135,6
14,10,1,136,6
14,10,1,137,13
14,10,1,138,1
14,10,1,139,0
14,10,1,140,1
14,10,1,141,4
14,10,1,142,1
14,10,1,143,0
14,10,1,144,4
14,10,1,145,1
14,10,1,146,32
14,10,1,147,3
14,10,1,148,0
14,10,1,149,0
14,10,1,150,0
14,10,1,151,19
14,10,1,152,2
14,10,1,153,1
14,10,1,154,0
14,10,1,155,0
14,10,1,156,13
14,10,1,157,13
14,10,1,158,4
14,10,1,159,3
14,10,1,160,8
14,10,1,161,3
14,10,1,162,2
14,10,1,163,17
14,10,1,164,5
14,10,1,165,5
14,10,1,166,14
14,10,1,167,3
14,10,1,168,13
14,10,1,169,6
14,10,1,170,1
14,10,1,171,0
14,10,1,172,7
14,10,1,173,6
14,10,1,174,5
14,10,1,175,11
14,10,1,176,4
14,10,1,177,1
14,10,1,178,0
14,10,1,179,0
14,10,1,180,2
14,10,1,181,1
14,10,1,182,0
14,10,1,183,6
14,10,1,184,3
14,10,1,185,2
14,10,1,186,1
14,10,1,187,0
14,10,1,188,4
14,10,1,189,3
14,10,1,190,1
14,10,1,191,0
14,10,1,192,0
14,10,1,193,0
14,10,1,194,0
14,10,1,195,1
14,10,1,196,0
14,10,1,197,0
14,10,1,198,0
14,10,1,199,0
14,10,1,200,0
14,10,1,201,0
14,10,1,202,0
14,10,1,203,1
14,10,2,0,0
14,10,2,1,0
14,10,2,2,0
14,10,2,3,0
14,10,2,4,0
14,10,2,5,0
14,10,2,6,0
14,10,2,7,0
14,10,2,8,0
14,10,2,9,0
14,10,2,10,0
14,10,2,11,2
14,10,2,12,3
14,10,2,13,2
14,10,2,14,1
14,10,2,15,1
14,10,2,16,0
14,10,2,17,4
14,10,2,18,0
14,10,2,19,3
14,10,2,20,3
14,10,2,21,4
14,10,2,22,3
14,10,2,23,2
14,10,2,24,7
14,10,2,25,6
14,10,2,26,5
14,10,2,27,4
14,10,2,28,4
14,10,2,29,20
14,10,2,30,2
14,10,2,31,9
14,10,2,32,7
14,10,2,33,7
14,10,2,34,7
14,10,2,35,3
14,10,2,36,20
14,10,2,37,21
14,10,2,38,6
14,10,2,39,6
14,10,2,40,17
14,10,2,41,6
14,10,2,42,8
14,10,2,43,7
14,10,2,44,0
14,10,2,45,6
14,10,2,46,1
14,10,2,47,0
14,10,2,48,2
14,10,2,49,0
14,10,2,50,0
14,10,2,51,12
14,10,2,52,34
14,10,2,53,3
14,10,2,54,2
14,10,2,55,0
14,10,2,56,0
14,10,2,57,9
14,10,2,58,7
14,10,2,59,0
14,10,2,60,13
14,10,2,61,27
14,10,2,62,4
14,10,2,63,9
14,10,2,64,8
14,10,2,65,6
14,10,2,66,6
14,10,2,67,5
14,10,2,68,5
14,10,2,69,6
14,10,2,70,0
14,10,2,71,5
14,10,2,72,21
14,10,2,73,1
14,10,2,74,0
14,10,2,75,1
14,10,2,76,0
14,10,2,77,0
14,10,2,78,0
14,10,2,79,20
14,10,2,80,16
14,10,2,81,0
14,10,2,82,9
14,10,2,83,6
14,10,2,84,5
14,10,2,85,3
14,10,2,86,2
14,10,2,87,1
14,10,2,88,0
14,10,2,89,22
14,10,2,90,0
14,10,2,91,1
14,10,2,92,0
14,10,2,93,1
14,10,2,94,0
14,10,2,95,0
14,10,2,96,1
14,10,2,97,0
14,10,2,98,0
14,10,2,99,0
14,10,2,100,15
14,10,2,101,11
14,10,2,102,17
14,10,2,103,16
14,10,2,104,11
14,10,2,105,13
14,10,2,106,13
14,10,2,107,8
14,10,2,108,8
14,10,2,109,11
14,10,2,110,11
14,10,2,111,9
14,10,2,112,4
14,10,2,113,22
14,10,2,114,21
14,10,2,115,20
14,10,2,116,19
14,10,2,117,8
14,10,2,118,11
14,10,2,119,0
14,10,2,120,4
14,10,2,121,9
14,10,2,122,6
14,10,2,123,5
14,10,2,124,0
14,10,2,125,3
14,10,2,126,3
14,10,2,127,4
14,10,2,128,0
14,10,2,129,0
14,10,2,130,1
14,10,2,131,0
14,10,2,132,2
14,10,2,133,1
14,10,2,134,0
14,10,2,135,0
14,10,2,136,0
14,10,2,137,2
14,10,2,138,1
14,10,2,139,0
14,10,2,140,0
14,10,2,141,0
14,10,2,142,1
14,10,2,143,0
14,10,2,144,0
14,10,2,145,1
14,10,2,146,1
14,10,2,147,0
14,10,2,148,0
14,10,2,149,5
14,10,2,150,3
14,10,2,151,3
14,10,2,152,2
14,10,2,153,1
14,10,2,154,0
14,10,2,155,4
14,10,2,156,3
14,10,2,157,1
14,10,2,158,0
14,10,2,159,0
14,10,2,160,0
14,10,2,161,0
14,10,2,162,10
14,10,2,163,27
14,10,2,164,28
14,10,2,165,14
14,10,2,166,2
14,10,2,167,21
14,10,2,168,15
14,10,2,169,22
14,10,2,170,2
14,10,2,171,16
14,10,2,172,19
14,10,2,173,13
14,10,2,174,22
14,10,2,175,12
14,10,2,176,17
14,10,2,177,18
14,10,2,178,16
14,10,2,179,14
14,10,2,180,13
14,10,2,181,10
14,10,2,182,1
14,10,2,183,10
14,10,2,184,0
14,10,2,185,0
14,10,2,186,10
14,10,2,187,12
14,10,2,188,11
14,10,2,189,0
14,10,2,190,10
14,10,2,191,0
14,10,2,192,0
14,10,2,193,8
14,10,2,194,8
14,10,2,195,6
14,10,2,196,8
14,10,2,197,7
14,10,2,198,6
14,10,2,199,3
14,10,2,200,4
14,10,2,201,3
14,10,2,202,1
14,10,2,203,0
14,10,2,204,1
14,10,3,0,0
14,10,3,1,0
14,10,3,2,0
14,10,3,3,0
14,10,3,4,0
14,10,3,5,0
14,10,3,6,0
14,10,3,7,3
14,10,3,8,2
14,10,3,9,1
14,10,3,10,0
14,10,3,11,1
14,10,3,12,0
14,10,3,13,0
14,10,3,14,4
14,10,3,15,2
14,10,3,16,3
14,10,3,17,8
14,10,3,18,7
14,10,3,19,5
14,10,3,20,5
14,10,3,21,4
14,10,3,22,0
14,10,3,23,3
14,10,3,24,2
14,10,3,25,3
14,10,3,26,2
14,10,3,27,12
14,10,3,28,27
14,10,3,29,2
14,10,3,30,11
14,10,3,31,12
14,10,3,32,10
14,10,3,33,6
14,10,3,34,9
14,10,3,35,9
14,10,3,36,3
14,10,3,37,2
14,10,3,38,1
14,10,3,39,0
14,10,3,40,0
14,10,3,41,12
14,10,3,42,9
14,10,3,43,1
14,10,3,44,0
14,10,3,45,0
14,10,3,46,3
14,10,3,47,5
14,10,3,48,0
14,10,3,49,4
14,10,3,50,24
14,10,3,51,12
14,10,3,52,1
14,10,3,53,0
14,10,3,54,0
14,10,3,55,1
14,10,3,56,0
14,10,3,57,2
14,10,3,58,0
14,10,3,59,0
14,10,3,60,0
14,10,3,61,2
14,10,3,62,18
14,10,3,63,18
14,10,3,64,1
14,10,3,65,0
14,10,3,66,0
14,10,3,67,0
14,10,3,68,11
14,10,3,69,1
14,10,3,70,0
14,10,3,71,0
14,10,3,72,19
14,10,3,73,4
14,10,3,74,5
14,10,3,75,18
14,10,3,76,1
14,10,3,77,0
14,10,3,78,1
14,10,3,79,0
14,10,3,80,15
14,10,3,81,11
14,10,3,82,0
14,10,3,83,11
14,10,3,84,16
14,10,3,85,8
14,10,3,86,6
14,10,3,87,6
14,10,3,88,14
14,10,3,89,14
14,10,3,90,5
14,10,3,91,3
14,10,3,92,9
14,10,3,93,7
14,10,3,94,4
14,10,3,95,0
14,10,3,96,5
14,10,3,97,5
14,10,3,98,6
14,10,3,99,4
14,10,3,100,5
14,10,3,101,4
14,10,3,102,3
14,10,3,103,2
14,10,3,104,2
14,10,3,105,1
14,10,3,106,0
14,10,3,107,0
14,10,3,108,2
14,10,3,109,1
14,10,3,110,0
14,10,3,111,0
14,10,3,112,3
14,10,3,113,2
14,10,3,114,1
14,10,3,115,0
14,10,3,116,0
14,10,3,117,0
14,10,3,118,0
14,10,3,119,7
14,10,3,120,6
14,10,3,121,7
14,10,3,122,0
14,10,3,123,6
14,10,3,124,0
14,10,3,125,5
14,10,3,126,4
14,10,3,127,5
14,10,3,128,3
14,10,3,129,2
14,10,3,130,2
14,10,3,131,1
14,10,3,132,0
14,10,3,133,0
14,10,3,134,0
14,10,3,135,1
14,10,3,136,0
14,10,3,137,0
14,10,3,138,21
14,10,3,139,0
14,10,3,140,0
14,10,3,141,3
14,10,3,142,14
14,10,3,143,34
14,10,3,144,1
14,10,3,145,0
14,10,3,146,14
14,10,3,147,13
14,10,3,148,15
14,10,3,149,12
14,10,3,150,11
14,10,3,151,14
14,10,3,152,11
14,10,3,153,9
14,10,3,154,8
14,10,3,155,19
14,10,3,156,7
14,10,3,157,7
14,10,3,158,22
14,10,3,159,19
14,10,3,160,3
14,10,3,161,14
14,10,3,162,18
14,10,3,163,20
14,10,3,164,0
14,10,3,165,20
14,10,3,166,21
14,10,3,167,20
14,10,3,168,9
14,10,3,169,7
14,10,3,170,0
14,10,3,171,9
14,10,3,172,16
14,10,3,173,14
14,10,3,174,12
14,10,3,175,12
14,10,3,176,0
14,10,3,177,8
14,10,3,178,1
14,10,3,179,0
14,10,3,180,10
14,10,3,181,3
14,10,3,182,0
14,10,3,183,0
14,10,3,184,2
14,10,3,185,1
14,10,3,186,0
14,10,3,187,7
14,10,3,188,6
14,10,3,189,1
14,10,3,190,0
14,10,3,191,0
14,10,3,192,0
14,10,3,193,2
14,10,3,194,1
14,10,3,195,0
14,10,3,196,0
14,10,3,197,0
14,10,3,198,0
14,10,3,199,0
14,10,3,200,3
14,10,3,201,3
14,10,3,202,2
14,10,3,203,1
14,10,4,0,0
14,10,4,1,0
14,10,4,2,0
14,10,4,3,0
14,10,4,4,0
14,10,4,5,0
14,10,4,6,0
14,10,4,7,1
14,10,4,8,0
14,10,4,9,0
14,10,4,10,0
14,10,4,11,0
14,10,4,12,2
14,10,4,13,1
14,10,4,14,0
14,10,4,15,6
14,10,4,16,9
14,10,4,17,5
14,10,4,18,4
14,10,4,19,10
14,10,4,20,8
14,10,4,21,5
14,10,4,22,4
14,10,4,23,7
14,10,4,24,0
14,10,4,25,9
14,10,4,26,5
14,10,4,27,18
14,10,4,28,25
14,10,4,29,3
14,10,4,30,3
14,10,4,31,2
14,10,4,32,1
14,10,4,33,0
14,10,4,34,8
14,10,4,35,1
14,10,4,36,0
14,10,4,37,11
14,10,4,38,10
14,10,4,39,2
14,10,4,40,3
14,10,4,41,9
14,10,4,42,18
14,10,4,43,18
14,10,4,44,1
14,10,4,45,0
14,10,4,46,6
14,10,4,47,1
14,10,4,48,0
14,10,4,49,14
14,10,4,50,5
14,10,4,51,2
14,10,4,52,2
14,10,4,53,38
14,10,4,54,7
14,10,4,55,41
14,10,4,56,2
14,10,4,57,3
14,10,4,58,4
14,10,4,59,1
14,10,4,60,0
14,10,4,61,0
14,10,4,62,1
14,10,4,63,0
14,10,4,64,14
14,10,4,65,14
14,10,4,66,7
14,10,4,67,0
14,10,4,68,12
14,10,4,69,2
14,10,4,70,24
14,10,4,71,12
14,10,4,72,9
14,10,4,73,12
14,10,4,74,2
14,10,4,75,9
14,10,4,76,7
14,10,4,77,8
14,10,4,78,7
14,10,4,79,6
14,10,4,80,5
14,10,4,81,6
14,10,4,82,1
14,10,4,83,0
14,10,4,84,6
14,10,4,85,5
14,10,4,86,1
14,10,4,87,0
14,10,4,88,8
14,10,4,89,4
14,10,4,90,6
14,10,4,91,1
14,10,4,92,0
14,10,4,93,4
14,10,4,94,0
14,10,4,95,4
14,10,4,96,3
14,10,4,97,0
14,10,4,98,8
14,10,4,99,13
14,10,4,100,0
14,10,4,101,19
14,10,4,102,16
14,10,4,103,6
14,10,4,104,14
14,10,4,105,2
14,10,4,106,5
14,10,4,107,2
14,10,4,108,1
14,10,4,109,1
14,10,4,110,0
14,10,4,111,4
14,10,4,112,3
14,10,4,113,2
14,10,4,114,0
14,10,4,115,0
14,10,4,116,16
14,10,4,117,2
14,10,4,118,1
14,10,4,119,0
14,10,4,120,0
14,10,4,121,11
14,10,4,122,11
14,10,4,123,10
14,10,4,124,8
14,10,4,125,2
14,10,4,126,10
14,10,4,127,3
14,10,4,128,2
14,10,4,129,1
14,10,4,130,0
14,10,4,131,3
14,10,4,132,2
14,10,4,133,0
14,10,4,134,0
14,10,4,135,4
14,10,4,136,3
14,10,4,137,4
14,10,4,138,4
14,10,4,139,3
14,10,4,140,2
14,10,4,141,1
14,10,4,142,0
14,10,4,143,0
14,10,4,144,0
14,10,4,145,0
14,10,4,146,0
14,10,4,147,2
14,10,4,148,1
14,10,4,149,0
14,10,4,150,27
14,10,4,151,0
14,10,4,152,0
14,10,4,153,28
14,10,4,154,22
14,10,4,155,3
14,10,4,156,3
14,10,4,157,2
14,10,4,158,4
14,10,4,159,3
14,10,4,160,24
14,10,4,161,0
14,10,4,162,6
14,10,4,163,4
14,10,4,164,1
14,10,4,165,0
14,10,4,166,19
14,10,4,167,1
14,10,4,168,0
14,10,4,169,16
14,10,4,170,15
14,10,4,171,13
14,10,4,172,1
14,10,4,173,0
14,10,4,174,4
14,10,4,175,4
14,10,4,176,6
14,10,4,177,4
14,10,4,178,1
14,10,4,179,0
14,10,4,180,4
14,10,4,181,0
14,10,4,182,7
14,10,4,183,8
14,10,4,184,1
14,10,4,185,0
14,10,4,186,2
14,10,4,187,0
14,10,4,188,6
14,10,4,189,6
14,10,4,190,1
14,10,4,191,0
14,10,4,192,0
14,10,4,193,3
14,10,4,194,2
14,10,4,195,1
14,10,4,196,0
14,10,4,197,0
14,10,4,198,0
14,10,4,199,0
14,10,4,200,1
14,10,5,0,0
14,10,5,1,0
14,10,5,2,0
14,10,5,3,0
14,10,5,4,0
14,10,5,5,0
14,10,5,6,0
14,10,5,7,1
14,10,5,8,0
14,10,5,9,0
14,10,5,10,3
14,10,5,11,2
14,10,5,12,0
14,10,5,13,0
14,10,5,14,9
14,10,5,15,8
14,10,5,16,8
14,10,5,17,4
14,10,5,18,6
14,10,5,19,8
14,10,5,20,7
14,10,5,21,8
14,10,5,22,8
14,10,5,23,8
14,10,5,24,8
14,10,5,25,14
14,10,5,26,6
14,10,5,27,5
14,10,5,28,16
14,10,5,29,8
14,10,5,30,10
14,10,5,31,9
14,10,5,32,5
14,10,5,33,3
14,10,5,34,2
14,10,5,35,0
14,10,5,36,0
14,10,5,37,0
14,10,5,38,12
14,10,5,39,12
14,10,5,40,0
14,10,5,41,0
14,10,5,42,9
14,10,5,43,12
14,10,5,44,6
14,10,5,45,11
14,10,5,46,9
14,10,5,47,9
14,10,5,48,4
14,10,5,49,4
14,10,5,50,7
14,10,5,51,5
14,10,5,52,5
14,10,5,53,13
14,10,5,54,0
14,10,5,55,3
14,10,5,56,2
14,10,5,57,0
14,10,5,58,2
14,10,5,59,1
14,10,5,60,0
14,10,5,61,0
14,10,5,62,8
14,10,5,63,7
14,10,5,64,18
14,10,5,65,1
14,10,5,66,3
14,10,5,67,18
14,10,5,68,4
14,10,5,69,17
14,10,5,70,0
14,10,5,71,17
14,10,5,72,5
14,10,5,73,4
14,10,5,74,2
14,10,5,75,1
14,10,5,76,0
14,10,5,77,5
14,10,5,78,3
14,10,5,79,13
14,10,5,80,4
14,10,5,81,4
14,10,5,82,5
14,10,5,83,4
14,10,5,84,1
14,10,5,85,0
14,10,5,86,0
14,10,5,87,0
14,10,5,88,0
14,10,5,89,8
14,10,5,90,0
14,10,5,91,4
14,10,5,92,4
14,10,5,93,6
14,10,5,94,4
14,10,5,95,3
14,10,5,96,1
14,10,5,97,0
14,10,5,98,4
14,10,5,99,18
14,10,5,100,0
14,10,5,101,5
14,10,5,102,3
14,10,5,103,1
14,10,5,104,0
14,10,5,105,1
14,10,5,106,0
14,10,5,107,0
14,10,5,108,18
14,10,5,109,15
14,10,5,110,3
14,10,5,111,3
14,10,5,112,2
14,10,5,113,0
14,10,5,114,0
14,10,5,115,10
14,10,5,116,8
14,10,5,117,10
14,10,5,118,9
14,10,5,119,6
14,10,5,120,34
14,10,5,121,9
14,10,5,122,0
14,10,5,123,0
14,10,5,124,1
14,10,5,125,0
14,10,5,126,6
14,10,5,127,5
14,10,5,128,3
14,10,5,129,2
14,10,5,130,0
14,10,5,131,25
14,10,5,132,19
14,10,5,133,18
14,10,5,134,6
14,10,5,135,0
14,10,5,136,21
14,10,5,137,16
14,10,5,138,15
14,10,5,139,12
14,10,5,140,4
14,10,5,141,4
14,10,5,142,3
14,10,5,143,1
14,10,5,144,0
14,10,5,145,11
14,10,5,146,24
14,10,5,147,9
14,10,5,148,5
14,10,5,149,2
14,10,5,150,5
14,10,5,151,5
14,10,5,152,5
14,10,5,153,2
14,10,5,154,4
14,10,5,155,21
14,10,5,156,3
14,10,5,157,1
14,10,5,158,0
14,10,5,159,0
14,10,5,160,0
14,10,5,161,2
14,10,5,162,3
14,10,5,163,0
14,10,5,164,1
14,10,5,165,0
14,10,5,166,0
14,10,5,167,0
14,10,5,168,16
14,10,5,169,14
14,10,5,170,13
14,10,5,171,0
14,10,5,172,11
14,10,5,173,5
14,10,5,174,4
14,10,5,175,3
14,10,5,176,0
14,10,5,177,10
14,10,5,178,12
14,10,5,179,7
14,10,5,180,11
14,10,5,181,0
14,10,5,182,5
14,10,5,183,4
14,10,5,184,5
14,10,5,185,2
14,10,5,186,2
14,10,5,187,0
14,10,5,188,0
14,10,5,189,3
14,10,5,190,2
14,10,5,191,1
14,10,5,192,0
14,10,5,193,0
14,10,5,194,0
14,10,5,195,0
14,10,5,196,0
14,10,5,197,2
14,10,5,198,1
14,10,6,0,0
14,10,6,1,0
14,10,6,2,0
14,10,6,3,0
14,10,6,4,0
14,10,6,5,1
14,10,6,6,0
14,10,6,7,0
14,10,6,8,0
14,10,6,9,1
14,10,6,10,2
14,10,6,11,1
14,10,6,12,0
14,10,6,13,9
14,10,6,14,8
14,10,6,15,4
14,10,6,16,6
14,10,6,17,7
14,10,6,18,8
14,10,6,19,6
14,10,6,20,0
14,10,6,21,7
14,10,6,22,5
14,10,6,23,5
14,10,6,24,4
14,10,6,25,7
14,10,6,26,4
14,10,6,27,24
14,10,6,28,4
14,10,6,29,3
14,10,6,30,3
14,10,6,31,0
14,10,6,32,0
14,10,6,33,12
14,10,6,34,18
14,10,6,35,9
14,10,6,36,16
14,10,6,37,7
14,10,6,38,5
14,10,6,39,6
14,10,6,40,5
14,10,6,41,3
14,10,6,42,10
14,10,6,43,1
14,10,6,44,3
14,10,6,45,4
14,10,6,46,12
14,10,6,47,14
14,10,6,48,14
14,10,6,49,10
14,10,6,50,0
14,10,6,51,12
14,10,6,52,0
14,10,6,53,8
14,10,6,54,10
14,10,6,55,13
14,10,6,56,36
14,10,6,57,7
14,10,6,58,9
14,10,6,59,1
14,10,6,60,0
14,10,6,61,1
14,10,6,62,0
14,10,6,63,1
14,10,6,64,0
14,10,6,65,0
14,10,6,66,3
14,10,6,67,2
14,10,6,68,3
14,10,6,69,2
14,10,6,70,0
14,10,6,71,0
14,10,6,72,1
14,10,6,73,0
14,10,6,74,0
14,10,6,75,0
14,10,6,76,0
14,10,6,77,0
14,10,6,78,0
14,10,6,79,1
14,10,6,80,0
14,10,6,81,0
14,10,6,82,26
14,10,6,83,28
14,10,6,84,29
14,10,6,85,0
14,10,6,86,23
14,10,6,87,25
14,10,6,88,26
14,10,6,89,25
14,10,6,90,0
14,10,6,91,27
14,10,6,92,4
14,10,6,93,0
14,10,6,94,8
14,10,6,95,17
14,10,6,96,24
14,10,6,97,9
14,10,6,98,18
14,10,6,99,0
14,10,6,100,5
14,10,6,101,19
14,10,6,102,5
14,10,6,103,5
14,10,6,104,0
14,10,6,105,0
14,10,6,106,20
14,10,6,107,37
14,10,6,108,0
14,10,6,109,34
14,10,6,110,21
14,10,6,111,35
14,10,6,112,23
14,10,6,113,24
14,10,6,114,17
14,10,6,115,17
14,10,6,116,7
14,10,6,117,18
14,10,6,118,5
14,10,6,119,0
14,10,6,120,11
14,10,6,121,17
14,10,6,122,12
14,10,6,123,0
14,10,6,124,0
14,10,6,125,0
14,10,6,126,0
14,10,6,127,15
14,10,6,128,12
14,10,6,129,21
14,10,6,130,22
14,10,6,131,9
14,10,6,132,4
14,10,6,133,17
14,10,6,134,0
14,10,6,135,20
14,10,6,136,18
14,10,6,137,21
14,10,6,138,0
14,10,6,139,8
14,10,6,140,8
14,10,6,141,7
14,10,6,142,0
14,10,6,143,19
14,10,6,144,9
14,10,6,145,31
14,10,6,146,9
14,10,6,147,29
14,10,6,148,26
14,10,6,149,18
14,10,6,150,8
14,10,6,151,28
14,10,6,152,11
14,10,6,153,4
14,10,6,154,3
14,10,6,155,2
14,10,6,156,1
14,10,6,157,0
14,10,6,158,1
14,10,6,159,0
14,10,6,160,9
14,10,6,161,11
14,10,6,162,22
14,10,6,163,21
14,10,6,164,12
14,10,6,165,13
14,10,6,166,0
14,10,6,167,17
14,10,6,168,4
14,10,6,169,2
14,10,6,170,14
14,10,6,171,13
14,10,6,172,11
14,10,6,173,0
14,10,6,174,14
14,10,6,175,10
14,10,6,176,7
14,10,6,177,7
14,10,6,178,10
14,10,6,179,0
14,10,6,180,9
14,10,6,181,8
14,10,6,182,6
14,10,6,183,0
14,10,6,184,3
14,10,6,185,1
14,10,6,186,0
14,10,6,187,1
14,10,6,188,0
14,10,6,189,2
14,10,6,190,1
14,10,6,191,0
14,10,6,192,0
14,10,6,193,0
14,10,6,194,0
14,10,6,195,0
14,10,6,196,1
14,10,6,197,0
14,10,6,198,0
14,10,6,199,0
14,10,6,200,0
14,10,6,201,3
14,10,6,202,0
14,10,6,203,0
14,10,6,204,0
14,10,6,205,0
14,10,6,206,2
14,10,6,207,1
14,10,7,0,0
14,10,7,1,0
14,10,7,2,0
14,10,7,3,0
14,10,7,4,0
14,10,7,5,1
14,10,7,6,0
14,10,7,7,0
14,10,7,8,0
14,10,7,9,0
14,10,7,10,0
14,10,7,11,2
14,10,7,12,3
14,10,7,13,6
14,10,7,14,4
14,10,7,15,3
14,10,7,16,1
14,10,7,17,0
14,10,7,18,9
14,10,7,19,16
14,10,7,20,10
14,10,7,21,11
14,10,7,22,10
14,10,7,23,9
14,10,7,24,8
14,10,7,25,9
14,10,7,26,8
14,10,7,27,6
14,10,7,28,8
14,10,7,29,7
14,10,7,30,10
14,10,7,31,7
14,10,7,32,21
14,10,7,33,5
14,10,7,34,16
14,10,7,35,14
14,10,7,36,16
14,10,7,37,0
14,10,7,38,14
14,10,7,39,14
14,10,7,40,7
14,10,7,41,13
14,10,7,42,11
14,10,7,43,10
14,10,7,44,0
14,10,7,45,12
14,10,7,46,0
14,10,7,47,11
14,10,7,48,4
14,10,7,49,1
14,10,7,50,0
14,10,7,51,5
14,10,7,52,8
14,10,7,53,8
14,10,7,54,6
14,10,7,55,6
14,10,7,56,6
14,10,7,57,0
14,10,7,58,3
14,10,7,59,2
14,10,7,60,2
14,10,7,61,1
14,10,7,62,1
14,10,7,63,18
14,10,7,64,5
14,10,7,65,0
14,10,7,66,5
14,10,7,67,3
14,10,7,68,2
14,10,7,69,1
14,10,7,70,0
14,10,7,71,1
14,10,7,72,2
14,10,7,73,4
14,10,7,74,0
14,10,7,75,0
14,10,7,76,1
14,10,7,77,0
14,10,7,78,2
14,10,7,79,1
14,10,7,80,0
14,10,7,81,0
14,10,7,82,0
14,10,7,83,28
14,10,7,84,0
14,10,7,85,0
14,10,7,86,8
14,10,7,87,0
14,10,7,88,5
14,10,7,89,2
14,10,7,90,18
14,10,7,91,20
14,10,7,92,1
14,10,7,93,0
14,10,7,94,0
14,10,7,95,0
14,10,7,96,42
14,10,7,97,8
14,10,7,98,56
14,10,7,99,8
14,10,7,100,24
14,10,7,101,7
14,10,7,102,0
14,10,7,103,6
14,10,7,104,0
14,10,7,105,0
14,10,7,106,9
14,10,7,107,10
14,10,7,108,9
14,10,7,109,11
14,10,7,110,4
14,10,7,111,35
14,10,7,112,19
14,10,7,113,31
14,10,7,114,25
14,10,7,115,17
14,10,7,116,5
14,10,7,117,14
14,10,7,118,21
14,10,7,119,0
14,10,7,120,0
14,10,7,121,17
14,10,7,122,12
14,10,7,123,12
14,10,7,124,12
14,10,7,125,12
14,10,7,126,30
14,10,7,127,27
14,10,7,128,28
14,10,7,129,28
14,10,7,130,15
14,10,7,131,8
14,10,7,132,6
14,10,7,133,7
14,10,7,134,5
14,10,7,135,6
14,10,7,136,4
14,10,7,137,22
14,10,7,138,22
14,10,7,139,2
14,10,7,140,3
14,10,7,141,2
14,10,7,142,1
14,10,7,143,0
14,10,7,144,7
14,10,7,145,2
14,10,7,146,4
14,10,7,147,0
14,10,7,148,4
14,10,7,149,19
14,10,7,150,11
14,10,7,151,18
14,10,7,152,4
14,10,7,153,0
14,10,7,154,6
14,10,7,155,1
14,10,7,156,0
14,10,7,157,5
14,10,7,158,5
14,10,7,159,0
14,10,7,160,3
14,10,7,161,3
14,10,7,162,12
14,10,7,163,0
14,10,7,164,14
14,10,7,165,12
14,10,7,166,0
14,10,7,167,0
14,10,7,168,9
14,10,7,169,14
14,10,7,170,0
14,10,7,171,3
14,10,7,172,6
14,10,7,173,3
14,10,7,174,0
14,10,7,175,5
14,10,7,176,0
14,10,7,177,2
14,10,7,178,1
14,10,7,179,0
14,10,7,180,7
14,10,7,181,6
14,10,7,182,3
14,10,7,183,0
14,10,7,184,6
14,10,7,185,3
14,10,7,186,4
14,10,7,187,5
14,10,7,188,2
14,10,7,189,3
14,10,7,190,2
14,10,7,191,1
14,10,7,192,0
14,10,7,193,0
14,10,7,194,0
14,10,7,195,0
14,10,7,196,0
14,10,7,197,0
14,10,7,198,0
14,10,7,199,2
14,10,7,200,0
14,10,7,201,0
14,10,7,202,1
14,10,8,0,0
14,10,8,1,0
14,10,8,2,0
14,10,8,3,0
14,10,8,4,0
14,10,8,5,0
14,10,8,6,0
14,10,8,7,0
14,10,8,8,0
14,10,8,9,1
14,10,8,10,0
14,10,8,11,1
14,10,8,12,0
14,10,8,13,0
14,10,8,14,6
14,10,8,15,5
14,10,8,16,3
14,10,8,17,1
14,10,8,18,0
14,10,8,19,0
14,10,8,20,6
14,10,8,21,8
14,10,8,22,9
14,10,8,23,10
14,10,8,24,8
14,10,8,25,8
14,10,8,26,9
14,10,8,27,8
14,10,8,28,21
14,10,8,29,8
14,10,8,30,44
14,10,8,31,0
14,10,8,32,7
14,10,8,33,4
14,10,8,34,4
14,10,8,35,15
14,10,8,36,28
14,10,8,37,20
14,10,8,38,25
14,10,8,39,2
14,10,8,40,1
14,10,8,41,0
14,10,8,42,0
14,10,8,43,0
14,10,8,44,14
14,10,8,45,25
14,10,8,46,11
14,10,8,47,14
14,10,8,48,26
14,10,8,49,15
14,10,8,50,8
14,10,8,51,31
14,10,8,52,5
14,10,8,53,5
14,10,8,54,7
14,10,8,55,5
14,10,8,56,4
14,10,8,57,22
14,10,8,58,21
14,10,8,59,4
14,10,8,60,16
14,10,8,61,19
14,10,8,62,3
14,10,8,63,3
14,10,8,64,22
14,10,8,65,0
14,10,8,66,14
14,10,8,67,18
14,10,8,68,7
14,10,8,69,19
14,10,8,70,0
14,10,8,71,5
14,10,8,72,11
14,10,8,73,24
14,10,8,74,3
14,10,8,75,1
14,10,8,76,0
14,10,8,77,13
14,10,8,78,8
14,10,8,79,12
14,10,8,80,11
14,10,8,81,22
14,10,8,82,13
14,10,8,83,11
14,10,8,84,4
14,10,8,85,14
14,10,8,86,13
14,10,8,87,12
14,10,8,88,1
14,10,8,89,0
14,10,8,90,0
14,10,8,91,3
14,10,8,92,10
14,10,8,93,5
14,10,8,94,2
14,10,8,95,8
14,10,8,96,1
14,10,8,97,0
14,10,8,98,4
14,10,8,99,2
14,10,8,100,4
14,10,8,101,2
14,10,8,102,0
14,10,8,103,0
14,10,8,104,0
14,10,8,105,4
14,10,8,106,10
14,10,8,107,0
14,10,8,108,4
14,10,8,109,13
14,10,8,110,11
14,10,8,111,0
14,10,8,112,9
14,10,8,113,8
14,10,8,114,4
14,10,8,115,3
14,10,8,116,6
14,10,8,117,4
14,10,8,118,2
14,10,8,119,1
14,10,8,120,0
14,10,8,121,5
14,10,8,122,2
14,10,8,123,7
14,10,8,124,0
14,10,8,125,4
14,10,8,126,3
14,10,8,127,2
14,10,8,128,1
14,10,8,129,0
14,10,8,130,0
14,10,8,131,0
14,10,8,132,1
14,10,8,133,0
14,10,8,134,2
14,10,8,135,1
14,10,8,136,0
14,10,8,137,0
14,10,8,138,0
14,10,8,139,1
14,10,8,140,0
14,10,8,141,0
14,10,8,142,0
14,10,8,143,9
14,10,8,144,8
14,10,8,145,7
14,10,8,146,5
14,10,8,147,5
14,10,8,148,4
14,10,8,149,2
14,10,8,150,1
14,10,8,151,0
14,10,8,152,5
14,10,8,153,5
14,10,8,154,5
14,10,8,155,0
14,10,8,156,4
14,10,8,157,3
14,10,8,158,5
14,10,8,159,0
14,10,8,160,0
14,10,8,161,0
14,10,8,162,16
14,10,8,163,20
14,10,8,164,19
14,10,8,165,3
14,10,8,166,9
14,10,8,167,5
14,10,8,168,7
14,10,8,169,5
14,10,8,170,4
14,10,8,171,3
14,10,8,172,3
14,10,8,173,2
14,10,8,174,1
14,10,8,175,0
14,10,8,176,0
14,10,8,177,6
14,10,8,178,5
14,10,8,179,4
14,10,8,180,4
14,10,8,181,4
14,10,8,182,3
14,10,8,183,2
14,10,8,184,1
14,10,8,185,0
14,10,8,186,1
14,10,8,187,0
14,10,8,188,0
14,10,8,189,2
14,10,8,190,1
14,10,8,191,0
14,10,8,192,0
14,10,8,193,0
14,10,8,194,1
14,10,8,195,0
14,10,8,196,2
14,10,8,197,0
14,10,8,198,0
14,10,8,199,1
14,10,9,0,0
14,10,9,1,0
14,10,9,2,0
14,10,9,3,0
14,10,9,4,0
14,10,9,5,0
14,10,9,6,0
14,10,9,7,1
14,10,9,8,0
14,10,9,9,0
14,10,9,10,0
14,10,9,11,6
14,10,9,12,0
14,10,9,13,7
14,10,9,14,7
14,10,9,15,3
14,10,9,16,3
14,10,9,17,3
14,10,9,18,3
14,10,9,19,5
14,10,9,20,4
14,10,9,21,3
14,10,9,22,2
14,10,9,23,8
14,10,9,24,7
14,10,9,25,20
14,10,9,26,4
14,10,9,27,4
14,10,9,28,3
14,10,9,29,13
14,10,9,30,5
14,10,9,31,1
14,10,9,32,0
14,10,9,33,0
14,10,9,34,10
14,10,9,35,0
14,10,9,36,17
14,10,9,37,14
14,10,9,38,8
14,10,9,39,9
14,10,9,40,7
14,10,9,41,4
14,10,9,42,3
14,10,9,43,2
14,10,9,44,12
14,10,9,45,9
14,10,9,46,7
14,10,9,47,6
14,10,9,48,6
14,10,9,49,1
14,10,9,50,0
14,10,9,51,9
14,10,9,52,47
14,10,9,53,0
14,10,9,54,8
14,10,9,55,7
14,10,9,56,2
14,10,9,57,1
14,10,9,58,0
14,10,9,59,0
14,10,9,60,0
14,10,9,61,26
14,10,9,62,25
14,10,9,63,14
14,10,9,64,0
14,10,9,65,18
14,10,9,66,7
14,10,9,67,2
14,10,9,68,6
14,10,9,69,5
14,10,9,70,4
14,10,9,71,2
14,10,9,72,1
14,10,9,73,0
14,10,9,74,0
14,10,9,75,2
14,10,9,76,2
14,10,9,77,1
14,10,9,78,0
14,10,9,79,4
14,10,9,80,8
14,10,9,81,16
14,10,9,82,2
14,10,9,83,1
14,10,9,84,4
14,10,9,85,10
14,10,9,86,7
14,10,9,87,6
14,10,9,88,0
14,10,9,89,0
14,10,9,90,7
14,10,9,91,3
14,10,9,92,1
14,10,9,93,7
14,10,9,94,4
14,10,9,95,1
14,10,9,96,0
14,10,9,97,0
14,10,9,98,0
14,10,9,99,39
14,10,9,100,22
14,10,9,101,0
14,10,9,102,4
14,10,9,103,7
14,10,9,104,3
14,10,9,105,2
14,10,9,106,16
14,10,9,107,0
14,10,9,108,22
14,10,9,109,30
14,10,9,110,0
14,10,9,111,7
14,10,9,112,1
14,10,9,113,0
14,10,9,114,3
14,10,9,115,2
14,10,9,116,1
14,10,9,117,0
14,10,9,118,0
14,10,9,119,8
14,10,9,120,6
14,10,9,121,0
14,10,9,122,31
14,10,9,123,9
14,10,9,124,4
14,10,9,125,15
14,10,9,126,12
14,10,9,127,29
14,10,9,128,8
14,10,9,129,4
14,10,9,130,6
14,10,9,131,4
14,10,9,132,3
14,10,9,133,2
14,10,9,134,1
14,10,9,135,0
14,10,9,136,2
14,10,9,137,1
14,10,9,138,0
14,10,9,139,1
14,10,9,140,0
14,10,9,141,1
14,10,9,142,0
14,10,9,143,3
14,10,9,144,3
14,10,9,145,2
14,10,9,146,1
14,10,9,147,0
14,10,9,148,1
14,10,9,149,0
14,10,9,150,10
14,10,9,151,26
14,10,9,152,0
14,10,9,153,4
14,10,9,154,0
14,10,9,155,10
14,10,9,156,23
14,10,9,157,10
14,10,9,158,21
14,10,9,159,0
14,10,9,160,19
14,10,9,161,8
14,10,9,162,18
14,10,9,163,7
14,10,9,164,10
14,10,9,165,9
14,10,9,166,11
14,10,9,167,3
14,10,9,168,5
14,10,9,169,6
14,10,9,170,9
14,10,9,171,7
14,10,9,172,6
14,10,9,173,5
14,10,9,174,4
14,10,9,175,1
14,10,9,176,0
14,10,9,177,1
14,10,9,178,0
14,10,9,179,0
14,10,9,180,0
14,10,9,181,8
14,10,9,182,7
14,10,9,183,6
14,10,9,184,2
14,10,9,185,1
14,10,9,186,0
14,10,9,187,1
14,10,9,188,0
14,10,9,189,0
14,10,9,190,1
14,10,9,191,0
14,10,9,192,0
14,10,9,193,0
14,10,9,194,0
14,10,9,195,0
14,10,9,196,1
14,10,9,197,0
14,10,9,198,0
14,10,9,199,1
14,10,9,200,1
14,10,9,201,0
14,10,9,202,1
14,10,10,0,0
14,10,10,1,0
14,10,10,2,0
14,10,10,3,0
14,10,10,4,0
14,10,10,5,0
14,10,10,6,0
14,10,10,7,0
14,10,10,8,2
14,10,10,9,1
14,10,10,10,0
14,10,10,11,0
14,10,10,12,0
14,10,10,13,0
14,10,10,14,0
14,10,10,15,2
14,10,10,16,7
14,10,10,17,8
14,10,10,18,0
14,10,10,19,5
14,10,10,20,9
14,10,10,21,8
14,10,10,22,8
14,10,10,23,8
14,10,10,24,11
14,10,10,25,9
14,10,10,26,9
14,10,10,27,7
14,10,10,28,8
14,10,10,29,7
14,10,10,30,5
14,10,10,31,4
14,10,10,32,8
14,10,10,33,6
14,10,10,34,7
14,10,10,35,17
14,10,10,36,6
14,10,10,37,20
14,10,10,38,15
14,10,10,39,9
14,10,10,40,1
14,10,10,41,0
14,10,10,42,13
14,10,10,43,17
14,10,10,44,0
14,10,10,45,26
14,10,10,46,21
14,10,10,47,17
14,10,10,48,7
14,10,10,49,7
14,10,10,50,8
14,10,10,51,8
14,10,10,52,4
14,10,10,53,6
14,10,10,54,4
14,10,10,55,4
14,10,10,56,5
14,10,10,57,7
14,10,10,58,0
14,10,10,59,6
14,10,10,60,10
14,10,10,61,5
14,10,10,62,4
14,10,10,63,2
14,10,10,64,0
14,10,10,65,3
14,10,10,66,2
14,10,10,67,2
14,10,10,68,1
14,10,10,69,0
14,10,10,70,0
14,10,10,71,0
14,10,10,72,39
14,10,10,73,0
14,10,10,74,5
14,10,10,75,4
14,10,10,76,3
14,10,10,77,3
14,10,10,78,1
14,10,10,79,0
14,10,10,80,0
14,10,10,81,0
14,10,10,82,7
14,10,10,83,18
14,10,10,84,0
14,10,10,85,4
14,10,10,86,1
14,10,10,87,0
14,10,10,88,16
14,10,10,89,1
14,10,10,90,1
14,10,10,91,0
14,10,10,92,5
14,10,10,93,0
14,10,10,94,16
14,10,10,95,0
14,10,10,96,11
14,10,10,97,15
14,10,10,98,9
14,10,10,99,15
14,10,10,100,13
14,10,10,101,9
14,10,10,102,3
14,10,10,103,20
14,10,10,104,10
14,10,10,105,2
14,10,10,106,1
14,10,10,107,0
14,10,10,108,4
14,10,10,109,0
14,10,10,110,2
14,10,10,111,1
14,10,10,112,0
14,10,10,113,23
14,10,10,114,47
14,10,10,115,0
14,10,10,116,8
14,10,10,117,7
14,10,10,118,0
14,10,10,119,5
14,10,10,120,4
14,10,10,121,1
14,10,10,122,23
14,10,10,123,14
14,10,10,124,7
14,10,10,125,4
14,10,10,126,0
14,10,10,127,4
14,10,10,128,3
14,10,10,129,2
14,10,10,130,1
14,10,10,131,6
14,10,10,132,0
14,10,10,133,5
14,10,10,134,2
14,10,10,135,2
14,10,10,136,15
14,10,10,137,0
14,10,10,138,3
14,10,10,139,12
14,10,10,140,34
14,10,10,141,13
14,10,10,142,3
14,10,10,143,1
14,10,10,144,0
14,10,10,145,16
14,10,10,146,8
14,10,10,147,0
14,10,10,148,0
14,10,10,149,1
14,10,10,150,0
14,10,10,151,6
14,10,10,152,13
14,10,10,153,2
14,10,10,154,0
14,10,10,155,0
14,10,10,156,11
14,10,10,157,1
14,10,10,158,6
14,10,10,159,12
14,10,10,160,17
14,10,10,161,10
14,10,10,162,2
14,10,10,163,19
14,10,10,164,1
14,10,10,165,0
14,10,10,166,0
14,10,10,167,5
14,10,10,168,3
14,10,10,169,1
14,10,10,170,3
14,10,10,171,1
14,10,10,172,0
14,10,10,173,0
14,10,10,174,0
14,10,10,175,1
14,10,10,176,6
14,10,10,177,14
14,10,10,178,2
14,10,10,179,5
14,10,10,180,4
14,10,10,181,5
14,10,10,182,1
14,10,10,183,0
14,10,10,184,5
14,10,10,185,11
14,10,10,186,9
14,10,10,187,6
14,10,10,188,4
14,10,10,189,5
14,10,10,190,6
14,10,10,191,5
14,10,10,192,5
14,10,10,193,3
14,10,10,194,2
14,10,10,195,1
14,10,10,196,0
14,10,10,197,0
14,10,10,198,0
14,10,10,199,0
14,10,10,200,0
14,10,10,201,0
14,10,10,202,0
14,10,10,203,1
14,10,11,0,0
14,10,11,1,0
14,10,11,2,0
14,10,11,3,0
14,10,11,4,0
14,10,11,5,0
14,10,11,6,0
14,10,11,7,1
14,10,11,8,0
14,10,11,9,0
14,10,11,10,0
14,10,11,11,1
14,10,11,12,0
14,10,11,13,2
14,10,11,14,1
14,10,11,15,0
14,10,11,16,6
14,10,11,17,4
14,10,11,18,6
14,10,11,19,5
14,10,11,20,8
14,10,11,21,5
14,10,11,22,6
14,10,11,23,0
14,10,11,24,7
14,10,11,25,0
14,10,11,26,9
14,10,11,27,8
14,10,11,28,7
14,10,11,29,13
14,10,11,30,7
14,10,11,31,5
14,10,11,32,11
14,10,11,33,9
14,10,11,34,6
14,10,11,35,5
14,10,11,36,7
14,10,11,37,6
14,10,11,38,5
14,10,11,39,3
14,10,11,40,3
14,10,11,41,3
14,10,11,42,37
14,10,11,43,16
14,10,11,44,1
14,10,11,45,0
14,10,11,46,2
14,10,11,47,1
14,10,11,48,0
14,10,11,49,1
14,10,11,50,0
14,10,11,51,0
14,10,11,52,0
14,10,11,53,20
14,10,11,54,2
14,10,11,55,16
14,10,11,56,8
14,10,11,57,1
14,10,11,58,0
14,10,11,59,0
14,10,11,60,17
14,10,11,61,10
14,10,11,62,8
14,10,11,63,7
14,10,11,64,30
14,10,11,65,5
14,10,11,66,5
14,10,11,67,28
14,10,11,68,22
14,10,11,69,23
14,10,11,70,0
14,10,11,71,4
14,10,11,72,1
14,10,11,73,0
14,10,11,74,0
14,10,11,75,5
14,10,11,76,0
14,10,11,77,0
14,10,11,78,5
14,10,11,79,3
14,10,11,80,24
14,10,11,81,3
14,10,11,82,26
14,10,11,83,1
14,10,11,84,0
14,10,11,85,12
14,10,11,86,25
14,10,11,87,28
14,10,11,88,24
14,10,11,89,31
14,10,11,90,32
14,10,11,91,19
14,10,11,92,9
14,10,11,93,15
14,10,11,94,18
14,10,11,95,31
14,10,11,96,6
14,10,11,97,10
14,10,11,98,8
14,10,11,99,0
14,10,11,100,14
14,10,11,101,11
14,10,11,102,17
14,10,11,103,16
14,10,11,104,5
14,10,11,105,14
14,10,11,106,0
14,10,11,107,13
14,10,11,108,6
14,10,11,109,1
14,10,11,110,0
14,10,11,111,4
14,10,11,112,14
14,10,11,113,1
14,10,11,114,0
14,10,11,115,5
14,10,11,116,2
14,10,11,117,7
14,10,11,118,9
14,10,11,119,5
14,10,11,120,2
14,10,11,121,1
14,10,11,122,0
14,10,11,123,0
14,10,11,124,0
14,10,11,125,2
14,10,11,126,1
14,10,11,127,0
14,10,11,128,2
14,10,11,129,1
14,10,11,130,0
14,10,11,131,21
14,10,11,132,0
14,10,11,133,24
14,10,11,134,12
14,10,11,135,0
14,10,11,136,12
14,10,11,137,0
14,10,11,138,0
14,10,11,139,10
14,10,11,140,13
14,10,11,141,7
14,10,11,142,11
14,10,11,143,3
14,10,11,144,8
14,10,11,145,0
14,10,11,146,9
14,10,11,147,0
14,10,11,148,8
14,10,11,149,5
14,10,11,150,11
14,10,11,151,3
14,10,11,152,3
14,10,11,153,1
14,10,11,154,0
14,10,11,155,15
14,10,11,156,4
14,10,11,157,8
14,10,11,158,5
14,10,11,159,6
14,10,11,160,2
14,10,11,161,17
14,10,11,162,5
14,10,11,163,1
14,10,11,164,0
14,10,11,165,6
14,10,11,166,1
14,10,11,167,0
14,10,11,168,5
14,10,11,169,4
14,10,11,170,10
14,10,11,171,2
14,10,11,172,1
14,10,11,173,0
14,10,11,174,0
14,10,11,175,10
14,10,11,176,10
14,10,11,177,1
14,10,11,178,0
14,10,11,179,0
14,10,11,180,0
14,10,11,181,2
14,10,11,182,1
14,10,11,183,0
14,10,11,184,0
14,10,11,185,7
14,10,11,186,0
14,10,11,187,0
14,10,11,188,0
14,10,11,189,0
14,10,11,190,7
14,10,11,191,6
14,10,11,192,4
14,10,11,193,0
14,10,11,194,3
14,10,11,195,1
14,10,11,196,0
14,10,11,197,1
14,10,11,198,1
14,10,11,199,0
14,10,11,200,0
14,10,11,201,0
14,10,11,202,0
14,10,11,203,0
14,10,11,204,1
14,10,12,0,0
14,10,12,1,0
14,10,12,2,0
14,10,12,3,0
14,10,12,4,0
14,10,12,5,0
14,10,12,6,0
14,10,12,7,1
14,10,12,8,0
14,10,12,9,2
14,10,12,10,1
14,10,12,11,0
14,10,12,12,0
14,10,12,13,3
14,10,12,14,7
14,10,12,15,2
14,10,12,16,8
14,10,12,17,7
14,10,12,18,5
14,10,12,19,5
14,10,12,20,5
14,10,12,21,2
14,10,12,22,6
14,10,12,23,3
14,10,12,24,2
14,10,12,25,1
14,10,12,26,0
14,10,12,27,1
14,10,12,28,0
14,10,12,29,5
14,10,12,30,4
14,10,12,31,21
14,10,12,32,1
14,10,12,33,0
14,10,12,34,5
14,10,12,35,4
14,10,12,36,17
14,10,12,37,1
14,10,12,38,0
14,10,12,39,3
14,10,12,40,0
14,10,12,41,0
14,10,12,42,21
14,10,12,43,33
14,10,12,44,10
14,10,12,45,0
14,10,12,46,0
14,10,12,47,8
14,10,12,48,9
14,10,12,49,0
14,10,12,50,20
14,10,12,51,12
14,10,12,52,13
14,10,12,53,9
14,10,12,54,10
14,10,12,55,26
14,10,12,56,11
14,10,12,57,6
14,10,12,58,5
14,10,12,59,0
14,10,12,60,7
14,10,12,61,2
14,10,12,62,0
14,10,12,63,2
14,10,12,64,19
14,10,12,65,1
14,10,12,66,0
14,10,12,67,17
14,10,12,68,8
14,10,12,69,0
14,10,12,70,0
14,10,12,71,9
14,10,12,72,13
14,10,12,73,12
14,10,12,74,7
14,10,12,75,10
14,10,12,76,9
14,10,12,77,8
14,10,12,78,6
14,10,12,79,3
14,10,12,80,2
14,10,12,81,3
14,10,12,82,32
14,10,12,83,6
14,10,12,84,5
14,10,12,85,3
14,10,12,86,1
14,10,12,87,4
14,10,12,88,3
14,10,12,89,1
14,10,12,90,2
14,10,12,91,1
14,10,12,92,0
14,10,12,93,3
14,10,12,94,1
14,10,12,95,0
14,10,12,96,1
14,10,12,97,0
14,10,12,98,4
14,10,12,99,4
14,10,12,100,15
14,10,12,101,30
14,10,12,102,15
14,10,12,103,14
14,10,12,104,11
14,10,12,105,3
14,10,12,106,2
14,10,12,107,1
14,10,12,108,0
14,10,12,109,7
14,10,12,110,18
14,10,12,111,4
14,10,12,112,2
14,10,12,113,3
14,10,12,114,2
14,10,12,115,2
14,10,12,116,36
14,10,12,117,0
14,10,12,118,0
14,10,12,119,4
14,10,12,120,6
14,10,12,121,1
14,10,12,122,4
14,10,12,123,0
14,10,12,124,4
14,10,12,125,4
14,10,12,126,2
14,10,12,127,1
14,10,12,128,0
14,10,12,129,1
14,10,12,130,0
14,10,12,131,0
14,10,12,132,0
14,10,12,133,14
14,10,12,134,27
14,10,12,135,23
14,10,12,136,20
14,10,12,137,2
14,10,12,138,1
14,10,12,139,0
14,10,12,140,0
14,10,12,141,0
14,10,12,142,23
14,10,12,143,24
14,10,12,144,0
14,10,12,145,16
14,10,12,146,17
14,10,12,147,7
14,10,12,148,13
14,10,12,149,20
14,10,12,150,13
14,10,12,151,20
14,10,12,152,8
14,10,12,153,13
14,10,12,154,10
14,10,12,155,6
14,10,12,156,8
14,10,12,157,6
14,10,12,158,21
14,10,12,159,21
14,10,12,160,18
14,10,12,161,12
14,10,12,162,1
14,10,12,163,0
14,10,12,164,6
14,10,12,165,1
14,10,12,166,0
14,10,12,167,15
14,10,12,168,17
14,10,12,169,13
14,10,12,170,1
14,10,12,171,0
14,10,12,172,7
14,10,12,173,6
14,10,12,174,0
14,10,12,175,11
14,10,12,176,4
14,10,12,177,2
14,10,12,178,9
14,10,12,179,6
14,10,12,180,0
14,10,12,181,6
14,10,12,182,4
14,10,12,183,4
14,10,12,184,4
14,10,12,185,2
14,10,12,186,3
14,10,12,187,2
14,10,12,188,1
14,15,1,0,0
14,15,1,1,0
14,15,1,2,0
14,15,1,3,0
14,15,1,4,0
14,15,1,5,1
14,15,1,6,1
14,15,1,7,0
14,15,1,8,0
14,15,1,9,0
14,15,1,10,0
14,15,1,11,4
14,15,1,12,3
14,15,1,13,1
14,15,1,14,0
14,15,1,15,1
14,15,1,16,0
14,15,1,17,11
14,15,1,18,14
14,15,1,19,11
14,15,1,20,5
14,15,1,21,16
14,15,1,22,14
14,15,1,23,12
14,15,1,24,18
14,15,1,25,12
14,15,1,26,13
14,15,1,27,8
14,15,1,28,11
14,15,1,29,27
14,15,1,30,75
14,15,1,31,14
14,15,1,32,12
14,15,1,33,12
14,15,1,34,11
14,15,1,35,10
14,15,1,36,36
14,15,1,37,13
14,15,1,38,11
14,15,1,39,12
14,15,1,40,12
14,15,1,41,76
14,15,1,42,10
14,15,1,43,78
14,15,1,44,123
14,15,1,45,18
14,15,1,46,34
14,15,1,47,122
14,15,1,48,33
14,15,1,49,30
14,15,1,50,28
14,15,1,51,75
14,15,1,52,40
14,15,1,53,41
14,15,1,54,72
14,15,1,55,8
14,15,1,56,70
14,15,1,57,26
14,15,1,58,25
14,15,1,59,36
14,15,1,60,35
14,15,1,61,122
14,15,1,62,19
14,15,1,63,110
14,15,1,64,74
14,15,1,65,109
14,15,1,66,36
14,15,1,67,27
14,15,1,68,96
14,15,1,69,71
14,15,1,70,21
14,15,1,71,14
14,15,1,72,24
14,15,1,73,38
14,15,1,74,30
14,15,1,75,95
14,15,1,76,66
14,15,1,77,18
14,15,1,78,52
14,15,1,79,50
14,15,1,80,0
14,15,1,81,15
14,15,1,82,96
14,15,1,83,18
14,15,1,84,16
14,15,1,85,9
14,15,1,86,8
14,15,1,87,101
14,15,1,88,50
14,15,1,89,56
14,15,1,90,12
14,15,1,91,41
14,15,1,92,49
14,15,1,93,20
14,15,1,94,14
14,15,1,95,15
14,15,1,96,56
14,15,1,97,48
14,15,1,98,19
14,15,1,99,16
14,15,1,100,18
14,15,1,101,5
14,15,1,102,16
14,15,1,103,13
14,15,1,104,50
14,15,1,105,69
14,15,1,106,46
14,15,1,107,0
14,15,1,108,0
14,15,1,109,47
14,15,1,110,49
14,15,1,111,11
14,15,1,112,11
14,15,1,113,49
14,15,1,114,31
14,15,1,115,73
14,15,1,116,79
14,15,1,117,74
14,15,1,118,44
14,15,1,119,42
14,15,1,120,80
14,15,1,121,30
14,15,1,122,75
14,15,1,123,31
14,15,1,124,0
14,15,1,125,74
14,15,1,126,69
14,15,1,127,43
14,15,1,128,48
14,15,1,129,4
14,15,1,130,3
14,15,1,131,0
14,15,1,132,65
14,15,1,133,1
14,15,1,134,0
14,15,1,135,23
14,15,1,136,23
14,15,1,137,67
14,15,1,138,18
14,15,1,139,26
14,15,1,140,21
14,15,1,141,20
14,15,1,142,24
14,15,1,143,0
14,15,1,144,63
14,15,1,145,61
14,15,1,146,20
14,15,1,147,55
14,15,1,148,16
14,15,1,149,14
14,15,1,150,4
14,15,1,151,52
14,15,1,152,59
14,15,1,153,53
14,15,1,154,54
14,15,1,155,55
14,15,1,156,43
14,15,1,157,40
14,15,1,158,53
14,15,1,159,19
14,15,1,160,23
14,15,1,161,17
14,15,1,162,0
14,15,1,163,50
14,15,1,164,18
14,15,1,165,14
14,15,1,166,16
14,15,1,167,22
14,15,1,168,21
14,15,1,169,40
14,15,1,170,18
14,15,1,171,0
14,15,1,172,16
14,15,1,173,16
14,15,1,174,34
14,15,1,175,43
14,15,1,176,6
14,15,1,177,23
14,15,1,178,16
14,15,1,179,5
14,15,1,180,6
14,15,1,181,4
14,15,1,182,28
14,15,1,183,14
14,15,1,184,23
14,15,1,185,15
14,15,1,186,13
14,15,1,187,33
14,15,1,188,7
14,15,1,189,33
14,15,1,190,33
14,15,1,191,0
14,15,1,192,28
14,15,1,193,31
14,15,1,194,9
14,15,1,195,16
14,15,1,196,17
14,15,1,197,5
14,15,1,198,4
14,15,1,199,4
14,15,1,200,3
14,15,1,201,17
14,15,1,202,18
14,15,1,203,2
14,15,1,204,1
14,15,1,205,0
14,15,1,206,1
14,15,1,207,0
14,15,1,208,22
14,15,1,209,20
14,15,1,210,16
14,15,1,211,3
14,15,1,212,2
14,15,1,213,1
14,15,1,214,0
14,15,1,215,0
14,15,1,216,2
14,15,1,217,1
14,15,1,218,1
14,15,1,219,0
14,15,1,220,0
14,15,1,221,4
14,15,1,222,3
14,15,1,223,12
14,15,1,224,1
14,15,1,225,0
14,15,1,226,0
14,15,1,227,5
14,15,1,228,0
14,15,1,229,12
14,15,1,230,11
14,15,1,231,0
14,15,1,232,6
14,15,1,233,2
14,15,1,234,3
14,15,1,235,0
14,15,1,236,8
14,15,1,237,7
14,15,1,238,6
14,15,1,239,6
14,15,1,240,5
14,15,1,241,0
14,15,1,242,4
14,15,1,243,3
14,15,1,244,2
14,15,1,245,1
14,15,2,0,0
14,15,2,1,0
14,15,2,2,0
14,15,2,3,0
14,15,2,4,0
14,15,2,5,1
14,15,2,6,0
14,15,2,7,0
14,15,2,8,0
14,15,2,9,0
14,15,2,10,2
14,15,2,11,5
14,15,2,12,5
14,15,2,13,10
14,15,2,14,6
14,15,2,15,10
14,15,2,16,7
14,15,2,17,11
14,15,2,18,11
14,15,2,19,14
14,15,2,20,8
14,15,2,21,13
14,15,2,22,12
14,15,2,23,7
14,15,2,24,16
14,15,2,25,13
14,15,2,26,10
14,15,2,27,9
14,15,2,28,10
14,15,2,29,7
14,15,2,30,11
14,15,2,31,10
14,15,2,32,35
14,15,2,33,33
14,15,2,34,35
14,15,2,35,13
14,15,2,36,11
14,15,2,37,12
14,15,2,38,123
14,15,2,39,13
14,15,2,40,13
14,15,2,41,6
14,15,2,42,29
14,15,2,43,13
14,15,2,44,13
14,15,2,45,11
14,15,2,46,9
14,15,2,47,8
14,15,2,48,67
14,15,2,49,10
14,15,2,50,10
14,15,2,51,47
14,15,2,52,46
14,15,2,53,11
14,15,2,54,42
14,15,2,55,9
14,15,2,56,53
14,15,2,57,42
14,15,2,58,38
14,15,2,59,37
14,15,2,60,35
14,15,2,61,34
14,15,2,62,35
14,15,2,63,6
14,15,2,64,36
14,15,2,65,37
14,15,2,66,37
14,15,2,67,19
14,15,2,68,33
14,15,2,69,29
14,15,2,70,84
14,15,2,71,35
14,15,2,72,7
14,15,2,73,5
14,15,2,74,70
14,15,2,75,89
14,15,2,76,106
14,15,2,77,18
14,15,2,78,0
14,15,2,79,65
14,15,2,80,11
14,15,2,81,8
14,15,2,82,15
14,15,2,83,76
14,15,2,84,80
14,15,2,85,6
14,15,2,86,40
14,15,2,87,42
14,15,2,88,40
14,15,2,89,84
14,15,2,90,44
14,15,2,91,75
14,15,2,92,0
14,15,2,93,94
14,15,2,94,86
14,15,2,95,83
14,15,2,96,70
14,15,2,97,78
14,15,2,98,16
14,15,2,99,0
14,15,2,100,76
14,15,2,101,80
14,15,2,102,78
14,15,2,103,15
14,15,2,104,66
14,15,2,105,46
14,15,2,106,38
14,15,2,107,81
14,15,2,108,84
14,15,2,109,17
14,15,2,110,84
14,15,2,111,36
14,15,2,112,41
14,15,2,113,51
14,15,2,114,49
14,15,2,115,52
14,15,2,116,56
14,15,2,117,48
14,15,2,118,72
14,15,2,119,31
14,15,2,120,76
14,15,2,121,76
14,15,2,122,47
14,15,2,123,46
14,15,2,124,72
14,15,2,125,70
14,15,2,126,60
14,15,2,127,33
14,15,2,128,71
14,15,2,129,47
14,15,2,130,64
14,15,2,131,59
14,15,2,132,35
14,15,2,133,64
14,15,2,134,64
14,15,2,135,59
14,15,2,136,41
14,15,2,137,4
14,15,2,138,5
14,15,2,139,5
14,15,2,140,65
14,15,2,141,39
14,15,2,142,40
14,15,2,143,59
14,15,2,144,7
14,15,2,145,59
14,15,2,146,0
14,15,2,147,52
14,15,2,148,25
14,15,2,149,52
14,15,2,150,0
14,15,2,151,26
14,15,2,152,42
14,15,2,153,39
14,15,2,154,26
14,15,2,155,41
14,15,2,156,26
14,15,2,157,40
14,15,2,158,21
14,15,2,159,21
14,15,2,160,13
14,15,2,161,37
14,15,2,162,35
14,15,2,163,14
14,15,2,164,15
14,15,2,165,35
14,15,2,166,38
14,15,2,167,42
14,15,2,168,45
14,15,2,169,40
14,15,2,170,11
14,15,2,171,40
14,15,2,172,26
14,15,2,173,26
14,15,2,174,4
14,15,2,175,11
14,15,2,176,25
14,15,2,177,8
14,15,2,178,30
14,15,2,179,8
14,15,2,180,23
14,15,2,181,32
14,15,2,182,18
14,15,2,183,17
14,15,2,184,27
14,15,2,185,28
14,15,2,186,27
14,15,2,187,6
14,15,2,188,30
14,15,2,189,4
14,15,2,190,16
14,15,2,191,6
14,15,2,192,23
14,15,2,193,19
14,15,2,194,14
14,15,2,195,22
14,15,2,196,16
14,15,2,197,20
14,15,2,198,0
14,15,2,199,19
14,15,2,200,1
14,15,2,201,0
14,15,2,202,16
14,15,2,203,18
14,15,2,204,4
14,15,2,205,16
14,15,2,206,0
14,15,2,207,2
14,15,2,208,0
14,15,2,209,10
14,15,2,210,13
14,15,2,211,14
14,15,2,212,12
14,15,2,213,12
14,15,2,214,12
14,15,2,215,11
14,15,2,216,8
14,15,2,217,8
14,15,2,218,8
14,15,2,219,4
14,15,2,220,5
14,15,2,221,5
14,15,2,222,0
14,15,2,223,0
14,15,2,224,4
14,15,2,225,5
14,15,2,226,3
14,15,2,227,2
14,15,2,228,2
14,15,2,229,1
14,15,2,230,0
14,15,2,231,0
14,15,2,232,1
14,15,3,0,0
14,15,3,1,0
14,15,3,2,0
14,15,3,3,0
14,15,3,4,0
14,15,3,5,0
14,15,3,6,3
14,15,3,7,5
14,15,3,8,4
14,15,3,9,3
14,15,3,10,1
14,15,3,11,0
14,15,3,12,1
14,15,3,13,0
14,15,3,14,0
14,15,3,15,0
14,15,3,16,12
14,15,3,17,16
14,15,3,18,14
14,15,3,19,14
14,15,3,20,12
14,15,3,21,15
14,15,3,22,14
14,15,3,23,13
14,15,3,24,13
14,15,3,25,14
14,15,3,26,13
14,15,3,27,11
14,15,3,28,9
14,15,3,29,35
14,15,3,30,13
14,15,3,31,12
14,15,3,32,11
14,15,3,33,10
14,15,3,34,8
14,15,3,35,7
14,15,3,36,5
14,15,3,37,37
14,15,3,38,6
14,15,3,39,6
14,15,3,40,6
14,15,3,41,117
14,15,3,42,86
14,15,3,43,6
14,15,3,44,27
14,15,3,45,45
14,15,3,46,71
14,15,3,47,22
14,15,3,48,113
14,15,3,49,43
14,15,3,50,40
14,15,3,51,117
14,15,3,52,18
14,15,3,53,19
14,15,3,54,49
14,15,3,55,123
14,15,3,56,57
14,15,3,57,72
14,15,3,58,102
14,15,3,59,101
14,15,3,60,100
14,15,3,61,18
14,15,3,62,14
14,15,3,63,100
14,15,3,64,21
14,15,3,65,101
14,15,3,66,6
14,15,3,67,7
14,15,3,68,35
14,15,3,69,6
14,15,3,70,13
14,15,3,71,13
14,15,3,72,15
14,15,3,73,4
14,15,3,74,14
14,15,3,75,12
14,15,3,76,59
14,15,3,77,13
14,15,3,78,21
14,15,3,79,40
14,15,3,80,94
14,15,3,81,93
14,15,3,82,89
14,15,3,83,38
14,15,3,84,92
14,15,3,85,98
14,15,3,86,32
14,15,3,87,30
14,15,3,88,44
14,15,3,89,43
14,15,3,90,4
14,15,3,91,3
14,15,3,92,2
14,15,3,93,85
14,15,3,94,86
14,15,3,95,54
14,15,3,96,60
14,15,3,97,16
14,15,3,98,85
14,15,3,99,53
14,15,3,100,0
14,15,3,101,44
14,15,3,102,13
14,15,3,103,11
14,15,3,104,79
14,15,3,105,9
14,15,3,106,75
14,15,3,107,0
14,15,3,108,36
14,15,3,109,81
14,15,3,110,50
14,15,3,111,79
14,15,3,112,35
14,15,3,113,18
14,15,3,114,78
14,15,3,115,19
14,15,3,116,13
14,15,3,117,12
14,15,3,118,63
14,15,3,119,68
14,15,3,120,68
14,15,3,121,32
14,15,3,122,68
14,15,3,123,71
14,15,3,124,3
14,15,3,125,68
14,15,3,126,9
14,15,3,127,9
14,15,3,128,68
14,15,3,129,1
14,15,3,130,0
14,15,3,131,0
14,15,3,132,63
14,15,3,133,31
14,15,3,134,30
14,15,3,135,34
14,15,3,136,61
14,15,3,137,62
14,15,3,138,59
14,15,3,139,0
14,15,3,140,58
14,15,3,141,33
14,15,3,142,3
14,15,3,143,37
14,15,3,144,37
14,15,3,145,34
14,15,3,146,57
14,15,3,147,3
14,15,3,148,1
14,15,3,149,0
14,15,3,150,59
14,15,3,151,36
14,15,3,152,8
14,15,3,153,34
14,15,3,154,29
14,15,3,155,3
14,15,3,156,23
14,15,3,157,48
14,15,3,158,51
14,15,3,159,1
14,15,3,160,2
14,15,3,161,46
14,15,3,162,2
14,15,3,163,0
14,15,3,164,50
14,15,3,165,27
14,15,3,166,3
14,15,3,167,44
14,15,3,168,47
14,15,3,169,49
14,15,3,170,42
14,15,3,171,0
14,15,3,172,46
14,15,3,173,46
14,15,3,174,40
14,15,3,175,39
14,15,3,176,38
14,15,3,177,43
14,15,3,178,38
14,15,3,179,36
14,15,3,180,32
14,15,3,181,37
14,15,3,182,38
14,15,3,183,34
14,15,3,184,27
14,15,3,185,12
14,15,3,186,34
14,15,3,187,17
14,15,3,188,31
14,15,3,189,10
14,15,3,190,18
14,15,3,191,28
14,15,3,192,28
14,15,3,193,28
14,15,3,194,26
14,15,3,195,24
14,15,3,196,23
14,15,3,197,23
14,15,3,198,0
14,15,3,199,20
14,15,3,200,24
14,15,3,201,20
14,15,3,202,19
14,15,3,203,23
14,15,3,204,0
14,15,3,205,7
14,15,3,206,17
14,15,3,207,10
14,15,3,208,9
14,15,3,209,13
14,15,3,210,16
14,15,3,211,7
14,15,3,212,12
14,15,3,213,10
14,15,3,214,8
14,15,3,215,13
14,15,3,216,11
14,15,3,217,12
14,15,3,218,11
14,15,3,219,10
14,15,3,220,10
14,15,3,221,6
14,15,3,222,7
14,15,3,223,2
14,15,3,224,1
14,15,3,225,4
14,15,3,226,4
14,15,3,227,3
14,15,3,228,1
14,15,3,229,0
14,15,3,230,2
14,15,3,231,1
14,15,3,232,0
14,15,3,233,0
14,15,3,234,0
14,15,3,235,2
14,15,3,236,1
14,15,4,0,0
14,15,4,1,0
14,15,4,2,0
14,15,4,3,0
14,15,4,4,0
14,15,4,5,0
14,15,4,6,2
14,15,4,7,1
14,15,4,8,0
14,15,4,9,1
14,15,4,10,0
14,15,4,11,0
14,15,4,12,1
14,15,4,13,0
14,15,4,14,4
14,15,4,15,4
14,15,4,16,3
14,15,4,17,3
14,15,4,18,0
14,15,4,19,17
14,15,4,20,6
14,15,4,21,13
14,15,4,22,8
14,15,4,23,9
14,15,4,24,6
14,15,4,25,13
14,15,4,26,33
14,15,4,27,18
14,15,4,28,110
14,15,4,29,17
14,15,4,30,14
14,15,4,31,22
14,15,4,32,30
14,15,4,33,13
14,15,4,34,11
14,15,4,35,31
14,15,4,36,52
14,15,4,37,69
14,15,4,38,25
14,15,4,39,113
14,15,4,40,19
14,15,4,41,6
14,15,4,42,17
14,15,4,43,17
14,15,4,44,56
14,15,4,45,19
14,15,4,46,118
14,15,4,47,85
14,15,4,48,30
14,15,4,49,30
14,15,4,50,43
14,15,4,51,50
14,15,4,52,93
14,15,4,53,117
14,15,4,54,36
14,15,4,55,33
14,15,4,56,32
14,15,4,57,34
14,15,4,58,32
14,15,4,59,93
14,15,4,60,35
14,15,4,61,34
14,15,4,62,28
14,15,4,63,72
14,15,4,64,30
14,15,4,65,28
14,15,4,66,25
14,15,4,67,32
14,15,4,68,30
14,15,4,69,30
14,15,4,70,28
14,15,4,71,27
14,15,4,72,67
14,15,4,73,103
14,15,4,74,27
14,15,4,75,26
14,15,4,76,63
14,15,4,77,93
14,15,4,78,26
14,15,4,79,27
14,15,4,80,0
14,15,4,81,27
14,15,4,82,21
14,15,4,83,27
14,15,4,84,18
14,15,4,85,71
14,15,4,86,90
14,15,4,87,92
14,15,4,88,15
14,15,4,89,15
14,15,4,90,15
14,15,4,91,29
14,15,4,92,15
14,15,4,93,14
14,15,4,94,10
14,15,4,95,18
14,15,4,96,85
14,15,4,97,44
14,15,4,98,41
14,15,4,99,17
14,15,4,100,13
14,15,4,101,21
14,15,4,102,43
14,15,4,103,42
14,15,4,104,81
14,15,4,105,84
14,15,4,106,36
14,15,4,107,79
14,15,4,108,65
14,15,4,109,6
14,15,4,110,15
14,15,4,111,42
14,15,4,112,20
14,15,4,113,70
14,15,4,114,39
14,15,4,115,13
14,15,4,116,15
14,15,4,117,65
14,15,4,118,47
14,15,4,119,41
14,15,4,120,11
14,15,4,121,40
14,15,4,122,6
14,15,4,123,5
14,15,4,124,11
14,15,4,125,0
14,15,4,126,1
14,15,4,127,0
14,15,4,128,0
14,15,4,129,46
14,15,4,130,13
14,15,4,131,67
14,15,4,132,60
14,15,4,133,67
14,15,4,134,32
14,15,4,135,32
14,15,4,136,51
14,15,4,137,48
14,15,4,138,32
14,15,4,139,28
14,15,4,140,46
14,15,4,141,31
14,15,4,142,61
14,15,4,143,61
14,15,4,144,60
14,15,4,145,16
14,15,4,146,4
14,15,4,147,12
14,15,4,148,3
14,15,4,149,33
14,15,4,150,51
14,15,4,151,31
14,15,4,152,27
14,15,4,153,48
14,15,4,154,44
14,15,4,155,31
14,15,4,156,24
14,15,4,157,46
14,15,4,158,49
14,15,4,159,48
14,15,4,160,0
14,15,4,161,48
14,15,4,162,43
14,15,4,163,43
14,15,4,164,29
14,15,4,165,41
14,15,4,166,39
14,15,4,167,40
14,15,4,168,42
14,15,4,169,42
14,15,4,170,39
14,15,4,171,41
14,15,4,172,18
14,15,4,173,38
14,15,4,174,39
14,15,4,175,17
14,15,4,176,19
14,15,4,177,16
14,15,4,178,11
14,15,4,179,40
14,15,4,180,33
14,15,4,181,34
14,15,4,182,31
14,15,4,183,25
14,15,4,184,33
14,15,4,185,21
14,15,4,186,25
14,15,4,187,26
14,15,4,188,21
14,15,4,189,18
14,15,4,190,2
14,15,4,191,27
14,15,4,192,26
14,15,4,193,17
14,15,4,194,1
14,15,4,195,0
14,15,4,196,15
14,15,4,197,19
14,15,4,198,16
14,15,4,199,20
14,15,4,200,1
14,15,4,201,0
14,15,4,202,18
14,15,4,203,18
14,15,4,204,15
14,15,4,205,0
14,15,4,206,4
14,15,4,207,13
14,15,4,208,0
14,15,4,209,11
14,15,4,210,15
14,15,4,211,12
14,15,4,212,9
14,15,4,213,13
14,15,4,214,10
14,15,4,215,9
14,15,4,216,9
14,15,4,217,8
14,15,4,218,6
14,15,4,219,7
14,15,4,220,5
14,15,4,221,0
14,15,4,222,6
14,15,4,223,3
14,15,4,224,6
14,15,4,225,4
14,15,4,226,3
14,15,4,227,2
14,15,4,228,0
14,15,4,229,0
14,15,4,230,1
14,15,4,231,0
14,15,4,232,0
14,15,4,233,0
14,15,4,234,1
14,15,5,0,0
14,15,5,1,0
14,15,5,2,0
14,15,5,3,0
14,15,5,4,0
14,15,5,5,0
14,15,5,6,5
14,15,5,7,3
14,15,5,8,3
14,15,5,9,2
14,15,5,10,0
14,15,5,11,0
14,15,5,12,1
14,15,5,13,4
14,15,5,14,6
14,15,5,15,4
14,15,5,16,13
14,15,5,17,14
14,15,5,18,15
14,15,5,19,11
14,15,5,20,13
14,15,5,21,17
14,15,5,22,11
14,15,5,23,12
14,15,5,24,10
14,15,5,25,14
14,15,5,26,9
14,15,5,27,8
14,15,5,28,6
14,15,5,29,8
14,15,5,30,10
14,15,5,31,8
14,15,5,32,15
14,15,5,33,49
14,15,5,34,49
14,15,5,35,49
14,15,5,36,46
14,15,5,37,11
14,15,5,38,9
14,15,5,39,10
14,15,5,40,12
14,15,5,41,7
14,15,5,42,24
14,15,5,43,7
14,15,5,44,38
14,15,5,45,37
14,15,5,46,38
14,15,5,47,34
14,15,5,48,34
14,15,5,49,9
14,15,5,50,35
14,15,5,51,39
14,15,5,52,11
14,15,5,53,61
14,15,5,54,69
14,15,5,55,42
14,15,5,56,12
14,15,5,57,63
14,15,5,58,0
14,15,5,59,48
14,15,5,60,105
14,15,5,61,5
14,15,5,62,23
14,15,5,63,20
14,15,5,64,53
14,15,5,65,0
14,15,5,66,6
14,15,5,67,17
14,15,5,68,2
14,15,5,69,98
14,15,5,70,104
14,15,5,71,61
14,15,5,72,15
14,15,5,73,51
14,15,5,74,81
14,15,5,75,54
14,15,5,76,1
14,15,5,77,0
14,15,5,78,3
14,15,5,79,59
14,15,5,80,34
14,15,5,81,36
14,15,5,82,35
14,15,5,83,1
14,15,5,84,0
14,15,5,85,0
14,15,5,86,0
14,15,5,87,0
14,15,5,88,49
14,15,5,89,0
14,15,5,90,0
14,15,5,91,85
14,15,5,92,18
14,15,5,93,93
14,15,5,94,13
14,15,5,95,13
14,15,5,96,93
14,15,5,97,49
14,15,5,98,91
14,15,5,99,14
14,15,5,100,92
14,15,5,101,91
14,15,5,102,36
14,15,5,103,15
14,15,5,104,38
14,15,5,105,7
14,15,5,106,80
14,15,5,107,81
14,15,5,108,83
14,15,5,109,10
14,15,5,110,80
14,15,5,111,9
14,15,5,112,45
14,15,5,113,79
14,15,5,114,78
14,15,5,115,8
14,15,5,116,36
14,15,5,117,36
14,15,5,118,0
14,15,5,119,36
14,15,5,120,72
14,15,5,121,78
14,15,5,122,71
14,15,5,123,66
14,15,5,124,42
14,15,5,125,44
14,15,5,126,69
14,15,5,127,5
14,15,5,128,5
14,15,5,129,5
14,15,5,130,4
14,15,5,131,67
14,15,5,132,34
14,15,5,133,50
14,15,5,134,64
14,15,5,135,44
14,15,5,136,70
14,15,5,137,60
14,15,5,138,64
14,15,5,139,61
14,15,5,140,55
14,15,5,141,35
14,15,5,142,42
14,15,5,143,23
14,15,5,144,6
14,15,5,145,66
14,15,5,146,21
14,15,5,147,0
14,15,5,148,22
14,15,5,149,40
14,15,5,150,44
14,15,5,151,0
14,15,5,152,56
14,15,5,153,36
14,15,5,154,57
14,15,5,155,41
14,15,5,156,39
14,15,5,157,0
14,15,5,158,27
14,15,5,159,55
14,15,5,160,5
14,15,5,161,28
14,15,5,162,54
14,15,5,163,21
14,15,5,164,17
14,15,5,165,18
14,15,5,166,16
14,15,5,167,16
14,15,5,168,17
14,15,5,169,21
14,15,5,170,33
14,15,5,171,19
14,15,5,172,17
14,15,5,173,23
14,15,5,174,19
14,15,5,175,44
14,15,5,176,38
14,15,5,177,32
14,15,5,178,13
14,15,5,179,34
14,15,5,180,40
14,15,5,181,40
14,15,5,182,18
14,15,5,183,37
14,15,5,184,14
14,15,5,185,36
14,15,5,186,34
14,15,5,187,10
14,15,5,188,8
14,15,5,189,24
14,15,5,190,19
14,15,5,191,30
14,15,5,192,24
14,15,5,193,31
14,15,5,194,30
14,15,5,195,10
14,15,5,196,10
14,15,5,197,6
14,15,5,198,9
14,15,5,199,11
14,15,5,200,9
14,15,5,201,9
14,15,5,202,6
14,15,5,203,23
14,15,5,204,5
14,15,5,205,3
14,15,5,206,18
14,15,5,207,5
14,15,5,208,5
14,15,5,209,3
14,15,5,210,0
14,15,5,211,2
14,15,5,212,1
14,15,5,213,0
14,15,5,214,4
14,15,5,215,3
14,15,5,216,14
14,15,5,217,13
14,15,5,218,14
14,15,5,219,12
14,15,5,220,6
14,15,5,221,12
14,15,5,222,4
14,15,5,223,8
14,15,5,224,8
14,15,5,225,4
14,15,5,226,3
14,15,5,227,3
14,15,5,228,2
14,15,5,229,1
14,15,5,230,0
14,15,5,231,2
14,15,5,232,1
14,15,5,233,0
14,15,5,234,0
14,15,5,235,1
14,15,6,0,0
14,15,6,1,0
14,15,6,2,0
14,15,6,3,0
14,15,6,4,0
14,15,6,5,2
14,15,6,6,1
14,15,6,7,1
14,15,6,8,0
14,15,6,9,0
14,15,6,10,0
14,15,6,11,2
14,15,6,12,1
14,15,6,13,0
14,15,6,14,4
14,15,6,15,4
14,15,6,16,0
14,15,6,17,13
14,15,6,18,8
14,15,6,19,10
14,15,6,20,7
14,15,6,21,6
14,15,6,22,11
14,15,6,23,13
14,15,6,24,10
14,15,6,25,12
14,15,6,26,10
14,15,6,27,12
14,15,6,28,16
14,15,6,29,13
14,15,6,30,10
14,15,6,31,39
14,15,6,32,78
14,15,6,33,9
14,15,6,34,34
14,15,6,35,58
14,15,6,36,16
14,15,6,37,14
14,15,6,38,35
14,15,6,39,11
14,15,6,40,56
14,15,6,41,88
14,15,6,42,38
14,15,6,43,6
14,15,6,44,59
14,15,6,45,130
14,15,6,46,41
14,15,6,47,38
14,15,6,48,36
14,15,6,49,87
14,15,6,50,33
14,15,6,51,82
14,15,6,52,59
14,15,6,53,55
14,15,6,54,21
14,15,6,55,120
14,15,6,56,82
14,15,6,57,104
14,15,6,58,28
14,15,6,59,16
14,15,6,60,112
14,15,6,61,13
14,15,6,62,48
14,15,6,63,47
14,15,6,64,42
14,15,6,65,96
14,15,6,66,31
14,15,6,67,17
14,15,6,68,103
14,15,6,69,52
14,15,6,70,13
14,15,6,71,12
14,15,6,72,9
14,15,6,73,11
14,15,6,74,62
14,15,6,75,74
14,15,6,76,46
14,15,6,77,38
14,15,6,78,19
14,15,6,79,72
14,15,6,80,75
14,15,6,81,26
14,15,6,82,44
14,15,6,83,44
14,15,6,84,20
14,15,6,85,58
14,15,6,86,41
14,15,6,87,45
14,15,6,88,39
14,15,6,89,68
14,15,6,90,69
14,15,6,91,6
14,15,6,92,35
14,15,6,93,91
14,15,6,94,34
14,15,6,95,86
14,15,6,96,33
14,15,6,97,18
14,15,6,98,21
14,15,6,99,17
14,15,6,100,13
14,15,6,101,11
14,15,6,102,19
14,15,6,103,16
14,15,6,104,14
14,15,6,105,13
14,15,6,106,22
14,15,6,107,78
14,15,6,108,15
14,15,6,109,64
14,15,6,110,7
14,15,6,111,62
14,15,6,112,23
14,15,6,113,76
14,15,6,114,3
14,15,6,115,4
14,15,6,116,4
14,15,6,117,3
14,15,6,118,73
14,15,6,119,47
14,15,6,120,15
14,15,6,121,68
14,15,6,122,0
14,15,6,123,50
14,15,6,124,22
14,15,6,125,59
14,15,6,126,68
14,15,6,127,57
14,15,6,128,54
14,15,6,129,49
14,15,6,130,67
14,15,6,131,48
14,15,6,132,66
14,15,6,133,4
14,15,6,134,48
14,15,6,135,57
14,15,6,136,1
14,15,6,137,0
14,15,6,138,0
14,15,6,139,16
14,15,6,140,16
14,15,6,141,0
14,15,6,142,12
14,15,6,143,44
14,15,6,144,44
14,15,6,145,11
14,15,6,146,57
14,15,6,147,0
14,15,6,148,7
14,15,6,149,59
14,15,6,150,0
14,15,6,151,8
14,15,6,152,11
14,15,6,153,56
14,15,6,154,51
14,15,6,155,15
14,15,6,156,48
14,15,6,157,33
14,15,6,158,46
14,15,6,159,6
14,15,6,160,19
14,15,6,161,18
14,15,6,162,6
14,15,6,163,36
14,15,6,164,36
14,15,6,165,47
14,15,6,166,42
14,15,6,167,47
14,15,6,168,6
14,15,6,169,6
14,15,6,170,44
14,15,6,171,42
14,15,6,172,5
14,15,6,173,38
14,15,6,174,35
14,15,6,175,22
14,15,6,176,24
14,15,6,177,25
14,15,6,178,23
14,15,6,179,33
14,15,6,180,32
14,15,6,181,21
14,15,6,182,33
14,15,6,183,19
14,15,6,184,31
14,15,6,185,33
14,15,6,186,5
14,15,6,187,30
14,15,6,188,3
14,15,6,189,31
14,15,6,190,29
14,15,6,191,26
14,15,6,192,25
14,15,6,193,24
14,15,6,194,21
14,15,6,195,23
14,15,6,196,13
14,15,6,197,4
14,15,6,198,21
14,15,6,199,10
14,15,6,200,8
14,15,6,201,19
14,15,6,202,6
14,15,6,203,5
14,15,6,204,3
14,15,6,205,2
14,15,6,206,16
14,15,6,207,15
14,15,6,208,11
14,15,6,209,13
14,15,6,210,5
14,15,6,211,2
14,15,6,212,2
14,15,6,213,13
14,15,6,214,0
14,15,6,215,9
14,15,6,216,10
14,15,6,217,7
14,15,6,218,0
14,15,6,219,7
14,15,6,220,5
14,15,6,221,5
14,15,6,222,4
14,15,6,223,3
14,15,6,224,4
14,15,6,225,2
14,15,6,226,1
14,15,6,227,0
14,15,6,228,0
14,15,6,229,0
14,15,6,230,2
14,15,6,231,1
14,15,7,0,0
14,15,7,1,0
14,15,7,2,0
14,15,7,3,0
14,15,7,4,0
14,15,7,5,0
14,15,7,6,3
14,15,7,7,3
14,15,7,8,0
14,15,7,9,0
14,15,7,10,3
14,15,7,11,2
14,15,7,12,4
14,15,7,13,3
14,15,7,14,3
14,15,7,15,1
14,15,7,16,6
14,15,7,17,5
14,15,7,18,5
14,15,7,19,4
14,15,7,20,10
14,15,7,21,11
14,15,7,22,8
14,15,7,23,13
14,15,7,24,11
14,15,7,25,10
14,15,7,26,11
14,15,7,27,9
14,15,7,28,9
14,15,7,29,10
14,15,7,30,13
14,15,7,31,30
14,15,7,32,11
14,15,7,33,72
14,15,7,34,9
14,15,7,35,53
14,15,7,36,54
14,15,7,37,49
14,15,7,38,47
14,15,7,39,13
14,15,7,40,133
14,15,7,41,25
14,15,7,42,26
14,15,7,43,25
14,15,7,44,21
14,15,7,45,54
14,15,7,46,16
14,15,7,47,54
14,15,7,48,8
14,15,7,49,34
14,15,7,50,19
14,15,7,51,20
14,15,7,52,5
14,15,7,53,105
14,15,7,54,70
14,15,7,55,106
14,15,7,56,32
14,15,7,57,34
14,15,7,58,33
14,15,7,59,12
14,15,7,60,30
14,15,7,61,70
14,15,7,62,13
14,15,7,63,11
14,15,7,64,117
14,15,7,65,109
14,15,7,66,35
14,15,7,67,0
14,15,7,68,113
14,15,7,69,16
14,15,7,70,107
14,15,7,71,39
14,15,7,72,37
14,15,7,73,19
14,15,7,74,17
14,15,7,75,54
14,15,7,76,0
14,15,7,77,92
14,15,7,78,104
14,15,7,79,40
14,15,7,80,43
14,15,7,81,0
14,15,7,82,107
14,15,7,83,40
14,15,7,84,43
14,15,7,85,38
14,15,7,86,46
14,15,7,87,0
14,15,7,88,86
14,15,7,89,4
14,15,7,90,97
14,15,7,91,78
14,15,7,92,26
14,15,7,93,25
14,15,7,94,8
14,15,7,95,12
14,15,7,96,82
14,15,7,97,24
14,15,7,98,11
14,15,7,99,63
14,15,7,100,38
14,15,7,101,7
14,15,7,102,23
14,15,7,103,89
14,15,7,104,0
14,15,7,105,7
14,15,7,106,78
14,15,7,107,6
14,15,7,108,5
14,15,7,109,83
14,15,7,110,5
14,15,7,111,42
14,15,7,112,7
14,15,7,113,42
14,15,7,114,68
14,15,7,115,64
14,15,7,116,5
14,15,7,117,54
14,15,7,118,7
14,15,7,119,17
14,15,7,120,5
14,15,7,121,64
14,15,7,122,26
14,15,7,123,21
14,15,7,124,20
14,15,7,125,64
14,15,7,126,4
14,15,7,127,23
14,15,7,128,64
14,15,7,129,20
14,15,7,130,18
14,15,7,131,13
14,15,7,132,20
14,15,7,133,20
14,15,7,134,18
14,15,7,135,18
14,15,7,136,16
14,15,7,137,56
14,15,7,138,19
14,15,7,139,13
14,15,7,140,11
14,15,7,141,11
14,15,7,142,9
14,15,7,143,9
14,15,7,144,8
14,15,7,145,9
14,15,7,146,0
14,15,7,147,10
14,15,7,148,6
14,15,7,149,6
14,15,7,150,6
14,15,7,151,5
14,15,7,152,3
14,15,7,153,4
14,15,7,154,2
14,15,7,155,1
14,15,7,156,0
14,15,7,157,2
14,15,7,158,5
14,15,7,159,1
14,15,7,160,0
14,15,7,161,0
14,15,7,162,3
14,15,7,163,44
14,15,7,164,1
14,15,7,165,0
14,15,7,166,37
14,15,7,167,0
14,15,7,168,46
14,15,7,169,5
14,15,7,170,3
14,15,7,171,3
14,15,7,172,0
14,15,7,173,2
14,15,7,174,2
14,15,7,175,0
14,15,7,176,38
14,15,7,177,5
14,15,7,178,3
14,15,7,179,34
14,15,7,180,40
14,15,7,181,1
14,15,7,182,0
14,15,7,183,0
14,15,7,184,36
14,15,7,185,36
14,15,7,186,35
14,15,7,187,36
14,15,7,188,35
14,15,7,189,34
14,15,7,190,3
14,15,7,191,29
14,15,7,192,25
14,15,7,193,28
14,15,7,194,30
14,15,7,195,25
14,15,7,196,26
14,15,7,197,13
14,15,7,198,24
14,15,7,199,23
14,15,7,200,22
14,15,7,201,20
14,15,7,202,19
14,15,7,203,18
14,15,7,204,17
14,15,7,205,14
14,15,7,206,19
14,15,7,207,19
14,15,7,208,17
14,15,7,209,14
14,15,7,210,17
14,15,7,211,15
14,15,7,212,16
14,15,7,213,14
14,15,7,214,13
14,15,7,215,3
14,15,7,216,11
14,15,7,217,11
14,15,7,218,12
14,15,7,219,10
14,15,7,220,11
14,15,7,221,3
14,15,7,222,5
14,15,7,223,7
14,15,7,224,9
14,15,7,225,5
14,15,7,226,6
14,15,7,227,6
14,15,7,228,3
14,15,7,229,0
14,15,7,230,0
14,15,7,231,0
14,15,7,232,3
14,15,7,233,0
14,15,7,234,0
14,15,7,235,3
14,15,7,236,1
14,15,7,237,0
14,15,7,238,0
14,15,7,239,0
14,15,7,240,1
14,15,8,0,0
14,15,8,1,0
14,15,8,2,0
14,15,8,3,0
14,15,8,4,0
14,15,8,5,0
14,15,8,6,3
14,15,8,7,2
14,15,8,8,1
14,15,8,9,0
14,15,8,10,1
14,15,8,11,0
14,15,8,12,0
14,15,8,13,12
14,15,8,14,8
14,15,8,15,9
14,15,8,16,4
14,15,8,17,1
14,15,8,18,0
14,15,8,19,16
14,15,8,20,17
14,15,8,21,11
14,15,8,22,11
14,15,8,23,14
14,15,8,24,12
14,15,8,25,11
14,15,8,26,11
14,15,8,27,13
14,15,8,28,11
14,15,8,29,10
14,15,8,30,57
14,15,8,31,10
14,15,8,32,55
14,15,8,33,8
14,15,8,34,7
14,15,8,35,73
14,15,8,36,9
14,15,8,37,16
14,15,8,38,9
14,15,8,39,74
14,15,8,40,33
14,15,8,41,74
14,15,8,42,54
14,15,8,43,27
14,15,8,44,24
14,15,8,45,50
14,15,8,46,111
14,15,8,47,53
14,15,8,48,53
14,15,8,49,101
14,15,8,50,52
14,15,8,51,15
14,15,8,52,50
14,15,8,53,7
14,15,8,54,24
14,15,8,55,22
14,15,8,56,36
14,15,8,57,20
14,15,8,58,21
14,15,8,59,20
14,15,8,60,12
14,15,8,61,22
14,15,8,62,28
14,15,8,63,27
14,15,8,64,111
14,15,8,65,24
14,15,8,66,105
14,15,8,67,20
14,15,8,68,30
14,15,8,69,58
14,15,8,70,16
14,15,8,71,109
14,15,8,72,15
14,15,8,73,13
14,15,8,74,17
14,15,8,75,101
14,15,8,76,13
14,15,8,77,12
14,15,8,78,12
14,15,8,79,10
14,15,8,80,10
14,15,8,81,8
14,15,8,82,75
14,15,8,83,3
14,15,8,84,23
14,15,8,85,73
14,15,8,86,19
14,15,8,87,70
14,15,8,88,14
14,15,8,89,19
14,15,8,90,14
14,15,8,91,12
14,15,8,92,39
14,15,8,93,43
14,15,8,94,0
14,15,8,95,0
14,15,8,96,0
14,15,8,97,81
14,15,8,98,0
14,15,8,99,12
14,15,8,100,11
14,15,8,101,41
14,15,8,102,10
14,15,8,103,84
14,15,8,104,77
14,15,8,105,3
14,15,8,106,21
14,15,8,107,36
14,15,8,108,17
14,15,8,109,79
14,15,8,110,17
14,15,8,111,39
14,15,8,112,79
14,15,8,113,80
14,15,8,114,9
14,15,8,115,12
14,15,8,116,0
14,15,8,117,55
14,15,8,118,0
14,15,8,119,69
14,15,8,120,18
14,15,8,121,75
14,15,8,122,77
14,15,8,123,71
14,15,8,124,31
14,15,8,125,49
14,15,8,126,71
14,15,8,127,19
14,15,8,128,24
14,15,8,129,6
14,15,8,130,30
14,15,8,131,64
14,15,8,132,62
14,15,8,133,57
14,15,8,134,63
14,15,8,135,62
14,15,8,136,42
14,15,8,137,63
14,15,8,138,66
14,15,8,139,68
14,15,8,140,68
14,15,8,141,37
14,15,8,142,60
14,15,8,143,61
14,15,8,144,63
14,15,8,145,35
14,15,8,146,34
14,15,8,147,50
14,15,8,148,44
14,15,8,149,30
14,15,8,150,45
14,15,8,151,7
14,15,8,152,7
14,15,8,153,60
14,15,8,154,53
14,15,8,155,32
14,15,8,156,48
14,15,8,157,13
14,15,8,158,32
14,15,8,159,28
14,15,8,160,14
14,15,8,161,29
14,15,8,162,23
14,15,8,163,37
14,15,8,164,33
14,15,8,165,31
14,15,8,166,29
14,15,8,167,24
14,15,8,168,14
14,15,8,169,22
14,15,8,170,26
14,15,8,171,31
14,15,8,172,22
14,15,8,173,24
14,15,8,174,22
14,15,8,175,0
14,15,8,176,28
14,15,8,177,28
14,15,8,178,26
14,15,8,179,25
14,15,8,180,6
14,15,8,181,24
14,15,8,182,24
14,15,8,183,27
14,15,8,184,23
14,15,8,185,22
14,15,8,186,20
14,15,8,187,18
14,15,8,188,17
14,15,8,189,19
14,15,8,190,18
14,15,8,191,18
14,15,8,192,0
14,15,8,193,16
14,15,8,194,12
14,15,8,195,16
14,15,8,196,14
14,15,8,197,16
14,15,8,198,0
14,15,8,199,14
14,15,8,200,12
14,15,8,201,9
14,15,8,202,9
14,15,8,203,12
14,15,8,204,10
14,15,8,205,9
14,15,8,206,20
14,15,8,207,6
14,15,8,208,16
14,15,8,209,16
14,15,8,210,13
14,15,8,211,13
14,15,8,212,1
14,15,8,213,0
14,15,8,214,11
14,15,8,215,4
14,15,8,216,11
14,15,8,217,5
14,15,8,218,10
14,15,8,219,8
14,15,8,220,8
14,15,8,221,8
14,15,8,222,6
14,15,8,223,0
14,15,8,224,5
14,15,8,225,3
14,15,8,226,3
14,15,8,227,2
14,15,8,228,2
14,15,8,229,1
14,15,9,0,0
14,15,9,1,0
14,15,9,2,0
14,15,9,3,0
14,15,9,4,0
14,15,9,5,1
14,15,9,6,0
14,15,9,7,2
14,15,9,8,1
14,15,9,9,0
14,15,9,10,3
14,15,9,11,2
14,15,9,12,1
14,15,9,13,0
14,15,9,14,9
14,15,9,15,13
14,15,9,16,7
14,15,9,17,16
14,15,9,18,11
14,15,9,19,9
14,15,9,20,5
14,15,9,21,13
14,15,9,22,6
14,15,9,23,11
14,15,9,24,9
14,15,9,25,14
14,15,9,26,12
14,15,9,27,10
14,15,9,28,37
14,15,9,29,30
14,15,9,30,9
14,15,9,31,12
14,15,9,32,73
14,15,9,33,30
14,15,9,34,10
14,15,9,35,8
14,15,9,36,7
14,15,9,37,25
14,15,9,38,10
14,15,9,39,7
14,15,9,40,45
14,15,9,41,116
14,15,9,42,24
14,15,9,43,8
14,15,9,44,8
14,15,9,45,50
14,15,9,46,41
14,15,9,47,45
14,15,9,48,9
14,15,9,49,19
14,15,9,50,81
14,15,9,51,19
14,15,9,52,18
14,15,9,53,37
14,15,9,54,36
14,15,9,55,0
14,15,9,56,38
14,15,9,57,34
14,15,9,58,38
14,15,9,59,16
14,15,9,60,35
14,15,9,61,103
14,15,9,62,69
14,15,9,63,39
14,15,9,64,25
14,15,9,65,25
14,15,9,66,10
14,15,9,67,36
14,15,9,68,8
14,15,9,69,48
14,15,9,70,11
14,15,9,71,11
14,15,9,72,20
14,15,9,73,56
14,15,9,74,87
14,15,9,75,104
14,15,9,76,35
14,15,9,77,24
14,15,9,78,63
14,15,9,79,63
14,15,9,80,4
14,15,9,81,61
14,15,9,82,30
14,15,9,83,46
14,15,9,84,9
14,15,9,85,7
14,15,9,86,9
14,15,9,87,8
14,15,9,88,5
14,15,9,89,3
14,15,9,90,42
14,15,9,91,94
14,15,9,92,3
14,15,9,93,4
14,15,9,94,91
14,15,9,95,5
14,15,9,96,3
14,15,9,97,6
14,15,9,98,2
14,15,9,99,16
14,15,9,100,0
14,15,9,101,27
14,15,9,102,14
14,15,9,103,1
14,15,9,104,0
14,15,9,105,2
14,15,9,106,14
14,15,9,107,43
14,15,9,108,37
14,15,9,109,39
14,15,9,110,36
14,15,9,111,37
14,15,9,112,37
14,15,9,113,34
14,15,9,114,46
14,15,9,115,4
14,15,9,116,6
14,15,9,117,1
14,15,9,118,1
14,15,9,119,68
14,15,9,120,0
14,15,9,121,35
14,15,9,122,31
14,15,9,123,0
14,15,9,124,69
14,15,9,125,3
14,15,9,126,2
14,15,9,127,69
14,15,9,128,41
14,15,9,129,0
14,15,9,130,26
14,15,9,131,65
14,15,9,132,43
14,15,9,133,63
14,15,9,134,40
14,15,9,135,38
14,15,9,136,0
14,15,9,137,69
14,15,9,138,19
14,15,9,139,69
14,15,9,140,19
14,15,9,141,35
14,15,9,142,18
14,15,9,143,0
14,15,9,144,15
14,15,9,145,17
14,15,9,146,1
14,15,9,147,0
14,15,9,148,11
14,15,9,149,56
14,15,9,150,0
14,15,9,151,58
14,15,9,152,26
14,15,9,153,40
14,15,9,154,54
14,15,9,155,55
14,15,9,156,38
14,15,9,157,54
14,15,9,158,52
14,15,9,159,26
14,15,9,160,25
14,15,9,161,25
14,15,9,162,49
14,15,9,163,47
14,15,9,164,51
14,15,9,165,45
14,15,9,166,23
14,15,9,167,49
14,15,9,168,24
14,15,9,169,16
14,15,9,170,22
14,15,9,171,15
14,15,9,172,22
14,15,9,173,0
14,15,9,174,45
14,15,9,175,20
14,15,9,176,16
14,15,9,177,13
14,15,9,178,41
14,15,9,179,43
14,15,9,180,18
14,15,9,181,42
14,15,9,182,11
14,15,9,183,8
14,15,9,184,8
14,15,9,185,13
14,15,9,186,6
14,15,9,187,12
14,15,9,188,11
14,15,9,189,24
14,15,9,190,4
14,15,9,191,22
14,15,9,192,0
14,15,9,193,0
14,15,9,194,0
14,15,9,195,25
14,15,9,196,25
14,15,9,197,28
14,15,9,198,29
14,15,9,199,28
14,15,9,200,17
14,15,9,201,23
14,15,9,202,25
14,15,9,203,18
14,15,9,204,26
14,15,9,205,22
14,15,9,206,24
14,15,9,207,23
14,15,9,208,22
14,15,9,209,19
14,15,9,210,13
14,15,9,211,17
14,15,9,212,19
14,15,9,213,14
14,15,9,214,16
14,15,9,215,13
14,15,9,216,12
14,15,9,217,12
14,15,9,218,9
14,15,9,219,12
14,15,9,220,9
14,15,9,221,10
14,15,9,222,8
14,15,9,223,7
14,15,9,224,6
14,15,9,225,6
14,15,9,226,6
14,15,9,227,5
14,15,9,228,4
14,15,9,229,3
14,15,9,230,3
14,15,9,231,3
14,15,9,232,3
14,15,9,233,0
14,15,9,234,2
14,15,9,235,1
14,15,9,236,1
14,15,9,237,0
14,15,9,238,0
14,15,9,239,1
14,15,10,0,0
14,15,10,1,0
14,15,10,2,0
14,15,10,3,0
14,15,10,4,0
14,15,10,5,0
14,15,10,6,0
14,15,10,7,0
14,15,10,8,4
14,15,10,9,3
14,15,10,10,0
14,15,10,11,5
14,15,10,12,4
14,15,10,13,1
14,15,10,14,0
14,15,10,15,9
14,15,10,16,9
14,15,10,17,8
14,15,10,18,6
14,15,10,19,5
14,15,10,20,13
14,15,10,21,37
14,15,10,22,34
14,15,10,23,61
14,15,10,24,19
14,15,10,25,18
14,15,10,26,16
14,15,10,27,31
14,15,10,28,16
14,15,10,29,13
14,15,10,30,10
14,15,10,31,10
14,15,10,32,14
14,15,10,33,13
14,15,10,34,11
14,15,10,35,12
14,15,10,36,11
14,15,10,37,13
14,15,10,38,8
14,15,10,39,9
14,15,10,40,9
14,15,10,41,7
14,15,10,42,8
14,15,10,43,46
14,15,10,44,35
14,15,10,45,50
14,15,10,46,26
14,15,10,47,20
14,15,10,48,40
14,15,10,49,108
14,15,10,50,48
14,15,10,51,23
14,15,10,52,26
14,15,10,53,28
14,15,10,54,24
14,15,10,55,15
14,15,10,56,26
14,15,10,57,8
14,15,10,58,43
14,15,10,59,15
14,15,10,60,38
14,15,10,61,26
14,15,10,62,37
14,15,10,63,32
14,15,10,64,32
14,15,10,65,87
14,15,10,66,72
14,15,10,67,111
14,15,10,68,77
14,15,10,69,25
14,15,10,70,22
14,15,10,71,33
14,15,10,72,89
14,15,10,73,36
14,15,10,74,77
14,15,10,75,16
14,15,10,76,39
14,15,10,77,14
14,15,10,78,11
14,15,10,79,32
14,15,10,80,30
14,15,10,81,30
14,15,10,82,30
14,15,10,83,29
14,15,10,84,3
14,15,10,85,30
14,15,10,86,29
14,15,10,87,27
14,15,10,88,94
14,15,10,89,27
14,15,10,90,6
14,15,10,91,25
14,15,10,92,0
14,15,10,93,22
14,15,10,94,74
14,15,10,95,19
14,15,10,96,22
14,15,10,97,22
14,15,10,98,3
14,15,10,99,20
14,15,10,100,19
14,15,10,101,57
14,15,10,102,20
14,15,10,103,34
14,15,10,104,0
14,15,10,105,29
14,15,10,106,27
14,15,10,107,0
14,15,10,108,27
14,15,10,109,13
14,15,10,110,12
14,15,10,111,89
14,15,10,112,23
14,15,10,113,24
14,15,10,114,5
14,15,10,115,6
14,15,10,116,27
14,15,10,117,2
14,15,10,118,21
14,15,10,119,77
14,15,10,120,3
14,15,10,121,3
14,15,10,122,2
14,15,10,123,5
14,15,10,124,3
14,15,10,125,3
14,15,10,126,66
14,15,10,127,71
14,15,10,128,71
14,15,10,129,0
14,15,10,130,0
14,15,10,131,54
14,15,10,132,2
14,15,10,133,7
14,15,10,134,0
14,15,10,135,62
14,15,10,136,0
14,15,10,137,65
14,15,10,138,46
14,15,10,139,45
14,15,10,140,62
14,15,10,141,34
14,15,10,142,67
14,15,10,143,5
14,15,10,144,4
14,15,10,145,41
14,15,10,146,44
14,15,10,147,56
14,15,10,148,52
14,15,10,149,51
14,15,10,150,52
14,15,10,151,45
14,15,10,152,47
14,15,10,153,5
14,15,10,154,53
14,15,10,155,19
14,15,10,156,0
14,15,10,157,50
14,15,10,158,7
14,15,10,159,6
14,15,10,160,53
14,15,10,161,19
14,15,10,162,47
14,15,10,163,46
14,15,10,164,46
14,15,10,165,1
14,15,10,166,3
14,15,10,167,39
14,15,10,168,41
14,15,10,169,1
14,15,10,170,0
14,15,10,171,0
14,15,10,172,0
14,15,10,173,37
14,15,10,174,35
14,15,10,175,34
14,15,10,176,44
14,15,10,177,37
14,15,10,178,34
14,15,10,179,15
14,15,10,180,31
14,15,10,181,30
14,15,10,182,30
14,15,10,183,30
14,15,10,184,22
14,15,10,185,32
14,15,10,186,12
14,15,10,187,32
14,15,10,188,25
14,15,10,189,27
14,15,10,190,31
14,15,10,191,30
14,15,10,192,29
14,15,10,193,27
14,15,10,194,27
14,15,10,195,30
14,15,10,196,4
14,15,10,197,26
14,15,10,198,22
14,15,10,199,22
14,15,10,200,24
14,15,10,201,24
14,15,10,202,21
14,15,10,203,0
14,15,10,204,21
14,15,10,205,22
14,15,10,206,22
14,15,10,207,22
14,15,10,208,21
14,15,10,209,19
14,15,10,210,20
14,15,10,211,19
14,15,10,212,17
14,15,10,213,18
14,15,10,214,15
14,15,10,215,12
14,15,10,216,13
14,15,10,217,12
14,15,10,218,11
14,15,10,219,13
14,15,10,220,9
14,15,10,221,10
14,15,10,222,9
14,15,10,223,9
14,15,10,224,8
14,15,10,225,5
14,15,10,226,6
14,15,10,227,5
14,15,10,228,1
14,15,10,229,0
14,15,10,230,4
14,15,10,231,3
14,15,10,232,2
14,15,10,233,0
14,15,10,234,2
14,15,10,235,1
14,15,11,0,0
14,15,11,1,0
14,15,11,2,0
14,15,11,3,0
14,15,11,4,0
14,15,11,5,0
14,15,11,6,1
14,15,11,7,0
14,15,11,8,2
14,15,11,9,1
14,15,11,10,0
14,15,11,11,0
14,15,11,12,4
14,15,11,13,9
14,15,11,14,0
14,15,11,15,11
14,15,11,16,14
14,15,11,17,11
14,15,11,18,10
14,15,11,19,9
14,15,11,20,23
14,15,11,21,23
14,15,11,22,43
14,15,11,23,18
14,15,11,24,18
14,15,11,25,16
14,15,11,26,34
14,15,11,27,12
14,15,11,28,16
14,15,11,29,33
14,15,11,30,11
14,15,11,31,13
14,15,11,32,11
14,15,11,33,13
14,15,11,34,11
14,15,11,35,95
14,15,11,36,112
14,15,11,37,8
14,15,11,38,8
14,15,11,39,31
14,15,11,40,43
14,15,11,41,59
14,15,11,42,30
14,15,11,43,14
14,15,11,44,28
14,15,11,45,83
14,15,11,46,23
14,15,11,47,31
14,15,11,48,14
14,15,11,49,26
14,15,11,50,12
14,15,11,51,72
14,15,11,52,16
14,15,11,53,11
14,15,11,54,16
14,15,11,55,13
14,15,11,56,56
14,15,11,57,56
14,15,11,58,79
14,15,11,59,58
14,15,11,60,55
14,15,11,61,114
14,15,11,62,118
14,15,11,63,83
14,15,11,64,91
14,15,11,65,112
14,15,11,66,86
14,15,11,67,29
14,15,11,68,0
14,15,11,69,12
14,15,11,70,0
14,15,11,71,24
14,15,11,72,44
14,15,11,73,11
14,15,11,74,13
14,15,11,75,13
14,15,11,76,2
14,15,11,77,98
14,15,11,78,14
14,15,11,79,97
14,15,11,80,10
14,15,11,81,7
14,15,11,82,31
14,15,11,83,100
14,15,11,84,97
14,15,11,85,42
14,15,11,86,96
14,15,11,87,2
14,15,11,88,39
14,15,11,89,35
14,15,11,90,37
14,15,11,91,18
14,15,11,92,76
14,15,11,93,18
14,15,11,94,32
14,15,11,95,2
14,15,11,96,94
14,15,11,97,58
14,15,11,98,89
14,15,11,99,84
14,15,11,100,50
14,15,11,101,36
14,15,11,102,87
14,15,11,103,41
14,15,11,104,27
14,15,11,105,84
14,15,11,106,81
14,15,11,107,80
14,15,11,108,79
14,15,11,109,0
14,15,11,110,31
14,15,11,111,9
14,15,11,112,27
14,15,11,113,11
14,15,11,114,27
14,15,11,115,73
14,15,11,116,75
14,15,11,117,76
14,15,11,118,72
14,15,11,119,70
14,15,11,120,11
14,15,11,121,73
14,15,11,122,50
14,15,11,123,66
14,15,11,124,14
14,15,11,125,36
14,15,11,126,28
14,15,11,127,19
14,15,11,128,68
14,15,11,129,39
14,15,11,130,6
14,15,11,131,24
14,15,11,132,34
14,15,11,133,63
14,15,11,134,10
14,15,11,135,64
14,15,11,136,65
14,15,11,137,70
14,15,11,138,58
14,15,11,139,7
14,15,11,140,10
14,15,11,141,12
14,15,11,142,56
14,15,11,143,9
14,15,11,144,8
14,15,11,145,59
14,15,11,146,2
14,15,11,147,25
14,15,11,148,7
14,15,11,149,24
14,15,11,150,22
14,15,11,151,5
14,15,11,152,6
14,15,11,153,25
14,15,11,154,23
14,15,11,155,1
14,15,11,156,0
14,15,11,157,32
14,15,11,158,23
14,15,11,159,4
14,15,11,160,19
14,15,11,161,18
14,15,11,162,5
14,15,11,163,45
14,15,11,164,45
14,15,11,165,41
14,15,11,166,42
14,15,11,167,18
14,15,11,168,10
14,15,11,169,28
14,15,11,170,9
14,15,11,171,40
14,15,11,172,16
14,15,11,173,36
14,15,11,174,13
14,15,11,175,13
14,15,11,176,35
14,15,11,177,7
14,15,11,178,17
14,15,11,179,31
14,15,11,180,14
14,15,11,181,14
14,15,11,182,27
14,15,11,183,1
14,15,11,184,0
14,15,11,185,25
14,15,11,186,5
14,15,11,187,22
14,15,11,188,10
14,15,11,189,19
14,15,11,190,22
14,15,11,191,24
14,15,11,192,1
14,15,11,193,0
14,15,11,194,25
14,15,11,195,23
14,15,11,196,23
14,15,11,197,19
14,15,11,198,13
14,15,11,199,20
14,15,11,200,3
14,15,11,201,16
14,15,11,202,12
14,15,11,203,16
14,15,11,204,11
14,15,11,205,8
14,15,11,206,15
14,15,11,207,13
14,15,11,208,10
14,15,11,209,5
14,15,11,210,5
14,15,11,211,2
14,15,11,212,4
14,15,11,213,11
14,15,11,214,0
14,15,11,215,3
14,15,11,216,0
14,15,11,217,2
14,15,11,218,1
14,15,11,219,0
14,15,11,220,0
14,15,11,221,6
14,15,11,222,5
14,15,11,223,3
14,15,11,224,2
14,15,11,225,1
14,15,11,226,0
14,15,11,227,0
14,15,11,228,0
14,15,11,229,1
14,15,11,230,0
14,15,11,231,0
14,15,11,232,0
14,15,11,233,0
14,15,11,234,0
14,15,11,235,2
14,15,11,236,1
14,15,12,0,0
14,15,12,1,0
14,15,12,2,0
14,15,12,3,0
14,15,12,4,0
14,15,12,5,3
14,15,12,6,2
14,15,12,7,2
14,15,12,8,2
14,15,12,9,1
14,15,12,10,0
14,15,12,11,1
14,15,12,12,0
14,15,12,13,0
14,15,12,14,4
14,15,12,15,4
14,15,12,16,10
14,15,12,17,10
14,15,12,18,9
14,15,12,19,11
14,15,12,20,9
14,15,12,21,11
14,15,12,22,7
14,15,12,23,4
14,15,12,24,9
14,15,12,25,12
14,15,12,26,7
14,15,12,27,13
14,15,12,28,13
14,15,12,29,8
14,15,12,30,31
14,15,12,31,39
14,15,12,32,9
14,15,12,33,35
14,15,12,34,11
14,15,12,35,7
14,15,12,36,11
14,15,12,37,30
14,15,12,38,30
14,15,12,39,30
14,15,12,40,29
14,15,12,41,28
14,15,12,42,10
14,15,12,43,51
14,15,12,44,34
14,15,12,45,29
14,15,12,46,125
14,15,12,47,18
14,15,12,48,27
14,15,12,49,26
14,15,12,50,51
14,15,12,51,97
14,15,12,52,20
14,15,12,53,21
14,15,12,54,22
14,15,12,55,18
14,15,12,56,18
14,15,12,57,26
14,15,12,58,27
14,15,12,59,85
14,15,12,60,47
14,15,12,61,54
14,15,12,62,21
14,15,12,63,22
14,15,12,64,0
14,15,12,65,3
14,15,12,66,26
14,15,12,67,114
14,15,12,68,88
14,15,12,69,64
14,15,12,70,19
14,15,12,71,15
14,15,12,72,23
14,15,12,73,48
14,15,12,74,13
14,15,12,75,21
14,15,12,76,59
14,15,12,77,21
14,15,12,78,18
14,15,12,79,18
14,15,12,80,42
14,15,12,81,20
14,15,12,82,17
14,15,12,83,73
14,15,12,84,15
14,15,12,85,96
14,15,12,86,10
14,15,12,87,57
14,15,12,88,15
14,15,12,89,58
14,15,12,90,56
14,15,12,91,60
14,15,12,92,18
14,15,12,93,62
14,15,12,94,20
14,15,12,95,17
14,15,12,96,23
14,15,12,97,9
14,15,12,98,14
14,15,12,99,15
14,15,12,100,12
14,15,12,101,59
14,15,12,102,57
14,15,12,103,85
14,15,12,104,17
14,15,12,105,35
14,15,12,106,39
14,15,12,107,42
14,15,12,108,49
14,15,12,109,46
14,15,12,110,2
14,15,12,111,37
14,15,12,112,28
14,15,12,113,6
14,15,12,114,0
14,15,12,115,1
14,15,12,116,0
14,15,12,117,32
14,15,12,118,38
14,15,12,119,45
14,15,12,120,51
14,15,12,121,19
14,15,12,122,17
14,15,12,123,14
14,15,12,124,7
14,15,12,125,72
14,15,12,126,68
14,15,12,127,16
14,15,12,128,40
14,15,12,129,7
14,15,12,130,58
14,15,12,131,40
14,15,12,132,43
14,15,12,133,30
14,15,12,134,63
14,15,12,135,22
14,15,12,136,20
14,15,12,137,45
14,15,12,138,15
14,15,12,139,56
14,15,12,140,43
14,15,12,141,13
14,15,12,142,22
14,15,12,143,0
14,15,12,144,61
14,15,12,145,42
14,15,12,146,12
14,15,12,147,13
14,15,12,148,0
14,15,12,149,51
14,15,12,150,59
14,15,12,151,30
14,15,12,152,9
14,15,12,153,38
14,15,12,154,37
14,15,12,155,3
14,15,12,156,2
14,15,12,157,50
14,15,12,158,0
14,15,12,159,49
14,15,12,160,1
14,15,12,161,46
14,15,12,162,43
14,15,12,163,40
14,15,12,164,39
14,15,12,165,4
14,15,12,166,38
14,15,12,167,16
14,15,12,168,33
14,15,12,169,35
14,15,12,170,40
14,15,12,171,8
14,15,12,172,41
14,15,12,173,41
14,15,12,174,4
14,15,12,175,37
14,15,12,176,25
14,15,12,177,8
14,15,12,178,1
14,15,12,179,0
14,15,12,180,0
14,15,12,181,7
14,15,12,182,0
14,15,12,183,22
14,15,12,184,0
14,15,12,185,21
14,15,12,186,36
14,15,12,187,35
14,15,12,188,30
14,15,12,189,0
14,15,12,190,28
14,15,12,191,14
14,15,12,192,28
14,15,12,193,26
14,15,12,194,26
14,15,12,195,28
14,15,12,196,25
14,15,12,197,26
14,15,12,198,9
14,15,12,199,23
14,15,12,200,22
14,15,12,201,23
14,15,12,202,18
14,15,12,203,21
14,15,12,204,21
14,15,12,205,20
14,15,12,206,18
14,15,12,207,20
14,15,12,208,16
14,15,12,209,13
14,15,12,210,15
14,15,12,211,15
14,15,12,212,2
14,15,12,213,14
14,15,12,214,12
14,15,12,215,13
14,15,12,216,11
14,15,12,217,10
14,15,12,218,11
14,15,12,219,9
14,15,12,220,7
14,15,12,221,5
14,15,12,222,6
14,15,12,223,4
14,15,12,224,5
14,15,12,225,5
14,15,12,226,0
14,15,12,227,4
14,15,12,228,3
14,15,12,229,3
14,15,12,230,2
14,15,12,231,1
14,20,1,0,0
14,20,1,1,0
14,20,1,2,0
14,20,1,3,0
14,20,1,4,0
14,20,1,5,0
14,20,1,6,2
14,20,1,7,1
14,20,1,8,0
14,20,1,9,1
14,20,1,10,1
14,20,1,11,0
14,20,1,12,0
14,20,1,13,3
14,20,1,14,1
14,20,1,15,0
14,20,1,16,22
14,20,1,17,22
14,20,1,18,21
14,20,1,19,14
14,20,1,20,13
14,20,1,21,12
14,20,1,22,14
14,20,1,23,15
14,20,1,24,15
14,20,1,25,16
14,20,1,26,9
14,20,1,27,17
14,20,1,28,14
14,20,1,29,13
14,20,1,30,10
14,20,1,31,41
14,20,1,32,14
14,20,1,33,11
14,20,1,34,73
14,20,1,35,8
14,20,1,36,144
14,20,1,37,112
14,20,1,38,156
14,20,1,39,138
14,20,1,40,37
14,20,1,41,153
14,20,1,42,151
14,20,1,43,110
14,20,1,44,115
14,20,1,45,107
14,20,1,46,109
14,20,1,47,106
14,20,1,48,106
14,20,1,49,103
14,20,1,50,97
14,20,1,51,98
14,20,1,52,126
14,20,1,53,89
14,20,1,54,42
14,20,1,55,150
14,20,1,56,147
14,20,1,57,101
14,20,1,58,37
14,20,1,59,140
14,20,1,60,142
14,20,1,61,129
14,20,1,62,139
14,20,1,63,139
14,20,1,64,89
14,20,1,65,123
14,20,1,66,81
14,20,1,67,133
14,20,1,68,139
14,20,1,69,85
14,20,1,70,138
14,20,1,71,92
14,20,1,72,122
14,20,1,73,82
14,20,1,74,50
14,20,1,75,130
14,20,1,76,121
14,20,1,77,50
14,20,1,78,54
14,20,1,79,119
14,20,1,80,80
14,20,1,81,119
14,20,1,82,81
14,20,1,83,83
14,20,1,84,12
14,20,1,85,120
14,20,1,86,75
14,20,1,87,117
14,20,1,88,119
14,20,1,89,49
14,20,1,90,120
14,20,1,91,47
14,20,1,92,123
14,20,1,93,118
14,20,1,94,123
14,20,1,95,13
14,20,1,96,14
14,20,1,97,118
14,20,1,98,54
14,20,1,99,19
14,20,1,100,104
14,20,1,101,102
14,20,1,102,115
14,20,1,103,118
14,20,1,104,114
14,20,1,105,110
14,20,1,106,111
14,20,1,107,111
14,20,1,108,109
14,20,1,109,110
14,20,1,110,112
14,20,1,111,107
14,20,1,112,97
14,20,1,113,23
14,20,1,114,108
14,20,1,115,46
14,20,1,116,97
14,20,1,117,32
14,20,1,118,99
14,20,1,119,96
14,20,1,120,99
14,20,1,121,98
14,20,1,122,58
14,20,1,123,96
14,20,1,124,99
14,20,1,125,93
14,20,1,126,92
14,20,1,127,103
14,20,1,128,96
14,20,1,129,93
14,20,1,130,95
14,20,1,131,94
14,20,1,132,97
14,20,1,133,87
14,20,1,134,91
14,20,1,135,91
14,20,1,136,92
14,20,1,137,86
14,20,1,138,24
14,20,1,139,87
14,20,1,140,92
14,20,1,141,84
14,20,1,142,85
14,20,1,143,45
14,20,1,144,80
14,20,1,145,35
14,20,1,146,83
14,20,1,147,33
14,20,1,148,77
14,20,1,149,85
14,20,1,150,85
14,20,1,151,83
14,20,1,152,84
14,20,1,153,81
14,20,1,154,83
14,20,1,155,79
14,20,1,156,85
14,20,1,157,31
14,20,1,158,77
14,20,1,159,77
14,20,1,160,81
14,20,1,161,44
14,20,1,162,79
14,20,1,163,78
14,20,1,164,79
14,20,1,165,77
14,20,1,166,73
14,20,1,167,71
14,20,1,168,70
14,20,1,169,66
14,20,1,170,66
14,20,1,171,68
14,20,1,172,45
14,20,1,173,42
14,20,1,174,34
14,20,1,175,71
14,20,1,176,29
14,20,1,177,46
14,20,1,178,30
14,20,1,179,68
14,20,1,180,26
14,20,1,181,63
14,20,1,182,30
14,20,1,183,65
14,20,1,184,62
14,20,1,185,61
14,20,1,186,59
14,20,1,187,54
14,20,1,188,55
14,20,1,189,46
14,20,1,190,57
14,20,1,191,53
14,20,1,192,56
14,20,1,193,54
14,20,1,194,55
14,20,1,195,19
14,20,1,196,46
14,20,1,197,50
14,20,1,198,30
14,20,1,199,56
14,20,1,200,52
14,20,1,201,47
14,20,1,202,52
14,20,1,203,51
14,20,1,204,36
14,20,1,205,36
14,20,1,206,35
14,20,1,207,36
14,20,1,208,44
14,20,1,209,38
14,20,1,210,41
14,20,1,211,37
14,20,1,212,39
14,20,1,213,36
14,20,1,214,33
14,20,1,215,40
14,20,1,216,35
14,20,1,217,33
14,20,1,218,29
14,20,1,219,32
14,20,1,220,35
14,20,1,221,31
14,20,1,222,30
14,20,1,223,35
14,20,1,224,33
14,20,1,225,35
14,20,1,226,32
14,20,1,227,34
14,20,1,228,35
14,20,1,229,32
14,20,1,230,28
14,20,1,231,26
14,20,1,232,27
14,20,1,233,25
14,20,1,234,16
14,20,1,235,22
14,20,1,236,23
14,20,1,237,16
14,20,1,238,24
14,20,1,239,23
14,20,1,240,21
14,20,1,241,20
14,20,1,242,14
14,20,1,243,18
14,20,1,244,19
14,20,1,245,18
14,20,1,246,15
14,20,1,247,18
14,20,1,248,16
14,20,1,249,14
14,20,1,250,13
14,20,1,251,14
14,20,1,252,13
14,20,1,253,12
14,20,1,254,10
14,20,1,255,12
14,20,1,256,11
14,20,1,257,10
14,20,1,258,12
14,20,1,259,11
14,20,1,260,12
14,20,1,261,10
14,20,1,262,8
14,20,1,263,9
14,20,1,264,9
14,20,1,265,6
14,20,1,266,7
14,20,1,267,8
14,20,1,268,8
14,20,1,269,6
14,20,1,270,8
14,20,1,271,7
14,20,1,272,7
14,20,1,273,5
14,20,1,274,6
14,20,1,275,7
14,20,1,276,6
14,20,1,277,7
14,20,1,278,6
14,20,1,279,7
14,20,1,280,6
14,20,1,281,5
14,20,1,282,3
14,20,1,283,5
14,20,1,284,3
14,20,1,285,4
14,20,1,286,4
14,20,1,287,3
14,20,1,288,2
14,20,1,289,1
14,20,2,0,0
14,20,2,1,0
14,20,2,2,0
14,20,2,3,0
14,20,2,4,0
14,20,2,5,2
14,20,2,6,1
14,20,2,7,0
14,20,2,8,2
14,20,2,9,1
14,20,2,10,0
14,20,2,11,0
14,20,2,12,9
14,20,2,13,1
14,20,2,14,0
14,20,2,15,13
14,20,2,16,13
14,20,2,17,12
14,20,2,18,18
14,20,2,19,18
14,20,2,20,20
14,20,2,21,21
14,20,2,22,22
14,20,2,23,20
14,20,2,24,19
14,20,2,25,30
14,20,2,26,18
14,20,2,27,18
14,20,2,28,15
14,20,2,29,14
14,20,2,30,70
14,20,2,31,66
14,20,2,32,160
14,20,2,33,71
14,20,2,34,64
14,20,2,35,62
14,20,2,36,13
14,20,2,37,88
14,20,2,38,8
14,20,2,39,153
14,20,2,40,146
14,20,2,41,160
14,20,2,42,98
14,20,2,43,115
14,20,2,44,150
14,20,2,45,152
14,20,2,46,152
14,20,2,47,30
14,20,2,48,140
14,20,2,49,92
14,20,2,50,145
14,20,2,51,107
14,20,2,52,106
14,20,2,53,88
14,20,2,54,141
14,20,2,55,139
14,20,2,56,86
14,20,2,57,139
14,20,2,58,138
14,20,2,59,139
14,20,2,60,140
14,20,2,61,143
14,20,2,62,141
14,20,2,63,133
14,20,2,64,90
14,20,2,65,140
14,20,2,66,133
14,20,2,67,138
14,20,2,68,137
14,20,2,69,139
14,20,2,70,42
14,20,2,71,135
14,20,2,72,135
14,20,2,73,25
14,20,2,74,133
14,20,2,75,100
14,20,2,76,26
14,20,2,77,134
14,20,2,78,131
14,20,2,79,124
14,20,2,80,126
14,20,2,81,132
14,20,2,82,129
14,20,2,83,132
14,20,2,84,88
14,20,2,85,117
14,20,2,86,122
14,20,2,87,109
14,20,2,88,97
14,20,2,89,124
14,20,2,90,118
14,20,2,91,57
14,20,2,92,123
14,20,2,93,124
14,20,2,94,121
14,20,2,95,90
14,20,2,96,110
14,20,2,97,24
14,20,2,98,117
14,20,2,99,116
14,20,2,100,95
14,20,2,101,114
14,20,2,102,115
14,20,2,103,119
14,20,2,104,119
14,20,2,105,23
14,20,2,106,108
14,20,2,107,89
14,20,2,108,109
14,20,2,109,109
14,20,2,110,99
14,20,2,111,114
14,20,2,112,110
14,20,2,113,90
14,20,2,114,110
14,20,2,115,28
14,20,2,116,106
14,20,2,117,100
14,20,2,118,101
14,20,2,119,100
14,20,2,120,92
14,20,2,121,91
14,20,2,122,81
14,20,2,123,102
14,20,2,124,99
14,20,2,125,88
14,20,2,126,85
14,20,2,127,42
14,20,2,128,81
14,20,2,129,101
14,20,2,130,95
14,20,2,131,20
14,20,2,132,74
14,20,2,133,73
14,20,2,134,76
14,20,2,135,29
14,20,2,136,43
14,20,2,137,90
14,20,2,138,90
14,20,2,139,101
14,20,2,140,94
14,20,2,141,89
14,20,2,142,92
14,20,2,143,90
14,20,2,144,88
14,20,2,145,84
14,20,2,146,89
14,20,2,147,87
14,20,2,148,80
14,20,2,149,80
14,20,2,150,83
14,20,2,151,81
14,20,2,152,83
14,20,2,153,82
14,20,2,154,78
14,20,2,155,76
14,20,2,156,80
14,20,2,157,74
14,20,2,158,75
14,20,2,159,77
14,20,2,160,78
14,20,2,161,75
14,20,2,162,44
14,20,2,163,74
14,20,2,164,75
14,20,2,165,77
14,20,2,166,74
14,20,2,167,73
14,20,2,168,71
14,20,2,169,71
14,20,2,170,74
14,20,2,171,69
14,20,2,172,72
14,20,2,173,72
14,20,2,174,19
14,20,2,175,65
14,20,2,176,65
14,20,2,177,66
14,20,2,178,65
14,20,2,179,61
14,20,2,180,62
14,20,2,181,59
14,20,2,182,61
14,20,2,183,59
14,20,2,184,44
14,20,2,185,40
14,20,2,186,42
14,20,2,187,60
14,20,2,188,40
14,20,2,189,57
14,20,2,190,57
14,20,2,191,38
14,20,2,192,18
14,20,2,193,55
14,20,2,194,56
14,20,2,195,53
14,20,2,196,54
14,20,2,197,53
14,20,2,198,54
14,20,2,199,54
14,20,2,200,53
14,20,2,201,50
14,20,2,202,45
14,20,2,203,40
14,20,2,204,46
14,20,2,205,50
14,20,2,206,47
14,20,2,207,47
14,20,2,208,44
14,20,2,209,42
14,20,2,210,40
14,20,2,211,40
14,20,2,212,43
14,20,2,213,43
14,20,2,214,38
14,20,2,215,38
14,20,2,216,40
14,20,2,217,37
14,20,2,218,34
14,20,2,219,33
14,20,2,220,20
14,20,2,221,22
14,20,2,222,35
14,20,2,223,17
14,20,2,224,37
14,20,2,225,39
14,20,2,226,38
14,20,2,227,30
14,20,2,228,13
14,20,2,229,32
14,20,2,230,31
14,20,2,231,27
14,20,2,232,22
14,20,2,233,31
14,20,2,234,24
14,20,2,235,27
14,20,2,236,28
14,20,2,237,26
14,20,2,238,25
14,20,2,239,25
14,20,2,240,26
14,20,2,241,26
14,20,2,242,25
14,20,2,243,21
14,20,2,244,21
14,20,2,245,24
14,20,2,246,23
14,20,2,247,22
14,20,2,248,22
14,20,2,249,21
14,20,2,250,19
14,20,2,251,19
14,20,2,252,18
14,20,2,253,19
14,20,2,254,16
14,20,2,255,16
14,20,2,256,18
14,20,2,257,17
14,20,2,258,16
14,20,2,259,18
14,20,2,260,15
14,20,2,261,15
14,20,2,262,13
14,20,2,263,13
14,20,2,264,12
14,20,2,265,11
14,20,2,266,13
14,20,2,267,12
14,20,2,268,11
14,20,2,269,10
14,20,2,270,9
14,20,2,271,9
14,20,2,272,9
14,20,2,273,8
14,20,2,274,8
14,20,2,275,9
14,20,2,276,8
14,20,2,277,7
14,20,2,278,5
14,20,2,279,6
14,20,2,280,4
14,20,2,281,4
14,20,2,282,5
14,20,2,283,0
14,20,2,284,5
14,20,2,285,4
14,20,2,286,3
14,20,2,287,2
14,20,2,288,1
14,20,3,0,0
14,20,3,1,0
14,20,3,2,0
14,20,3,3,0
14,20,3,4,0
14,20,3,5,2
14,20,3,6,1
14,20,3,7,0
14,20,3,8,0
14,20,3,9,3
14,20,3,10,0
14,20,3,11,0
14,20,3,12,0
14,20,3,13,0
14,20,3,14,15
14,20,3,15,11
14,20,3,16,22
14,20,3,17,10
14,20,3,18,18
14,20,3,19,22
14,20,3,20,15
14,20,3,21,12
14,20,3,22,11
14,20,3,23,20
14,20,3,24,19
14,20,3,25,48
14,20,3,26,19
14,20,3,27,17
14,20,3,28,20
14,20,3,29,17
14,20,3,30,43
14,20,3,31,44
14,20,3,32,67
14,20,3,33,61
14,20,3,34,64
14,20,3,35,61
14,20,3,36,110
14,20,3,37,57
14,20,3,38,148
14,20,3,39,25
14,20,3,40,164
14,20,3,41,158
14,20,3,42,150
14,20,3,43,85
14,20,3,44,139
14,20,3,45,146
14,20,3,46,153
14,20,3,47,144
14,20,3,48,154
14,20,3,49,52
14,20,3,50,147
14,20,3,51,51
14,20,3,52,146
14,20,3,53,17
14,20,3,54,25
14,20,3,55,146
14,20,3,56,101
14,20,3,57,137
14,20,3,58,142
14,20,3,59,138
14,20,3,60,137
14,20,3,61,141
14,20,3,62,42
14,20,3,63,133
14,20,3,64,22
14,20,3,65,134
14,20,3,66,141
14,20,3,67,115
14,20,3,68,142
14,20,3,69,142
14,20,3,70,107
14,20,3,71,128
14,20,3,72,20
14,20,3,73,135
14,20,3,74,132
14,20,3,75,136
14,20,3,76,20
14,20,3,77,17
14,20,3,78,103
14,20,3,79,125
14,20,3,80,122
14,20,3,81,120
14,20,3,82,118
14,20,3,83,100
14,20,3,84,45
14,20,3,85,117
14,20,3,86,43
14,20,3,87,120
14,20,3,88,110
14,20,3,89,122
14,20,3,90,121
14,20,3,91,114
14,20,3,92,119
14,20,3,93,119
14,20,3,94,77
14,20,3,95,117
14,20,3,96,75
14,20,3,97,125
14,20,3,98,121
14,20,3,99,63
14,20,3,100,112
14,20,3,101,115
14,20,3,102,114
14,20,3,103,107
14,20,3,104,111
14,20,3,105,118
14,20,3,106,51
14,20,3,107,106
14,20,3,108,116
14,20,3,109,111
14,20,3,110,110
14,20,3,111,109
14,20,3,112,41
14,20,3,113,109
14,20,3,114,96
14,20,3,115,99
14,20,3,116,100
14,20,3,117,104
14,20,3,118,101
14,20,3,119,97
14,20,3,120,98
14,20,3,121,70
14,20,3,122,95
14,20,3,123,105
14,20,3,124,108
14,20,3,125,17
14,20,3,126,96
14,20,3,127,93
14,20,3,128,91
14,20,3,129,92
14,20,3,130,89
14,20,3,131,83
14,20,3,132,93
14,20,3,133,84
14,20,3,134,55
14,20,3,135,93
14,20,3,136,90
14,20,3,137,86
14,20,3,138,89
14,20,3,139,82
14,20,3,140,56
14,20,3,141,87
14,20,3,142,85
14,20,3,143,84
14,20,3,144,89
14,20,3,145,89
14,20,3,146,86
14,20,3,147,79
14,20,3,148,44
14,20,3,149,75
14,20,3,150,74
14,20,3,151,77
14,20,3,152,81
14,20,3,153,82
14,20,3,154,75
14,20,3,155,77
14,20,3,156,72
14,20,3,157,74
14,20,3,158,76
14,20,3,159,74
14,20,3,160,43
14,20,3,161,75
14,20,3,162,75
14,20,3,163,68
14,20,3,164,67
14,20,3,165,64
14,20,3,166,66
14,20,3,167,67
14,20,3,168,66
14,20,3,169,67
14,20,3,170,25
14,20,3,171,21
14,20,3,172,65
14,20,3,173,39
14,20,3,174,54
14,20,3,175,60
14,20,3,176,33
14,20,3,177,56
14,20,3,178,64
14,20,3,179,60
14,20,3,180,48
14,20,3,181,61
14,20,3,182,61
14,20,3,183,59
14,20,3,184,42
14,20,3,185,44
14,20,3,186,64
14,20,3,187,60
14,20,3,188,58
14,20,3,189,55
14,20,3,190,58
14,20,3,191,52
14,20,3,192,51
14,20,3,193,54
14,20,3,194,49
14,20,3,195,51
14,20,3,196,44
14,20,3,197,55
14,20,3,198,48
14,20,3,199,52
14,20,3,200,50
14,20,3,201,39
14,20,3,202,37
14,20,3,203,46
14,20,3,204,44
14,20,3,205,48
14,20,3,206,45
14,20,3,207,49
14,20,3,208,43
14,20,3,209,45
14,20,3,210,44
14,20,3,211,36
14,20,3,212,39
14,20,3,213,41
14,20,3,214,36
14,20,3,215,37
14,20,3,216,39
14,20,3,217,40
14,20,3,218,38
14,20,3,219,38
14,20,3,220,38
14,20,3,221,34
14,20,3,222,31
14,20,3,223,32
14,20,3,224,30
14,20,3,225,30
14,20,3,226,30
14,20,3,227,34
14,20,3,228,31
14,20,3,229,31
14,20,3,230,30
14,20,3,231,27
14,20,3,232,26
14,20,3,233,26
14,20,3,234,21
14,20,3,235,24
14,20,3,236,21
14,20,3,237,22
14,20,3,238,22
14,20,3,239,18
14,20,3,240,17
14,20,3,241,21
14,20,3,242,23
14,20,3,243,18
14,20,3,244,20
14,20,3,245,18
14,20,3,246,18
14,20,3,247,17
14,20,3,248,16
14,20,3,249,14
14,20,3,250,17
14,20,3,251,15
14,20,3,252,15
14,20,3,253,15
14,20,3,254,12
14,20,3,255,15
14,20,3,256,15
14,20,3,257,13
14,20,3,258,11
14,20,3,259,13
14,20,3,260,10
14,20,3,261,10
14,20,3,262,8
14,20,3,263,9
14,20,3,264,9
14,20,3,265,9
14,20,3,266,11
14,20,3,267,10
14,20,3,268,5
14,20,3,269,8
14,20,3,270,6
14,20,3,271,8
14,20,3,272,4
14,20,3,273,6
14,20,3,274,7
14,20,3,275,5
14,20,3,276,5
14,20,3,277,5
14,20,3,278,5
14,20,3,279,6
14,20,3,280,5
14,20,3,281,6
14,20,3,282,5
14,20,3,283,4
14,20,3,284,6
14,20,3,285,4
14,20,3,286,3
14,20,3,287,3
14,20,3,288,0
14,20,3,289,2
14,20,3,290,1
14,20,4,0,0
14,20,4,1,0
14,20,4,2,0
14,20,4,3,0
14,20,4,4,0
14,20,4,5,1
14,20,4,6,0
14,20,4,7,0
14,20,4,8,2
14,20,4,9,0
14,20,4,10,0
14,20,4,11,0
14,20,4,12,6
14,20,4,13,17
14,20,4,14,27
14,20,4,15,23
14,20,4,16,14
14,20,4,17,12
14,20,4,18,16
14,20,4,19,13
14,20,4,20,15
14,20,4,21,21
14,20,4,22,19
14,20,4,23,53
14,20,4,24,45
14,20,4,25,72
14,20,4,26,17
14,20,4,27,67
14,20,4,28,71
14,20,4,29,64
14,20,4,30,147
14,20,4,31,60
14,20,4,32,13
14,20,4,33,97
14,20,4,34,89
14,20,4,35,66
14,20,4,36,89
14,20,4,37,67
14,20,4,38,66
14,20,4,39,38
14,20,4,40,55
14,20,4,41,15
14,20,4,42,88
14,20,4,43,56
14,20,4,44,54
14,20,4,45,147
14,20,4,46,84
14,20,4,47,91
14,20,4,48,59
14,20,4,49,22
14,20,4,50,24
14,20,4,51,14
14,20,4,52,59
14,20,4,53,55
14,20,4,54,58
14,20,4,55,53
14,20,4,56,58
14,20,4,57,120
14,20,4,58,40
14,20,4,59,142
14,20,4,60,135
14,20,4,61,129
14,20,4,62,42
14,20,4,63,129
14,20,4,64,52
14,20,4,65,135
14,20,4,66,60
14,20,4,67,135
14,20,4,68,140
14,20,4,69,135
14,20,4,70,131
14,20,4,71,129
14,20,4,72,131
14,20,4,73,130
14,20,4,74,130
14,20,4,75,46
14,20,4,76,48
14,20,4,77,122
14,20,4,78,135
14,20,4,79,131
14,20,4,80,128
14,20,4,81,126
14,20,4,82,126
14,20,4,83,130
14,20,4,84,128
14,20,4,85,126
14,20,4,86,122
14,20,4,87,118
14,20,4,88,77
14,20,4,89,126
14,20,4,90,120
14,20,4,91,122
14,20,4,92,30
14,20,4,93,30
14,20,4,94,78
14,20,4,95,74
14,20,4,96,75
14,20,4,97,69
14,20,4,98,112
14,20,4,99,111
14,20,4,100,38
14,20,4,101,63
14,20,4,102,114
14,20,4,103,119
14,20,4,104,112
14,20,4,105,111
14,20,4,106,110
14,20,4,107,112
14,20,4,108,46
14,20,4,109,113
14,20,4,110,109
14,20,4,111,66
14,20,4,112,66
14,20,4,113,105
14,20,4,114,106
14,20,4,115,107
14,20,4,116,100
14,20,4,117,44
14,20,4,118,21
14,20,4,119,110
14,20,4,120,61
14,20,4,121,41
14,20,4,122,38
14,20,4,123,105
14,20,4,124,102
14,20,4,125,60
14,20,4,126,103
14,20,4,127,19
14,20,4,128,96
14,20,4,129,18
14,20,4,130,14
14,20,4,131,12
14,20,4,132,91
14,20,4,133,35
14,20,4,134,89
14,20,4,135,90
14,20,4,136,88
14,20,4,137,90
14,20,4,138,91
14,20,4,139,76
14,20,4,140,36
14,20,4,141,32
14,20,4,142,83
14,20,4,143,83
14,20,4,144,85
14,20,4,145,87
14,20,4,146,77
14,20,4,147,81
14,20,4,148,28
14,20,4,149,76
14,20,4,150,29
14,20,4,151,77
14,20,4,152,79
14,20,4,153,27
14,20,4,154,79
14,20,4,155,77
14,20,4,156,76
14,20,4,157,81
14,20,4,158,79
14,20,4,159,19
14,20,4,160,76
14,20,4,161,73
14,20,4,162,78
14,20,4,163,74
14,20,4,164,70
14,20,4,165,68
14,20,4,166,74
14,20,4,167,72
14,20,4,168,29
14,20,4,169,73
14,20,4,170,71
14,20,4,171,22
14,20,4,172,64
14,20,4,173,65
14,20,4,174,68
14,20,4,175,66
14,20,4,176,24
14,20,4,177,64
14,20,4,178,26
14,20,4,179,68
14,20,4,180,61
14,20,4,181,26
14,20,4,182,63
14,20,4,183,16
14,20,4,184,26
14,20,4,185,46
14,20,4,186,59
14,20,4,187,61
14,20,4,188,58
14,20,4,189,20
14,20,4,190,59
14,20,4,191,57
14,20,4,192,51
14,20,4,193,57
14,20,4,194,53
14,20,4,195,51
14,20,4,196,53
14,20,4,197,51
14,20,4,198,22
14,20,4,199,53
14,20,4,200,49
14,20,4,201,42
14,20,4,202,44
14,20,4,203,48
14,20,4,204,45
14,20,4,205,44
14,20,4,206,46
14,20,4,207,44
14,20,4,208,42
14,20,4,209,42
14,20,4,210,47
14,20,4,211,44
14,20,4,212,42
14,20,4,213,16
14,20,4,214,37
14,20,4,215,37
14,20,4,216,34
14,20,4,217,38
14,20,4,218,41
14,20,4,219,42
14,20,4,220,38
14,20,4,221,35
14,20,4,222,38
14,20,4,223,38
14,20,4,224,36
14,20,4,225,38
14,20,4,226,33
14,20,4,227,30
14,20,4,228,37
14,20,4,229,38
14,20,4,230,33
14,20,4,231,30
14,20,4,232,31
14,20,4,233,31
14,20,4,234,31
14,20,4,235,16
14,20,4,236,29
14,20,4,237,27
14,20,4,238,14
14,20,4,239,27
14,20,4,240,31
14,20,4,241,25
14,20,4,242,26
14,20,4,243,25
14,20,4,244,25
14,20,4,245,25
14,20,4,246,24
14,20,4,247,25
14,20,4,248,23
14,20,4,249,18
14,20,4,250,19
14,20,4,251,19
14,20,4,252,19
14,20,4,253,17
14,20,4,254,19
14,20,4,255,21
14,20,4,256,17
14,20,4,257,16
14,20,4,258,17
14,20,4,259,7
14,20,4,260,16
14,20,4,261,16
14,20,4,262,14
14,20,4,263,12
14,20,4,264,14
14,20,4,265,14
14,20,4,266,10
14,20,4,267,12
14,20,4,268,10
14,20,4,269,10
14,20,4,270,8
14,20,4,271,8
14,20,4,272,9
14,20,4,273,8
14,20,4,274,7
14,20,4,275,7
14,20,4,276,6
14,20,4,277,6
14,20,4,278,5
14,20,4,279,8
14,20,4,280,6
14,20,4,281,4
14,20,4,282,6
14,20,4,283,4
14,20,4,284,4
14,20,4,285,4
14,20,4,286,3
14,20,4,287,2
14,20,4,288,1
14,20,5,0,0
14,20,5,1,0
14,20,5,2,0
14,20,5,3,0
14,20,5,4,0
14,20,5,5,0
14,20,5,6,0
14,20,5,7,5
14,20,5,8,0
14,20,5,9,4
14,20,5,10,3
14,20,5,11,9
14,20,5,12,1
14,20,5,13,0
14,20,5,14,15
14,20,5,15,14
14,20,5,16,14
14,20,5,17,16
14,20,5,18,17
14,20,5,19,21
14,20,5,20,19
14,20,5,21,35
14,20,5,22,24
14,20,5,23,18
14,20,5,24,46
14,20,5,25,18
14,20,5,26,101
14,20,5,27,73
14,20,5,28,38
14,20,5,29,42
14,20,5,30,20
14,20,5,31,20
14,20,5,32,15
14,20,5,33,18
14,20,5,34,16
14,20,5,35,167
14,20,5,36,69
14,20,5,37,61
14,20,5,38,12
14,20,5,39,13
14,20,5,40,17
14,20,5,41,68
14,20,5,42,65
14,20,5,43,137
14,20,5,44,144
14,20,5,45,148
14,20,5,46,158
14,20,5,47,153
14,20,5,48,105
14,20,5,49,49
14,20,5,50,60
14,20,5,51,20
14,20,5,52,142
14,20,5,53,89
14,20,5,54,56
14,20,5,55,149
14,20,5,56,138
14,20,5,57,149
14,20,5,58,54
14,20,5,59,143
14,20,5,60,140
14,20,5,61,138
14,20,5,62,136
14,20,5,63,141
14,20,5,64,131
14,20,5,65,124
14,20,5,66,127
14,20,5,67,132
14,20,5,68,56
14,20,5,69,135
14,20,5,70,126
14,20,5,71,58
14,20,5,72,135
14,20,5,73,140
14,20,5,74,76
14,20,5,75,135
14,20,5,76,115
14,20,5,77,135
14,20,5,78,134
14,20,5,79,51
14,20,5,80,12
14,20,5,81,124
14,20,5,82,122
14,20,5,83,122
14,20,5,84,128
14,20,5,85,130
14,20,5,86,126
14,20,5,87,128
14,20,5,88,131
14,20,5,89,119
14,20,5,90,125
14,20,5,91,119
14,20,5,92,73
14,20,5,93,120
14,20,5,94,121
14,20,5,95,116
14,20,5,96,117
14,20,5,97,44
14,20,5,98,113
14,20,5,99,114
14,20,5,100,80
14,20,5,101,114
14,20,5,102,79
14,20,5,103,115
14,20,5,104,46
14,20,5,105,111
14,20,5,106,115
14,20,5,107,119
14,20,5,108,114
14,20,5,109,109
14,20,5,110,112
14,20,5,111,79
14,20,5,112,25
14,20,5,113,81
14,20,5,114,106
14,20,5,115,111
14,20,5,116,85
14,20,5,117,108
14,20,5,118,101
14,20,5,119,114
14,20,5,120,107
14,20,5,121,105
14,20,5,122,98
14,20,5,123,100
14,20,5,124,101
14,20,5,125,94
14,20,5,126,93
14,20,5,127,94
14,20,5,128,91
14,20,5,129,97
14,20,5,130,83
14,20,5,131,101
14,20,5,132,43
14,20,5,133,85
14,20,5,134,83
14,20,5,135,76
14,20,5,136,89
14,20,5,137,75
14,20,5,138,67
14,20,5,139,94
14,20,5,140,77
14,20,5,141,68
14,20,5,142,83
14,20,5,143,83
14,20,5,144,33
14,20,5,145,33
14,20,5,146,67
14,20,5,147,80
14,20,5,148,78
14,20,5,149,21
14,20,5,150,65
14,20,5,151,70
14,20,5,152,76
14,20,5,153,81
14,20,5,154,72
14,20,5,155,71
14,20,5,156,74
14,20,5,157,73
14,20,5,158,70
14,20,5,159,75
14,20,5,160,74
14,20,5,161,73
14,20,5,162,19
14,20,5,163,73
14,20,5,164,76
14,20,5,165,77
14,20,5,166,72
14,20,5,167,69
14,20,5,168,68
14,20,5,169,65
14,20,5,170,64
14,20,5,171,66
14,20,5,172,64
14,20,5,173,11
14,20,5,174,61
14,20,5,175,64
14,20,5,176,66
14,20,5,177,63
14,20,5,178,64
14,20,5,179,51
14,20,5,180,60
14,20,5,181,61
14,20,5,182,59
14,20,5,183,57
14,20,5,184,53
14,20,5,185,57
14,20,5,186,53
14,20,5,187,55
14,20,5,188,48
14,20,5,189,53
14,20,5,190,56
14,20,5,191,55
14,20,5,192,55
14,20,5,193,56
14,20,5,194,51
14,20,5,195,40
14,20,5,196,48
14,20,5,197,47
14,20,5,198,49
14,20,5,199,52
14,20,5,200,53
14,20,5,201,48
14,20,5,202,51
14,20,5,203,44
14,20,5,204,49
14,20,5,205,47
14,20,5,206,45
14,20,5,207,43
14,20,5,208,37
14,20,5,209,43
14,20,5,210,40
14,20,5,211,41
14,20,5,212,39
14,20,5,213,36
14,20,5,214,38
14,20,5,215,39
14,20,5,216,43
14,20,5,217,38
14,20,5,218,40
14,20,5,219,40
14,20,5,220,38
14,20,5,221,39
14,20,5,222,32
14,20,5,223,31
14,20,5,224,32
14,20,5,225,35
14,20,5,226,32
14,20,5,227,33
14,20,5,228,31
14,20,5,229,31
14,20,5,230,35
14,20,5,231,31
14,20,5,232,28
14,20,5,233,28
14,20,5,234,28
14,20,5,235,16
14,20,5,236,27
14,20,5,237,28
14,20,5,238,25
14,20,5,239,25
14,20,5,240,22
14,20,5,241,22
14,20,5,242,22
14,20,5,243,24
14,20,5,244,21
14,20,5,245,12
14,20,5,246,17
14,20,5,247,15
14,20,5,248,19
14,20,5,249,18
14,20,5,250,17
14,20,5,251,15
14,20,5,252,15
14,20,5,253,15
14,20,5,254,10
14,20,5,255,11
14,20,5,256,12
14,20,5,257,11
14,20,5,258,14
14,20,5,259,13
14,20,5,260,11
14,20,5,261,11
14,20,5,262,10
14,20,5,263,13
14,20,5,264,14
14,20,5,265,14
14,20,5,266,11
14,20,5,267,12
14,20,5,268,12
14,20,5,269,10
14,20,5,270,10
14,20,5,271,10
14,20,5,272,8
14,20,5,273,8
14,20,5,274,6
14,20,5,275,7
14,20,5,276,8
14,20,5,277,6
14,20,5,278,8
14,20,5,279,6
14,20,5,280,7
14,20,5,281,4
14,20,5,282,5
14,20,5,283,5
14,20,5,284,4
14,20,5,285,1
14,20,5,286,0
14,20,5,287,0
14,20,5,288,1
14,20,5,289,0
14,20,5,290,0
14,20,5,291,0
14,20,5,292,0
14,20,5,293,1
14,20,6,0,0
14,20,6,1,0
14,20,6,2,0
14,20,6,3,0
14,20,6,4,0
14,20,6,5,0
14,20,6,6,4
14,20,6,7,0
14,20,6,8,2
14,20,6,9,0
14,20,6,10,16
14,20,6,11,7
14,20,6,12,13
14,20,6,13,20
14,20,6,14,16
14,20,6,15,21
14,20,6,16,8
14,20,6,17,20
14,20,6,18,21
14,20,6,19,16
14,20,6,20,13
14,20,6,21,14
14,20,6,22,11
14,20,6,23,17
14,20,6,24,16
14,20,6,25,10
14,20,6,26,13
14,20,6,27,85
14,20,6,28,12
14,20,6,29,14
14,20,6,30,11
14,20,6,31,36
14,20,6,32,13
14,20,6,33,10
14,20,6,34,62
14,20,6,35,40
14,20,6,36,108
14,20,6,37,151
14,20,6,38,116
14,20,6,39,112
14,20,6,40,151
14,20,6,41,121
14,20,6,42,114
14,20,6,43,120
14,20,6,44,20
14,20,6,45,115
14,20,6,46,116
14,20,6,47,17
14,20,6,48,145
14,20,6,49,57
14,20,6,50,148
14,20,6,51,118
14,20,6,52,75
14,20,6,53,63
14,20,6,54,107
14,20,6,55,72
14,20,6,56,140
14,20,6,57,142
14,20,6,58,134
14,20,6,59,134
14,20,6,60,74
14,20,6,61,54
14,20,6,62,73
14,20,6,63,127
14,20,6,64,132
14,20,6,65,65
14,20,6,66,59
14,20,6,67,58
14,20,6,68,79
14,20,6,69,53
14,20,6,70,55
14,20,6,71,77
14,20,6,72,55
14,20,6,73,137
14,20,6,74,68
14,20,6,75,17
14,20,6,76,52
14,20,6,77,129
14,20,6,78,60
14,20,6,79,132
14,20,6,80,129
14,20,6,81,123
14,20,6,82,24
14,20,6,83,106
14,20,6,84,127
14,20,6,85,126
14,20,6,86,70
14,20,6,87,102
14,20,6,88,12
14,20,6,89,124
14,20,6,90,119
14,20,6,91,96
14,20,6,92,113
14,20,6,93,89
14,20,6,94,117
14,20,6,95,114
14,20,6,96,112
14,20,6,97,56
14,20,6,98,120
14,20,6,99,108
14,20,6,100,66
14,20,6,101,62
14,20,6,102,60
14,20,6,103,43
14,20,6,104,50
14,20,6,105,115
14,20,6,106,98
14,20,6,107,66
14,20,6,108,66
14,20,6,109,21
14,20,6,110,19
14,20,6,111,48
14,20,6,112,42
14,20,6,113,94
14,20,6,114,101
14,20,6,115,92
14,20,6,116,102
14,20,6,117,103
14,20,6,118,98
14,20,6,119,17
14,20,6,120,60
14,20,6,121,49
14,20,6,122,55
14,20,6,123,105
14,20,6,124,102
14,20,6,125,48
14,20,6,126,100
14,20,6,127,57
14,20,6,128,95
14,20,6,129,45
14,20,6,130,89
14,20,6,131,87
14,20,6,132,61
14,20,6,133,59
14,20,6,134,94
14,20,6,135,60
14,20,6,136,93
14,20,6,137,88
14,20,6,138,29
14,20,6,139,63
14,20,6,140,93
14,20,6,141,85
14,20,6,142,82
14,20,6,143,62
14,20,6,144,83
14,20,6,145,84
14,20,6,146,80
14,20,6,147,86
14,20,6,148,74
14,20,6,149,81
14,20,6,150,82
14,20,6,151,78
14,20,6,152,75
14,20,6,153,90
14,20,6,154,80
14,20,6,155,55
14,20,6,156,73
14,20,6,157,77
14,20,6,158,74
14,20,6,159,77
14,20,6,160,73
14,20,6,161,75
14,20,6,162,72
14,20,6,163,72
14,20,6,164,62
14,20,6,165,73
14,20,6,166,72
14,20,6,167,66
14,20,6,168,66
14,20,6,169,42
14,20,6,170,67
14,20,6,171,61
14,20,6,172,60
14,20,6,173,60
14,20,6,174,61
14,20,6,175,64
14,20,6,176,62
14,20,6,177,58
14,20,6,178,58
14,20,6,179,66
14,20,6,180,57
14,20,6,181,63
14,20,6,182,60
14,20,6,183,41
14,20,6,184,40
14,20,6,185,61
14,20,6,186,57
14,20,6,187,57
14,20,6,188,57
14,20,6,189,57
14,20,6,190,57
14,20,6,191,54
14,20,6,192,56
14,20,6,193,50
14,20,6,194,51
14,20,6,195,53
14,20,6,196,50
14,20,6,197,51
14,20,6,198,45
14,20,6,199,43
14,20,6,200,48
14,20,6,201,42
14,20,6,202,45
14,20,6,203,44
14,20,6,204,48
14,20,6,205,43
14,20,6,206,43
14,20,6,207,45
14,20,6,208,41
14,20,6,209,41
14,20,6,210,43
14,20,6,211,38
14,20,6,212,22
14,20,6,213,23
14,20,6,214,26
14,20,6,215,25
14,20,6,216,21
14,20,6,217,36
14,20,6,218,35
14,20,6,219,38
14,20,6,220,32
14,20,6,221,38
14,20,6,222,39
14,20,6,223,35
14,20,6,224,31
14,20,6,225,33
14,20,6,226,27
14,20,6,227,31
14,20,6,228,33
14,20,6,229,23
14,20,6,230,28
14,20,6,231,27
14,20,6,232,28
14,20,6,233,28
14,20,6,234,19
14,20,6,235,25
14,20,6,236,25
14,20,6,237,24
14,20,6,238,18
14,20,6,239,16
14,20,6,240,20
14,20,6,241,18
14,20,6,242,21
14,20,6,243,21
14,20,6,244,16
14,20,6,245,18
14,20,6,246,16
14,20,6,247,17
14,20,6,248,16
14,20,6,249,15
14,20,6,250,14
14,20,6,251,14
14,20,6,252,15
14,20,6,253,14
14,20,6,254,14
14,20,6,255,14
14,20,6,256,16
14,20,6,257,14
14,20,6,258,14
14,20,6,259,16
14,20,6,260,13
14,20,6,261,13
14,20,6,262,9
14,20,6,263,12
14,20,6,264,11
14,20,6,265,10
14,20,6,266,12
14,20,6,267,10
14,20,6,268,10
14,20,6,269,9
14,20,6,270,9
14,20,6,271,9
14,20,6,272,10
14,20,6,273,8
14,20,6,274,8
14,20,6,275,7
14,20,6,276,8
14,20,6,277,8
14,20,6,278,5
14,20,6,279,5
14,20,6,280,4
14,20,6,281,4
14,20,6,282,4
14,20,6,283,2
14,20,6,284,1
14,20,6,285,0
14,20,6,286,1
14,20,6,287,0
14,20,6,288,1
14,20,7,0,0
14,20,7,1,0
14,20,7,2,0
14,20,7,3,0
14,20,7,4,0
14,20,7,5,0
14,20,7,6,3
14,20,7,7,2
14,20,7,8,1
14,20,7,9,0
14,20,7,10,0
14,20,7,11,2
14,20,7,12,4
14,20,7,13,0
14,20,7,14,1
14,20,7,15,0
14,20,7,16,17
14,20,7,17,18
14,20,7,18,16
14,20,7,19,12
14,20,7,20,26
14,20,7,21,24
14,20,7,22,20
14,20,7,23,22
14,20,7,24,36
14,20,7,25,19
14,20,7,26,17
14,20,7,27,18
14,20,7,28,41
14,20,7,29,41
14,20,7,30,36
14,20,7,31,44
14,20,7,32,41
14,20,7,33,134
14,20,7,34,35
14,20,7,35,32
14,20,7,36,66
14,20,7,37,62
14,20,7,38,80
14,20,7,39,25
14,20,7,40,83
14,20,7,41,144
14,20,7,42,90
14,20,7,43,89
14,20,7,44,128
14,20,7,45,151
14,20,7,46,142
14,20,7,47,144
14,20,7,48,143
14,20,7,49,11
14,20,7,50,10
14,20,7,51,143
14,20,7,52,16
14,20,7,53,14
14,20,7,54,57
14,20,7,55,13
14,20,7,56,145
14,20,7,57,148
14,20,7,58,12
14,20,7,59,11
14,20,7,60,139
14,20,7,61,138
14,20,7,62,9
14,20,7,63,137
14,20,7,64,130
14,20,7,65,51
14,20,7,66,134
14,20,7,67,138
14,20,7,68,121
14,20,7,69,135
14,20,7,70,133
14,20,7,71,91
14,20,7,72,127
14,20,7,73,135
14,20,7,74,138
14,20,7,75,51
14,20,7,76,134
14,20,7,77,132
14,20,7,78,140
14,20,7,79,133
14,20,7,80,131
14,20,7,81,127
14,20,7,82,127
14,20,7,83,54
14,20,7,84,91
14,20,7,85,88
14,20,7,86,84
14,20,7,87,101
14,20,7,88,123
14,20,7,89,119
14,20,7,90,118
14,20,7,91,52
14,20,7,92,116
14,20,7,93,47
14,20,7,94,118
14,20,7,95,91
14,20,7,96,14
14,20,7,97,114
14,20,7,98,87
14,20,7,99,86
14,20,7,100,83
14,20,7,101,48
14,20,7,102,84
14,20,7,103,82
14,20,7,104,110
14,20,7,105,89
14,20,7,106,109
14,20,7,107,118
14,20,7,108,10
14,20,7,109,91
14,20,7,110,84
14,20,7,111,80
14,20,7,112,105
14,20,7,113,81
14,20,7,114,79
14,20,7,115,74
14,20,7,116,103
14,20,7,117,101
14,20,7,118,20
14,20,7,119,99
14,20,7,120,98
14,20,7,121,102
14,20,7,122,74
14,20,7,123,97
14,20,7,124,97
14,20,7,125,97
14,20,7,126,97
14,20,7,127,65
14,20,7,128,99
14,20,7,129,85
14,20,7,130,82
14,20,7,131,79
14,20,7,132,91
14,20,7,133,57
14,20,7,134,61
14,20,7,135,60
14,20,7,136,77
14,20,7,137,57
14,20,7,138,95
14,20,7,139,87
14,20,7,140,85
14,20,7,141,87
14,20,7,142,82
14,20,7,143,81
14,20,7,144,84
14,20,7,145,84
14,20,7,146,88
14,20,7,147,82
14,20,7,148,59
14,20,7,149,55
14,20,7,150,55
14,20,7,151,86
14,20,7,152,31
14,20,7,153,76
14,20,7,154,76
14,20,7,155,77
14,20,7,156,72
14,20,7,157,75
14,20,7,158,76
14,20,7,159,55
14,20,7,160,74
14,20,7,161,75
14,20,7,162,28
14,20,7,163,68
14,20,7,164,61
14,20,7,165,28
14,20,7,166,25
14,20,7,167,73
14,20,7,168,67
14,20,7,169,69
14,20,7,170,65
14,20,7,171,64
14,20,7,172,63
14,20,7,173,62
14,20,7,174,72
14,20,7,175,69
14,20,7,176,63
14,20,7,177,66
14,20,7,178,61
14,20,7,179,63
14,20,7,180,63
14,20,7,181,65
14,20,7,182,63
14,20,7,183,61
14,20,7,184,59
14,20,7,185,62
14,20,7,186,59
14,20,7,187,56
14,20,7,188,44
14,20,7,189,56
14,20,7,190,55
14,20,7,191,43
14,20,7,192,42
14,20,7,193,55
14,20,7,194,44
14,20,7,195,48
14,20,7,196,49
14,20,7,197,50
14,20,7,198,49
14,20,7,199,50
14,20,7,200,49
14,20,7,201,52
14,20,7,202,39
14,20,7,203,46
14,20,7,204,45
14,20,7,205,42
14,20,7,206,39
14,20,7,207,43
14,20,7,208,38
14,20,7,209,38
14,20,7,210,37
14,20,7,211,43
14,20,7,212,39
14,20,7,213,39
14,20,7,214,39
14,20,7,215,38
14,20,7,216,37
14,20,7,217,35
14,20,7,218,38
14,20,7,219,37
14,20,7,220,32
14,20,7,221,36
14,20,7,222,33
14,20,7,223,32
14,20,7,224,32
14,20,7,225,30
14,20,7,226,32
14,20,7,227,31
14,20,7,228,28
14,20,7,229,31
14,20,7,230,29
14,20,7,231,27
14,20,7,232,29
14,20,7,233,29
14,20,7,234,21
14,20,7,235,28
14,20,7,236,24
14,20,7,237,23
14,20,7,238,23
14,20,7,239,22
14,20,7,240,22
14,20,7,241,19
14,20,7,242,20
14,20,7,243,19
14,20,7,244,18
14,20,7,245,21
14,20,7,246,19
14,20,7,247,19
14,20,7,248,12
14,20,7,249,19
14,20,7,250,18
14,20,7,251,15
14,20,7,252,15
14,20,7,253,16
14,20,7,254,15
14,20,7,255,16
14,20,7,256,13
14,20,7,257,14
14,20,7,258,13
14,20,7,259,15
14,20,7,260,13
14,20,7,261,14
14,20,7,262,12
14,20,7,263,11
14,20,7,264,11
14,20,7,265,10
14,20,7,266,10
14,20,7,267,7
14,20,7,268,9
14,20,7,269,9
14,20,7,270,7
14,20,7,271,7
14,20,7,272,7
14,20,7,273,7
14,20,7,274,7
14,20,7,275,7
14,20,7,276,6
14,20,7,277,4
14,20,7,278,5
14,20,7,279,4
14,20,7,280,5
14,20,7,281,6
14,20,7,282,5
14,20,7,283,5
14,20,7,284,4
14,20,7,285,3
14,20,7,286,3
14,20,7,287,2
14,20,7,288,1
14,20,7,289,2
14,20,7,290,0
14,20,7,291,0
14,20,7,292,1
14,20,8,0,0
14,20,8,1,0
14,20,8,2,0
14,20,8,3,0
14,20,8,4,0
14,20,8,5,0
14,20,8,6,0
14,20,8,7,1
14,20,8,8,0
14,20,8,9,14
14,20,8,10,3
14,20,8,11,3
14,20,8,12,0
14,20,8,13,15
14,20,8,14,11
14,20,8,15,15
14,20,8,16,21
14,20,8,17,24
14,20,8,18,25
14,20,8,19,21
14,20,8,20,21
14,20,8,21,18
14,20,8,22,20
14,20,8,23,20
14,20,8,24,19
14,20,8,25,18
14,20,8,26,16
14,20,8,27,14
14,20,8,28,17
14,20,8,29,43
14,20,8,30,72
14,20,8,31,12
14,20,8,32,10
14,20,8,33,11
14,20,8,34,18
14,20,8,35,9
14,20,8,36,57
14,20,8,37,10
14,20,8,38,59
14,20,8,39,56
14,20,8,40,111
14,20,8,41,55
14,20,8,42,61
14,20,8,43,52
14,20,8,44,51
14,20,8,45,89
14,20,8,46,120
14,20,8,47,53
14,20,8,48,49
14,20,8,49,149
14,20,8,50,103
14,20,8,51,136
14,20,8,52,103
14,20,8,53,97
14,20,8,54,137
14,20,8,55,94
14,20,8,56,98
14,20,8,57,141
14,20,8,58,138
14,20,8,59,138
14,20,8,60,138
14,20,8,61,135
14,20,8,62,134
14,20,8,63,134
14,20,8,64,139
14,20,8,65,130
14,20,8,66,135
14,20,8,67,128
14,20,8,68,128
14,20,8,69,18
14,20,8,70,137
14,20,8,71,111
14,20,8,72,127
14,20,8,73,129
14,20,8,74,130
14,20,8,75,132
14,20,8,76,42
14,20,8,77,136
14,20,8,78,132
14,20,8,79,132
14,20,8,80,131
14,20,8,81,70
14,20,8,82,131
14,20,8,83,69
14,20,8,84,118
14,20,8,85,124
14,20,8,86,122
14,20,8,87,116
14,20,8,88,122
14,20,8,89,112
14,20,8,90,50
14,20,8,91,125
14,20,8,92,118
14,20,8,93,61
14,20,8,94,113
14,20,8,95,117
14,20,8,96,112
14,20,8,97,61
14,20,8,98,111
14,20,8,99,117
14,20,8,100,42
14,20,8,101,115
14,20,8,102,114
14,20,8,103,114
14,20,8,104,118
14,20,8,105,116
14,20,8,106,110
14,20,8,107,109
14,20,8,108,107
14,20,8,109,107
14,20,8,110,104
14,20,8,111,110
14,20,8,112,106
14,20,8,113,97
14,20,8,114,100
14,20,8,115,38
14,20,8,116,95
14,20,8,117,100
14,20,8,118,98
14,20,8,119,102
14,20,8,120,101
14,20,8,121,106
14,20,8,122,102
14,20,8,123,39
14,20,8,124,100
14,20,8,125,98
14,20,8,126,95
14,20,8,127,96
14,20,8,128,92
14,20,8,129,95
14,20,8,130,93
14,20,8,131,91
14,20,8,132,86
14,20,8,133,38
14,20,8,134,36
14,20,8,135,91
14,20,8,136,90
14,20,8,137,88
14,20,8,138,88
14,20,8,139,90
14,20,8,140,86
14,20,8,141,87
14,20,8,142,86
14,20,8,143,73
14,20,8,144,42
14,20,8,145,23
14,20,8,146,82
14,20,8,147,82
14,20,8,148,83
14,20,8,149,82
14,20,8,150,86
14,20,8,151,74
14,20,8,152,81
14,20,8,153,82
14,20,8,154,81
14,20,8,155,21
14,20,8,156,22
14,20,8,157,77
14,20,8,158,76
14,20,8,159,74
14,20,8,160,69
14,20,8,161,72
14,20,8,162,69
14,20,8,163,26
14,20,8,164,23
14,20,8,165,70
14,20,8,166,28
14,20,8,167,60
14,20,8,168,65
14,20,8,169,66
14,20,8,170,46
14,20,8,171,63
14,20,8,172,66
14,20,8,173,66
14,20,8,174,64
14,20,8,175,65
14,20,8,176,62
14,20,8,177,63
14,20,8,178,60
14,20,8,179,56
14,20,8,180,31
14,20,8,181,58
14,20,8,182,55
14,20,8,183,18
14,20,8,184,19
14,20,8,185,20
14,20,8,186,24
14,20,8,187,57
14,20,8,188,54
14,20,8,189,32
14,20,8,190,29
14,20,8,191,58
14,20,8,192,21
14,20,8,193,52
14,20,8,194,23
14,20,8,195,48
14,20,8,196,52
14,20,8,197,16
14,20,8,198,52
14,20,8,199,38
14,20,8,200,49
14,20,8,201,47
14,20,8,202,43
14,20,8,203,41
14,20,8,204,45
14,20,8,205,44
14,20,8,206,49
14,20,8,207,46
14,20,8,208,43
14,20,8,209,45
14,20,8,210,44
14,20,8,211,43
14,20,8,212,40
14,20,8,213,40
14,20,8,214,39
14,20,8,215,37
14,20,8,216,41
14,20,8,217,41
14,20,8,218,39
14,20,8,219,10
14,20,8,220,37
14,20,8,221,34
14,20,8,222,37
14,20,8,223,35
14,20,8,224,31
14,20,8,225,30
14,20,8,226,31
14,20,8,227,29
14,20,8,228,32
14,20,8,229,31
14,20,8,230,32
14,20,8,231,30
14,20,8,232,33
14,20,8,233,31
14,20,8,234,28
14,20,8,235,28
14,20,8,236,29
14,20,8,237,27
14,20,8,238,24
14,20,8,239,23
14,20,8,240,23
14,20,8,241,26
14,20,8,242,24
14,20,8,243,21
14,20,8,244,22
14,20,8,245,19
14,20,8,246,20
14,20,8,247,20
14,20,8,248,16
14,20,8,249,16
14,20,8,250,13
14,20,8,251,15
14,20,8,252,10
14,20,8,253,13
14,20,8,254,17
14,20,8,255,16
14,20,8,256,16
14,20,8,257,14
14,20,8,258,13
14,20,8,259,10
14,20,8,260,10
14,20,8,261,13
14,20,8,262,11
14,20,8,263,11
14,20,8,264,11
14,20,8,265,10
14,20,8,266,11
14,20,8,267,10
14,20,8,268,7
14,20,8,269,10
14,20,8,270,8
14,20,8,271,10
14,20,8,272,9
14,20,8,273,8
14,20,8,274,10
14,20,8,275,9
14,20,8,276,8
14,20,8,277,7
14,20,8,278,5
14,20,8,279,6
14,20,8,280,4
14,20,8,281,6
14,20,8,282,4
14,20,8,283,3
14,20,8,284,1
14,20,8,285,0
14,20,8,286,2
14,20,8,287,1
14,20,8,288,0
14,20,8,289,0
14,20,8,290,0
14,20,8,291,0
14,20,8,292,0
14,20,8,293,0
14,20,8,294,0
14,20,8,295,0
14,20,8,296,1
14,20,9,0,0
14,20,9,1,0
14,20,9,2,0
14,20,9,3,0
14,20,9,4,0
14,20,9,5,2
14,20,9,6,0
14,20,9,7,5
14,20,9,8,4
14,20,9,9,8
14,20,9,10,8
14,20,9,11,7
14,20,9,12,5
14,20,9,13,4
14,20,9,14,12
14,20,9,15,20
14,20,9,16,15
14,20,9,17,5
14,20,9,18,13
14,20,9,19,5
14,20,9,20,14
14,20,9,21,17
14,20,9,22,17
14,20,9,23,15
14,20,9,24,11
14,20,9,25,15
14,20,9,26,16
14,20,9,27,13
14,20,9,28,13
14,20,9,29,68
14,20,9,30,67
14,20,9,31,61
14,20,9,32,60
14,20,9,33,65
14,20,9,34,39
14,20,9,35,14
14,20,9,36,14
14,20,9,37,13
14,20,9,38,68
14,20,9,39,65
14,20,9,40,147
14,20,9,41,151
14,20,9,42,145
14,20,9,43,59
14,20,9,44,108
14,20,9,45,119
14,20,9,46,37
14,20,9,47,55
14,20,9,48,139
14,20,9,49,144
14,20,9,50,142
14,20,9,51,35
14,20,9,52,138
14,20,9,53,135
14,20,9,54,139
14,20,9,55,139
14,20,9,56,140
14,20,9,57,27
14,20,9,58,141
14,20,9,59,142
14,20,9,60,130
14,20,9,61,138
14,20,9,62,84
14,20,9,63,140
14,20,9,64,88
14,20,9,65,133
14,20,9,66,134
14,20,9,67,135
14,20,9,68,136
14,20,9,69,128
14,20,9,70,59
14,20,9,71,98
14,20,9,72,127
14,20,9,73,134
14,20,9,74,132
14,20,9,75,132
14,20,9,76,131
14,20,9,77,105
14,20,9,78,127
14,20,9,79,133
14,20,9,80,75
14,20,9,81,75
14,20,9,82,123
14,20,9,83,126
14,20,9,84,122
14,20,9,85,121
14,20,9,86,114
14,20,9,87,123
14,20,9,88,126
14,20,9,89,119
14,20,9,90,121
14,20,9,91,120
14,20,9,92,124
14,20,9,93,48
14,20,9,94,121
14,20,9,95,117
14,20,9,96,50
14,20,9,97,105
14,20,9,98,114
14,20,9,99,108
14,20,9,100,45
14,20,9,101,116
14,20,9,102,43
14,20,9,103,110
14,20,9,104,106
14,20,9,105,104
14,20,9,106,106
14,20,9,107,108
14,20,9,108,105
14,20,9,109,107
14,20,9,110,104
14,20,9,111,108
14,20,9,112,106
14,20,9,113,101
14,20,9,114,98
14,20,9,115,105
14,20,9,116,109
14,20,9,117,69
14,20,9,118,106
14,20,9,119,21
14,20,9,120,103
14,20,9,121,42
14,20,9,122,106
14,20,9,123,97
14,20,9,124,103
14,20,9,125,52
14,20,9,126,95
14,20,9,127,96
14,20,9,128,95
14,20,9,129,94
14,20,9,130,50
14,20,9,131,94
14,20,9,132,94
14,20,9,133,90
14,20,9,134,80
14,20,9,135,95
14,20,9,136,84
14,20,9,137,84
14,20,9,138,84
14,20,9,139,81
14,20,9,140,83
14,20,9,141,83
14,20,9,142,84
14,20,9,143,85
14,20,9,144,75
14,20,9,145,91
14,20,9,146,77
14,20,9,147,76
14,20,9,148,77
14,20,9,149,79
14,20,9,150,73
14,20,9,151,79
14,20,9,152,78
14,20,9,153,75
14,20,9,154,70
14,20,9,155,73
14,20,9,156,72
14,20,9,157,76
14,20,9,158,56
14,20,9,159,69
14,20,9,160,69
14,20,9,161,68
14,20,9,162,67
14,20,9,163,73
14,20,9,164,70
14,20,9,165,69
14,20,9,166,67
14,20,9,167,67
14,20,9,168,68
14,20,9,169,66
14,20,9,170,69
14,20,9,171,67
14,20,9,172,65
14,20,9,173,67
14,20,9,174,58
14,20,9,175,47
14,20,9,176,61
14,20,9,177,56
14,20,9,178,44
14,20,9,179,59
14,20,9,180,56
14,20,9,181,54
14,20,9,182,51
14,20,9,183,57
14,20,9,184,57
14,20,9,185,55
14,20,9,186,60
14,20,9,187,59
14,20,9,188,52
14,20,9,189,52
14,20,9,190,52
14,20,9,191,49
14,20,9,192,46
14,20,9,193,42
14,20,9,194,43
14,20,9,195,45
14,20,9,196,49
14,20,9,197,43
14,20,9,198,44
14,20,9,199,46
14,20,9,200,46
14,20,9,201,44
14,20,9,202,42
14,20,9,203,45
14,20,9,204,41
14,20,9,205,40
14,20,9,206,41
14,20,9,207,42
14,20,9,208,38
14,20,9,209,35
14,20,9,210,35
14,20,9,211,37
14,20,9,212,36
14,20,9,213,36
14,20,9,214,34
14,20,9,215,33
14,20,9,216,28
14,20,9,217,33
14,20,9,218,33
14,20,9,219,31
14,20,9,220,33
14,20,9,221,36
14,20,9,222,33
14,20,9,223,29
14,20,9,224,32
14,20,9,225,29
14,20,9,226,27
14,20,9,227,25
14,20,9,228,27
14,20,9,229,24
14,20,9,230,25
14,20,9,231,24
14,20,9,232,22
14,20,9,233,24
14,20,9,234,24
14,20,9,235,23
14,20,9,236,20
14,20,9,237,19
14,20,9,238,19
14,20,9,239,20
14,20,9,240,18
14,20,9,241,17
14,20,9,242,15
14,20,9,243,14
14,20,9,244,17
14,20,9,245,18
14,20,9,246,18
14,20,9,247,17
14,20,9,248,15
14,20,9,249,14
14,20,9,250,15
14,20,9,251,14
14,20,9,252,13
14,20,9,253,12
14,20,9,254,14
14,20,9,255,14
14,20,9,256,12
14,20,9,257,9
14,20,9,258,8
14,20,9,259,8
14,20,9,260,9
14,20,9,261,10
14,20,9,262,7
14,20,9,263,8
14,20,9,264,6
14,20,9,265,8
14,20,9,266,7
14,20,9,267,6
14,20,9,268,7
14,20,9,269,7
14,20,9,270,7
14,20,9,271,6
14,20,9,272,8
14,20,9,273,5
14,20,9,274,6
14,20,9,275,4
14,20,9,276,6
14,20,9,277,3
14,20,9,278,6
14,20,9,279,5
14,20,9,280,4
14,20,9,281,4
14,20,9,282,3
14,20,9,283,2
14,20,9,284,1
14,20,10,0,0
14,20,10,1,0
14,20,10,2,0
14,20,10,3,0
14,20,10,4,0
14,20,10,5,0
14,20,10,6,1
14,20,10,7,0
14,20,10,8,3
14,20,10,9,2
14,20,10,10,1
14,20,10,11,0
14,20,10,12,0
14,20,10,13,0
14,20,10,14,12
14,20,10,15,19
14,20,10,16,20
14,20,10,17,17
14,20,10,18,19
14,20,10,19,17
14,20,10,20,9
14,20,10,21,15
14,20,10,22,19
14,20,10,23,21
14,20,10,24,21
14,20,10,25,21
14,20,10,26,67
14,20,10,27,19
14,20,10,28,95
14,20,10,29,16
14,20,10,30,13
14,20,10,31,16
14,20,10,32,13
14,20,10,33,12
14,20,10,34,38
14,20,10,35,10
14,20,10,36,11
14,20,10,37,94
14,20,10,38,89
14,20,10,39,146
14,20,10,40,34
14,20,10,41,62
14,20,10,42,52
14,20,10,43,153
14,20,10,44,161
14,20,10,45,14
14,20,10,46,11
14,20,10,47,9
14,20,10,48,134
14,20,10,49,58
14,20,10,50,149
14,20,10,51,64
14,20,10,52,151
14,20,10,53,54
14,20,10,54,144
14,20,10,55,58
14,20,10,56,144
14,20,10,57,143
14,20,10,58,135
14,20,10,59,138
14,20,10,60,132
14,20,10,61,107
14,20,10,62,137
14,20,10,63,136
14,20,10,64,135
14,20,10,65,134
14,20,10,66,136
14,20,10,67,133
14,20,10,68,101
14,20,10,69,32
14,20,10,70,130
14,20,10,71,135
14,20,10,72,49
14,20,10,73,36
14,20,10,74,60
14,20,10,75,32
14,20,10,76,32
14,20,10,77,125
14,20,10,78,27
14,20,10,79,130
14,20,10,80,128
14,20,10,81,122
14,20,10,82,65
14,20,10,83,123
14,20,10,84,119
14,20,10,85,130
14,20,10,86,122
14,20,10,87,124
14,20,10,88,43
14,20,10,89,24
14,20,10,90,45
14,20,10,91,115
14,20,10,92,116
14,20,10,93,113
14,20,10,94,110
14,20,10,95,107
14,20,10,96,111
14,20,10,97,112
14,20,10,98,109
14,20,10,99,107
14,20,10,100,101
14,20,10,101,25
14,20,10,102,109
14,20,10,103,110
14,20,10,104,41
14,20,10,105,45
14,20,10,106,109
14,20,10,107,43
14,20,10,108,41
14,20,10,109,106
14,20,10,110,34
14,20,10,111,111
14,20,10,112,112
14,20,10,113,113
14,20,10,114,93
14,20,10,115,98
14,20,10,116,100
14,20,10,117,102
14,20,10,118,36
14,20,10,119,34
14,20,10,120,97
14,20,10,121,102
14,20,10,122,102
14,20,10,123,99
14,20,10,124,97
14,20,10,125,95
14,20,10,126,44
14,20,10,127,97
14,20,10,128,98
14,20,10,129,99
14,20,10,130,88
14,20,10,131,93
14,20,10,132,86
14,20,10,133,86
14,20,10,134,89
14,20,10,135,92
14,20,10,136,96
14,20,10,137,92
14,20,10,138,91
14,20,10,139,86
14,20,10,140,88
14,20,10,141,87
14,20,10,142,83
14,20,10,143,84
14,20,10,144,80
14,20,10,145,86
14,20,10,146,80
14,20,10,147,80
14,20,10,148,84
14,20,10,149,88
14,20,10,150,85
14,20,10,151,49
14,20,10,152,29
14,20,10,153,80
14,20,10,154,73
14,20,10,155,51
14,20,10,156,45
14,20,10,157,70
14,20,10,158,71
14,20,10,159,73
14,20,10,160,44
14,20,10,161,75
14,20,10,162,77
14,20,10,163,71
14,20,10,164,74
14,20,10,165,73
14,20,10,166,73
14,20,10,167,71
14,20,10,168,74
14,20,10,169,68
14,20,10,170,70
14,20,10,171,66
14,20,10,172,68
14,20,10,173,64
14,20,10,174,70
14,20,10,175,68
14,20,10,176,60
14,20,10,177,64
14,20,10,178,65
14,20,10,179,33
14,20,10,180,33
14,20,10,181,65
14,20,10,182,61
14,20,10,183,57
14,20,10,184,26
14,20,10,185,56
14,20,10,186,64
14,20,10,187,59
14,20,10,188,62
14,20,10,189,59
14,20,10,190,62
14,20,10,191,56
14,20,10,192,54
14,20,10,193,58
14,20,10,194,54
14,20,10,195,53
14,20,10,196,51
14,20,10,197,52
14,20,10,198,53
14,20,10,199,52
14,20,10,200,50
14,20,10,201,52
14,20,10,202,53
14,20,10,203,55
14,20,10,204,52
14,20,10,205,49
14,20,10,206,44
14,20,10,207,43
14,20,10,208,26
14,20,10,209,44
14,20,10,210,45
14,20,10,211,39
14,20,10,212,42
14,20,10,213,46
14,20,10,214,45
14,20,10,215,41
14,20,10,216,40
14,20,10,217,40
14,20,10,218,42
14,20,10,219,40
14,20,10,220,36
14,20,10,221,34
14,20,10,222,36
14,20,10,223,37
14,20,10,224,37
14,20,10,225,37
14,20,10,226,36
14,20,10,227,33
14,20,10,228,34
14,20,10,229,34
14,20,10,230,31
14,20,10,231,27
14,20,10,232,25
14,20,10,233,29
14,20,10,234,28
14,20,10,235,26
14,20,10,236,30
14,20,10,237,20
14,20,10,238,27
14,20,10,239,25
14,20,10,240,24
14,20,10,241,26
14,20,10,242,16
14,20,10,243,17
14,20,10,244,19
14,20,10,245,21
14,20,10,246,22
14,20,10,247,20
14,20,10,248,19
14,20,10,249,18
14,20,10,250,17
14,20,10,251,19
14,20,10,252,19
14,20,10,253,17
14,20,10,254,13
14,20,10,255,13
14,20,10,256,17
14,20,10,257,15
14,20,10,258,13
14,20,10,259,13
14,20,10,260,15
14,20,10,261,13
14,20,10,262,14
14,20,10,263,12
14,20,10,264,11
14,20,10,265,11
14,20,10,266,11
14,20,10,267,10
14,20,10,268,9
14,20,10,269,10
14,20,10,270,8
14,20,10,271,9
14,20,10,272,8
14,20,10,273,8
14,20,10,274,9
14,20,10,275,7
14,20,10,276,7
14,20,10,277,8
14,20,10,278,7
14,20,10,279,5
14,20,10,280,5
14,20,10,281,6
14,20,10,282,5
14,20,10,283,5
14,20,10,284,2
14,20,10,285,0
14,20,10,286,4
14,20,10,287,3
14,20,10,288,2
14,20,10,289,0
14,20,10,290,0
14,20,10,291,0
14,20,10,292,0
14,20,10,293,1
14,20,11,0,0
14,20,11,1,0
14,20,11,2,0
14,20,11,3,0
14,20,11,4,0
14,20,11,5,0
14,20,11,6,0
14,20,11,7,2
14,20,11,8,1
14,20,11,9,0
14,20,11,10,0
14,20,11,11,0
14,20,11,12,13
14,20,11,13,9
14,20,11,14,23
14,20,11,15,12
14,20,11,16,12
14,20,11,17,25
14,20,11,18,24
14,20,11,19,21
14,20,11,20,23
14,20,11,21,16
14,20,11,22,20
14,20,11,23,15
14,20,11,24,18
14,20,11,25,17
14,20,11,26,16
14,20,11,27,15
14,20,11,28,16
14,20,11,29,15
14,20,11,30,72
14,20,11,31,8
14,20,11,32,43
14,20,11,33,19
14,20,11,34,39
14,20,11,35,35
14,20,11,36,19
14,20,11,37,149
14,20,11,38,65
14,20,11,39,114
14,20,11,40,57
14,20,11,41,122
14,20,11,42,119
14,20,11,43,155
14,20,11,44,156
14,20,11,45,59
14,20,11,46,18
14,20,11,47,150
14,20,11,48,48
14,20,11,49,149
14,20,11,50,84
14,20,11,51,118
14,20,11,52,144
14,20,11,53,141
14,20,11,54,55
14,20,11,55,53
14,20,11,56,136
14,20,11,57,139
14,20,11,58,142
14,20,11,59,141
14,20,11,60,139
14,20,11,61,146
14,20,11,62,36
14,20,11,63,33
14,20,11,64,73
14,20,11,65,143
14,20,11,66,134
14,20,11,67,27
14,20,11,68,29
14,20,11,69,133
14,20,11,70,23
14,20,11,71,108
14,20,11,72,135
14,20,11,73,105
14,20,11,74,104
14,20,11,75,101
14,20,11,76,100
14,20,11,77,57
14,20,11,78,119
14,20,11,79,130
14,20,11,80,85
14,20,11,81,132
14,20,11,82,63
14,20,11,83,13
14,20,11,84,55
14,20,11,85,55
14,20,11,86,58
14,20,11,87,56
14,20,11,88,13
14,20,11,89,53
14,20,11,90,127
14,20,11,91,50
14,20,11,92,117
14,20,11,93,86
14,20,11,94,115
14,20,11,95,120
14,20,11,96,22
14,20,11,97,116
14,20,11,98,115
14,20,11,99,115
14,20,11,100,117
14,20,11,101,115
14,20,11,102,116
14,20,11,103,114
14,20,11,104,108
14,20,11,105,44
14,20,11,106,40
14,20,11,107,111
14,20,11,108,112
14,20,11,109,109
14,20,11,110,105
14,20,11,111,105
14,20,11,112,102
14,20,11,113,16
14,20,11,114,110
14,20,11,115,105
14,20,11,116,110
14,20,11,117,106
14,20,11,118,40
14,20,11,119,95
14,20,11,120,94
14,20,11,121,101
14,20,11,122,99
14,20,11,123,99
14,20,11,124,87
14,20,11,125,101
14,20,11,126,98
14,20,11,127,32
14,20,11,128,94
14,20,11,129,92
14,20,11,130,90
14,20,11,131,95
14,20,11,132,97
14,20,11,133,91
14,20,11,134,94
14,20,11,135,31
14,20,11,136,93
14,20,11,137,87
14,20,11,138,19
14,20,11,139,51
14,20,11,140,86
14,20,11,141,30
14,20,11,142,85
14,20,11,143,82
14,20,11,144,81
14,20,11,145,77
14,20,11,146,78
14,20,11,147,78
14,20,11,148,75
14,20,11,149,81
14,20,11,150,34
14,20,11,151,31
14,20,11,152,77
14,20,11,153,79
14,20,11,154,79
14,20,11,155,72
14,20,11,156,73
14,20,11,157,72
14,20,11,158,73
14,20,11,159,71
14,20,11,160,70
14,20,11,161,74
14,20,11,162,73
14,20,11,163,71
14,20,11,164,71
14,20,11,165,68
14,20,11,166,36
14,20,11,167,69
14,20,11,168,68
14,20,11,169,68
14,20,11,170,69
14,20,11,171,23
14,20,11,172,63
14,20,11,173,66
14,20,11,174,63
14,20,11,175,28
14,20,11,176,65
14,20,11,177,64
14,20,11,178,26
14,20,11,179,61
14,20,11,180,56
14,20,11,181,54
14,20,11,182,23
14,20,11,183,24
14,20,11,184,18
14,20,11,185,60
14,20,11,186,59
14,20,11,187,52
14,20,11,188,50
14,20,11,189,23
14,20,11,190,49
14,20,11,191,51
14,20,11,192,47
14,20,11,193,46
14,20,11,194,15
14,20,11,195,51
14,20,11,196,49
14,20,11,197,11
14,20,11,198,15
14,20,11,199,40
14,20,11,200,47
14,20,11,201,47
14,20,11,202,45
14,20,11,203,45
14,20,11,204,42
14,20,11,205,40
14,20,11,206,44
14,20,11,207,40
14,20,11,208,41
14,20,11,209,42
14,20,11,210,40
14,20,11,211,36
14,20,11,212,38
14,20,11,213,39
14,20,11,214,20
14,20,11,215,39
14,20,11,216,16
14,20,11,217,40
14,20,11,218,37
14,20,11,219,33
14,20,11,220,36
14,20,11,221,35
14,20,11,222,32
14,20,11,223,36
14,20,11,224,38
14,20,11,225,36
14,20,11,226,35
14,20,11,227,34
14,20,11,228,30
14,20,11,229,31
14,20,11,230,28
14,20,11,231,29
14,20,11,232,27
14,20,11,233,28
14,20,11,234,27
14,20,11,235,29
14,20,11,236,25
14,20,11,237,24
14,20,11,238,23
14,20,11,239,22
14,20,11,240,24
14,20,11,241,23
14,20,11,242,21
14,20,11,243,20
14,20,11,244,19
14,20,11,245,18
14,20,11,246,18
14,20,11,247,15
14,20,11,248,19
14,20,11,249,16
14,20,11,250,16
14,20,11,251,16
14,20,11,252,16
14,20,11,253,15
14,20,11,254,14
14,20,11,255,18
14,20,11,256,17
14,20,11,257,16
14,20,11,258,15
14,20,11,259,14
14,20,11,260,12
14,20,11,261,11
14,20,11,262,11
14,20,11,263,11
14,20,11,264,11
14,20,11,265,9
14,20,11,266,8
14,20,11,267,10
14,20,11,268,8
14,20,11,269,8
14,20,11,270,7
14,20,11,271,7
14,20,11,272,5
14,20,11,273,6
14,20,11,274,6
14,20,11,275,5
14,20,11,276,6
14,20,11,277,7
14,20,11,278,7
14,20,11,279,5
14,20,11,280,5
14,20,11,281,5
14,20,11,282,6
14,20,11,283,4
14,20,11,284,3
14,20,11,285,3
14,20,11,286,3
14,20,11,287,2
14,20,11,288,1
14,20,11,289,1
14,20,12,0,0
14,20,12,1,0
14,20,12,2,0
14,20,12,3,0
14,20,12,4,0
14,20,12,5,0
14,20,12,6,0
14,20,12,7,0
14,20,12,8,1
14,20,12,9,0
14,20,12,10,0
14,20,12,11,0
14,20,12,12,0
14,20,12,13,22
14,20,12,14,26
14,20,12,15,24
14,20,12,16,23
14,20,12,17,23
14,20,12,18,20
14,20,12,19,20
14,20,12,20,22
14,20,12,21,18
14,20,12,22,24
14,20,12,23,19
14,20,12,24,49
14,20,12,25,17
14,20,12,26,44
14,20,12,27,13
14,20,12,28,101
14,20,12,29,130
14,20,12,30,17
14,20,12,31,16
14,20,12,32,15
14,20,12,33,15
14,20,12,34,136
14,20,12,35,12
14,20,12,36,134
14,20,12,37,65
14,20,12,38,86
14,20,12,39,129
14,20,12,40,69
14,20,12,41,91
14,20,12,42,111
14,20,12,43,114
14,20,12,44,133
14,20,12,45,113
14,20,12,46,155
14,20,12,47,154
14,20,12,48,148
14,20,12,49,128
14,20,12,50,151
14,20,12,51,127
14,20,12,52,155
14,20,12,53,82
14,20,12,54,127
14,20,12,55,77
14,20,12,56,136
14,20,12,57,136
14,20,12,58,134
14,20,12,59,138
14,20,12,60,141
14,20,12,61,30
14,20,12,62,30
14,20,12,63,29
14,20,12,64,133
14,20,12,65,125
14,20,12,66,20
14,20,12,67,141
14,20,12,68,141
14,20,12,69,114
14,20,12,70,139
14,20,12,71,136
14,20,12,72,132
14,20,12,73,108
14,20,12,74,108
14,20,12,75,58
14,20,12,76,60
14,20,12,77,65
14,20,12,78,109
14,20,12,79,112
14,20,12,80,127
14,20,12,81,126
14,20,12,82,32
14,20,12,83,117
14,20,12,84,28
14,20,12,85,128
14,20,12,86,73
14,20,12,87,31
14,20,12,88,64
14,20,12,89,115
14,20,12,90,109
14,20,12,91,112
14,20,12,92,122
14,20,12,93,126
14,20,12,94,62
14,20,12,95,60
14,20,12,96,106
14,20,12,97,102
14,20,12,98,108
14,20,12,99,114
14,20,12,100,107
14,20,12,101,114
14,20,12,102,104
14,20,12,103,111
14,20,12,104,111
14,20,12,105,105
14,20,12,106,119
14,20,12,107,37
14,20,12,108,88
14,20,12,109,108
14,20,12,110,113
14,20,12,111,103
14,20,12,112,104
14,20,12,113,112
14,20,12,114,100
14,20,12,115,102
14,20,12,116,82
14,20,12,117,88
14,20,12,118,77
14,20,12,119,96
14,20,12,120,93
14,20,12,121,93
14,20,12,122,98
14,20,12,123,82
14,20,12,124,76
14,20,12,125,79
14,20,12,126,95
14,20,12,127,80
14,20,12,128,84
14,20,12,129,100
14,20,12,130,85
14,20,12,131,81
14,20,12,132,28
14,20,12,133,55
14,20,12,134,54
14,20,12,135,90
14,20,12,136,93
14,20,12,137,85
14,20,12,138,89
14,20,12,139,84
14,20,12,140,88
14,20,12,141,79
14,20,12,142,42
14,20,12,143,77
14,20,12,144,88
14,20,12,145,85
14,20,12,146,85
14,20,12,147,85
14,20,12,148,84
14,20,12,149,40
14,20,12,150,68
14,20,12,151,83
14,20,12,152,86
14,20,12,153,84
14,20,12,154,81
14,20,12,155,73
14,20,12,156,79
14,20,12,157,72
14,20,12,158,78
14,20,12,159,75
14,20,12,160,64
14,20,12,161,66
14,20,12,162,63
14,20,12,163,66
14,20,12,164,60
14,20,12,165,62
14,20,12,166,59
14,20,12,167,72
14,20,12,168,67
14,20,12,169,64
14,20,12,170,60
14,20,12,171,68
14,20,12,172,55
14,20,12,173,61
14,20,12,174,61
14,20,12,175,63
14,20,12,176,58
14,20,12,177,58
14,20,12,178,64
14,20,12,179,63
14,20,12,180,58
14,20,12,181,61
14,20,12,182,58
14,20,12,183,52
14,20,12,184,57
14,20,12,185,38
14,20,12,186,53
14,20,12,187,53
14,20,12,188,37
14,20,12,189,33
14,20,12,190,57
14,20,12,191,57
14,20,12,192,52
14,20,12,193,51
14,20,12,194,54
14,20,12,195,52
14,20,12,196,50
14,20,12,197,50
14,20,12,198,48
14,20,12,199,46
14,20,12,200,23
14,20,12,201,22
14,20,12,202,48
14,20,12,203,47
14,20,12,204,24
14,20,12,205,22
14,20,12,206,47
14,20,12,207,43
14,20,12,208,41
14,20,12,209,35
14,20,12,210,42
14,20,12,211,42
14,20,12,212,27
14,20,12,213,35
14,20,12,214,39
14,20,12,215,35
14,20,12,216,36
14,20,12,217,37
14,20,12,218,33
14,20,12,219,30
14,20,12,220,30
14,20,12,221,34
14,20,12,222,31
14,20,12,223,33
14,20,12,224,34
14,20,12,225,32
14,20,12,226,32
14,20,12,227,33
14,20,12,228,27
14,20,12,229,31
14,20,12,230,27
14,20,12,231,24
14,20,12,232,24
14,20,12,233,23
14,20,12,234,27
14,20,12,235,21
14,20,12,236,25
14,20,12,237,23
14,20,12,238,24
14,20,12,239,22
14,20,12,240,22
14,20,12,241,23
14,20,12,242,20
14,20,12,243,22
14,20,12,244,21
14,20,12,245,20
14,20,12,246,19
14,20,12,247,16
14,20,12,248,17
14,20,12,249,18
14,20,12,250,16
14,20,12,251,14
14,20,12,252,15
14,20,12,253,16
14,20,12,254,15
14,20,12,255,15
14,20,12,256,14
14,20,12,257,12
14,20,12,258,13
14,20,12,259,13
14,20,12,260,12
14,20,12,261,12
14,20,12,262,14
14,20,12,263,12
14,20,12,264,10
14,20,12,265,11
14,20,12,266,11
14,20,12,267,10
14,20,12,268,10
14,20,12,269,10
14,20,12,270,8
14,20,12,271,7
14,20,12,272,8
14,20,12,273,6
14,20,12,274,6
14,20,12,275,6
14,20,12,276,8
14,20,12,277,8
14,20,12,278,7
14,20,12,279,5
14,20,12,280,8
14,20,12,281,7
14,20,12,282,5
14,20,12,283,5
14,20,12,284,6
14,20,12,285,5
14,20,12,286,4
14,20,12,287,4
14,20,12,288,0
14,20,12,289,3
14,20,12,290,2
14,20,12,291,1
14,25,1,0,0
14,25,1,1,0
14,25,1,2,0
14,25,1,3,0
14,25,1,4,0
14,25,1,5,2
14,25,1,6,0
14,25,1,7,0
14,25,1,8,4
14,25,1,9,20
14,25,1,10,19
14,25,1,11,4
14,25,1,12,2
14,25,1,13,0
14,25,1,14,3
14,25,1,15,13
14,25,1,16,2
14,25,1,17,1
14,25,1,18,0
14,25,1,19,15
14,25,1,20,8
14,25,1,21,14
14,25,1,22,16
14,25,1,23,21
14,25,1,24,30
14,25,1,25,25
14,25,1,26,89
14,25,1,27,26
14,25,1,28,23
14,25,1,29,80
14,25,1,30,85
14,25,1,31,20
14,25,1,32,21
14,25,1,33,19
14,25,1,34,75
14,25,1,35,79
14,25,1,36,180
14,25,1,37,175
14,25,1,38,168
14,25,1,39,159
14,25,1,40,163
14,25,1,41,162
14,25,1,42,171
14,25,1,43,179
14,25,1,44,173
14,25,1,45,177
14,25,1,46,177
14,25,1,47,169
14,25,1,48,172
14,25,1,49,14
14,25,1,50,167
14,25,1,51,168
14,25,1,52,164
14,25,1,53,167
14,25,1,54,167
14,25,1,55,100
14,25,1,56,165
14,25,1,57,161
14,25,1,58,171
14,25,1,59,165
14,25,1,60,162
14,25,1,61,48
14,25,1,62,163
14,25,1,63,49
14,25,1,64,161
14,25,1,65,164
14,25,1,66,161
14,25,1,67,157
14,25,1,68,162
14,25,1,69,151
14,25,1,70,152
14,25,1,71,154
14,25,1,72,156
14,25,1,73,151
14,25,1,74,151
14,25,1,75,146
14,25,1,76,149
14,25,1,77,150
14,25,1,78,150
14,25,1,79,144
14,25,1,80,142
14,25,1,81,146
14,25,1,82,149
14,25,1,83,90
14,25,1,84,144
14,25,1,85,143
14,25,1,86,94
14,25,1,87,146
14,25,1,88,143
14,25,1,89,137
14,25,1,90,137
14,25,1,91,135
14,25,1,92,145
14,25,1,93,145
14,25,1,94,138
14,25,1,95,143
14,25,1,96,136
14,25,1,97,141
14,25,1,98,135
14,25,1,99,141
14,25,1,100,135
14,25,1,101,136
14,25,1,102,135
14,25,1,103,132
14,25,1,104,131
14,25,1,105,133
14,25,1,106,131
14,25,1,107,130
14,25,1,108,131
14,25,1,109,130
14,25,1,110,124
14,25,1,111,130
14,25,1,112,135
14,25,1,113,134
14,25,1,114,126
14,25,1,115,121
14,25,1,116,118
14,25,1,117,122
14,25,1,118,123
14,25,1,119,123
14,25,1,120,127
14,25,1,121,114
14,25,1,122,125
14,25,1,123,128
14,25,1,124,118
14,25,1,125,113
14,25,1,126,117
14,25,1,127,114
14,25,1,128,110
14,25,1,129,111
14,25,1,130,115
14,25,1,131,114
14,25,1,132,112
14,25,1,133,114
14,25,1,134,88
14,25,1,135,121
14,25,1,136,117
14,25,1,137,115
14,25,1,138,112
14,25,1,139,112
14,25,1,140,111
14,25,1,141,108
14,25,1,142,109
14,25,1,143,107
14,25,1,144,106
14,25,1,145,108
14,25,1,146,109
14,25,1,147,97
14,25,1,148,103
14,25,1,149,103
14,25,1,150,101
14,25,1,151,99
14,25,1,152,104
14,25,1,153,98
14,25,1,154,98
14,25,1,155,96
14,25,1,156,97
14,25,1,157,99
14,25,1,158,93
14,25,1,159,97
14,25,1,160,99
14,25,1,161,95
14,25,1,162,94
14,25,1,163,93
14,25,1,164,92
14,25,1,165,86
14,25,1,166,87
14,25,1,167,91
14,25,1,168,92
14,25,1,169,69
14,25,1,170,86
14,25,1,171,82
14,25,1,172,86
14,25,1,173,83
14,25,1,174,89
14,25,1,175,84
14,25,1,176,76
14,25,1,177,84
14,25,1,178,81
14,25,1,179,81
14,25,1,180,70
14,25,1,181,81
14,25,1,182,80
14,25,1,183,78
14,25,1,184,75
14,25,1,185,77
14,25,1,186,80
14,25,1,187,80
14,25,1,188,75
14,25,1,189,73
14,25,1,190,78
14,25,1,191,75
14,25,1,192,72
14,25,1,193,75
14,25,1,194,71
14,25,1,195,74
14,25,1,196,73
14,25,1,197,73
14,25,1,198,70
14,25,1,199,67
14,25,1,200,68
14,25,1,201,66
14,25,1,202,66
14,25,1,203,65
14,25,1,204,66
14,25,1,205,67
14,25,1,206,64
14,25,1,207,61
14,25,1,208,66
14,25,1,209,63
14,25,1,210,64
14,25,1,211,64
14,25,1,212,62
14,25,1,213,66
14,25,1,214,60
14,25,1,215,58
14,25,1,216,58
14,25,1,217,58
14,25,1,218,56
14,25,1,219,58
14,25,1,220,52
14,25,1,221,54
14,25,1,222,56
14,25,1,223,55
14,25,1,224,49
14,25,1,225,49
14,25,1,226,51
14,25,1,227,53
14,25,1,228,48
14,25,1,229,50
14,25,1,230,50
14,25,1,231,45
14,25,1,232,44
14,25,1,233,49
14,25,1,234,48
14,25,1,235,44
14,25,1,236,46
14,25,1,237,45
14,25,1,238,47
14,25,1,239,44
14,25,1,240,46
14,25,1,241,43
14,25,1,242,43
14,25,1,243,42
14,25,1,244,39
14,25,1,245,42
14,25,1,246,39
14,25,1,247,38
14,25,1,248,38
14,25,1,249,38
14,25,1,250,35
14,25,1,251,34
14,25,1,252,36
14,25,1,253,35
14,25,1,254,37
14,25,1,255,35
14,25,1,256,34
14,25,1,257,22
14,25,1,258,30
14,25,1,259,32
14,25,1,260,28
14,25,1,261,28
14,25,1,262,30
14,25,1,263,28
14,25,1,264,29
14,25,1,265,28
14,25,1,266,29
14,25,1,267,30
14,25,1,268,29
14,25,1,269,27
14,25,1,270,26
14,25,1,271,25
14,25,1,272,26
14,25,1,273,25
14,25,1,274,25
14,25,1,275,23
14,25,1,276,24
14,25,1,277,23
14,25,1,278,20
14,25,1,279,19
14,25,1,280,18
14,25,1,281,22
14,25,1,282,21
14,25,1,283,19
14,25,1,284,19
14,25,1,285,17
14,25,1,286,18
14,25,1,287,18
14,25,1,288,14
14,25,1,289,15
14,25,1,290,15
14,25,1,291,14
14,25,1,292,11
14,25,1,293,13
14,25,1,294,12
14,25,1,295,13
14,25,1,296,13
14,25,1,297,12
14,25,1,298,11
14,25,1,299,14
14,25,1,300,11
14,25,1,301,11
14,25,1,302,12
14,25,1,303,11
14,25,1,304,13
14,25,1,305,11
14,25,1,306,12
14,25,1,307,7
14,25,1,308,9
14,25,1,309,11
14,25,1,310,10
14,25,1,311,9
14,25,1,312,10
14,25,1,313,10
14,25,1,314,11
14,25,1,315,10
14,25,1,316,11
14,25,1,317,10
14,25,1,318,11
14,25,1,319,13
14,25,1,320,11
14,25,1,321,11
14,25,1,322,10
14,25,1,323,8
14,25,1,324,10
14,25,1,325,8
14,25,1,326,8
14,25,1,327,9
14,25,1,328,9
14,25,1,329,11
14,25,1,330,9
14,25,1,331,7
14,25,1,332,10
14,25,1,333,8
14,25,1,334,8
14,25,1,335,7
14,25,1,336,8
14,25,1,337,9
14,25,1,338,9
14,25,1,339,10
14,25,1,340,7
14,25,1,341,6
14,25,1,342,7
14,25,1,343,7
14,25,1,344,7
14,25,1,345,6
14,25,1,346,4
14,25,1,347,5
14,25,1,348,5
14,25,1,349,6
14,25,1,350,5
14,25,1,351,6
14,25,1,352,5
14,25,1,353,4
14,25,1,354,3
14,25,1,355,3
14,25,1,356,0
14,25,1,357,2
14,25,1,358,1
14,25,2,0,0
14,25,2,1,0
14,25,2,2,0
14,25,2,3,0
14,25,2,4,0
14,25,2,5,0
14,25,2,6,0
14,25,2,7,2
14,25,2,8,3
14,25,2,9,2
14,25,2,10,3
14,25,2,11,2
14,25,2,12,2
14,25,2,13,1
14,25,2,14,0
14,25,2,15,31
14,25,2,16,25
14,25,2,17,16
14,25,2,18,27
14,25,2,19,24
14,25,2,20,24
14,25,2,21,21
14,25,2,22,22
14,25,2,23,12
14,25,2,24,20
14,25,2,25,20
14,25,2,26,20
14,25,2,27,57
14,25,2,28,55
14,25,2,29,54
14,25,2,30,57
14,25,2,31,56
14,25,2,32,80
14,25,2,33,19
14,25,2,34,20
14,25,2,35,15
14,25,2,36,185
14,25,2,37,138
14,25,2,38,75
14,25,2,39,42
14,25,2,40,79
14,25,2,41,174
14,25,2,42,12
14,25,2,43,172
14,25,2,44,166
14,25,2,45,161
14,25,2,46,162
14,25,2,47,114
14,25,2,48,161
14,25,2,49,164
14,25,2,50,171
14,25,2,51,160
14,25,2,52,166
14,25,2,53,158
14,25,2,54,160
14,25,2,55,161
14,25,2,56,164
14,25,2,57,158
14,25,2,58,157
14,25,2,59,157
14,25,2,60,160
14,25,2,61,159
14,25,2,62,163
14,25,2,63,158
14,25,2,64,160
14,25,2,65,152
14,25,2,66,148
14,25,2,67,66
14,25,2,68,157
14,25,2,69,153
14,25,2,70,143
14,25,2,71,152
14,25,2,72,122
14,25,2,73,157
14,25,2,74,152
14,25,2,75,152
14,25,2,76,154
14,25,2,77,150
14,25,2,78,146
14,25,2,79,147
14,25,2,80,156
14,25,2,81,150
14,25,2,82,145
14,25,2,83,147
14,25,2,84,140
14,25,2,85,150
14,25,2,86,143
14,25,2,87,23
14,25,2,88,147
14,25,2,89,145
14,25,2,90,142
14,25,2,91,136
14,25,2,92,138
14,25,2,93,141
14,25,2,94,137
14,25,2,95,140
14,25,2,96,138
14,25,2,97,135
14,25,2,98,132
14,25,2,99,137
14,25,2,100,135
14,25,2,101,135
14,25,2,102,137
14,25,2,103,140
14,25,2,104,136
14,25,2,105,136
14,25,2,106,130
14,25,2,107,134
14,25,2,108,128
14,25,2,109,131
14,25,2,110,104
14,25,2,111,129
14,25,2,112,130
14,25,2,113,133
14,25,2,114,128
14,25,2,115,128
14,25,2,116,126
14,25,2,117,118
14,25,2,118,118
14,25,2,119,69
14,25,2,120,122
14,25,2,121,121
14,25,2,122,117
14,25,2,123,120
14,25,2,124,114
14,25,2,125,119
14,25,2,126,122
14,25,2,127,121
14,25,2,128,123
14,25,2,129,121
14,25,2,130,116
14,25,2,131,116
14,25,2,132,121
14,25,2,133,117
14,25,2,134,117
14,25,2,135,115
14,25,2,136,112
14,25,2,137,111
14,25,2,138,114
14,25,2,139,113
14,25,2,140,118
14,25,2,141,111
14,25,2,142,111
14,25,2,143,117
14,25,2,144,111
14,25,2,145,111
14,25,2,146,110
14,25,2,147,105
14,25,2,148,107
14,25,2,149,105
14,25,2,150,105
14,25,2,151,95
14,25,2,152,109
14,25,2,153,101
14,25,2,154,104
14,25,2,155,102
14,25,2,156,100
14,25,2,157,97
14,25,2,158,101
14,25,2,159,93
14,25,2,160,100
14,25,2,161,100
14,25,2,162,98
14,25,2,163,96
14,25,2,164,90
14,25,2,165,95
14,25,2,166,84
14,25,2,167,91
14,25,2,168,93
14,25,2,169,94
14,25,2,170,93
14,25,2,171,88
14,25,2,172,90
14,25,2,173,85
14,25,2,174,88
14,25,2,175,89
14,25,2,176,88
14,25,2,177,84
14,25,2,178,83
14,25,2,179,83
14,25,2,180,87
14,25,2,181,85
14,25,2,182,79
14,25,2,183,86
14,25,2,184,82
14,25,2,185,71
14,25,2,186,80
14,25,2,187,78
14,25,2,188,79
14,25,2,189,74
14,25,2,190,78
14,25,2,191,76
14,25,2,192,76
14,25,2,193,76
14,25,2,194,73
14,25,2,195,75
14,25,2,196,70
14,25,2,197,70
14,25,2,198,70
14,25,2,199,73
14,25,2,200,66
14,25,2,201,70
14,25,2,202,66
14,25,2,203,69
14,25,2,204,67
14,25,2,205,67
14,25,2,206,64
14,25,2,207,66
14,25,2,208,65
14,25,2,209,64
14,25,2,210,60
14,25,2,211,61
14,25,2,212,61
14,25,2,213,60
14,25,2,214,61
14,25,2,215,57
14,25,2,216,58
14,25,2,217,57
14,25,2,218,58
14,25,2,219,52
14,25,2,220,59
14,25,2,221,58
14,25,2,222,55
14,25,2,223,56
14,25,2,224,56
14,25,2,225,55
14,25,2,226,53
14,25,2,227,50
14,25,2,228,48
14,25,2,229,46
14,25,2,230,50
14,25,2,231,46
14,25,2,232,45
14,25,2,233,44
14,25,2,234,46
14,25,2,235,42
14,25,2,236,46
14,25,2,237,47
14,25,2,238,44
14,25,2,239,46
14,25,2,240,42
14,25,2,241,42
14,25,2,242,42
14,25,2,243,42
14,25,2,244,40
14,25,2,245,40
14,25,2,246,34
14,25,2,247,39
14,25,2,248,38
14,25,2,249,35
14,25,2,250,40
14,25,2,251,36
14,25,2,252,36
14,25,2,253,35
14,25,2,254,33
14,25,2,255,34
14,25,2,256,29
14,25,2,257,28
14,25,2,258,31
14,25,2,259,31
14,25,2,260,31
14,25,2,261,31
14,25,2,262,28
14,25,2,263,27
14,25,2,264,25
14,25,2,265,30
14,25,2,266,28
14,25,2,267,25
14,25,2,268,28
14,25,2,269,28
14,25,2,270,24
14,25,2,271,25
14,25,2,272,25
14,25,2,273,24
14,25,2,274,24
14,25,2,275,21
14,25,2,276,21
14,25,2,277,19
14,25,2,278,21
14,25,2,279,20
14,25,2,280,20
14,25,2,281,20
14,25,2,282,20
14,25,2,283,19
14,25,2,284,21
14,25,2,285,19
14,25,2,286,19
14,25,2,287,18
14,25,2,288,18
14,25,2,289,18
14,25,2,290,16
14,25,2,291,18
14,25,2,292,16
14,25,2,293,16
14,25,2,294,13
14,25,2,295,17
14,25,2,296,13
14,25,2,297,17
14,25,2,298,16
14,25,2,299,15
14,25,2,300,13
14,25,2,301,14
14,25,2,302,13
14,25,2,303,12
14,25,2,304,12
14,25,2,305,12
14,25,2,306,12
14,25,2,307,12
14,25,2,308,10
14,25,2,309,11
14,25,2,310,10
14,25,2,311,12
14,25,2,312,13
14,25,2,313,12
14,25,2,314,12
14,25,2,315,9
14,25,2,316,11
14,25,2,317,11
14,25,2,318,8
14,25,2,319,9
14,25,2,320,10
14,25,2,321,10
14,25,2,322,8
14,25,2,323,8
14,25,2,324,7
14,25,2,325,7
14,25,2,326,8
14,25,2,327,8
14,25,2,328,8
14,25,2,329,7
14,25,2,330,7
14,25,2,331,8
14,25,2,332,7
14,25,2,333,8
14,25,2,334,9
14,25,2,335,8
14,25,2,336,8
14,25,2,337,9
14,25,2,338,11
14,25,2,339,10
14,25,2,340,10
14,25,2,341,8
14,25,2,342,8
14,25,2,343,8
14,25,2,344,7
14,25,2,345,7
14,25,2,346,5
14,25,2,347,6
14,25,2,348,4
14,25,2,349,6
14,25,2,350,6
14,25,2,351,5
14,25,2,352,4
14,25,2,353,4
14,25,2,354,2
14,25,2,355,1
14,25,2,356,0
14,25,2,357,1
14,25,3,0,0
14,25,3,1,0
14,25,3,2,0
14,25,3,3,0
14,25,3,4,0
14,25,3,5,1
14,25,3,6,0
14,25,3,7,4
14,25,3,8,2
14,25,3,9,12
14,25,3,10,13
14,25,3,11,0
14,25,3,12,30
14,25,3,13,30
14,25,3,14,13
14,25,3,15,11
14,25,3,16,15
14,25,3,17,21
14,25,3,18,4
14,25,3,19,25
14,25,3,20,24
14,25,3,21,17
14,25,3,22,26
14,25,3,23,23
14,25,3,24,26
14,25,3,25,25
14,25,3,26,25
14,25,3,27,20
14,25,3,28,53
14,25,3,29,17
14,25,3,30,92
14,25,3,31,19
14,25,3,32,78
14,25,3,33,82
14,25,3,34,137
14,25,3,35,131
14,25,3,36,127
14,25,3,37,180
14,25,3,38,190
14,25,3,39,175
14,25,3,40,95
14,25,3,41,156
14,25,3,42,154
14,25,3,43,171
14,25,3,44,169
14,25,3,45,151
14,25,3,46,168
14,25,3,47,166
14,25,3,48,161
14,25,3,49,164
14,25,3,50,166
14,25,3,51,165
14,25,3,52,166
14,25,3,53,150
14,25,3,54,149
14,25,3,55,153
14,25,3,56,166
14,25,3,57,155
14,25,3,58,135
14,25,3,59,158
14,25,3,60,159
14,25,3,61,159
14,25,3,62,156
14,25,3,63,158
14,25,3,64,149
14,25,3,65,152
14,25,3,66,154
14,25,3,67,159
14,25,3,68,154
14,25,3,69,153
14,25,3,70,153
14,25,3,71,150
14,25,3,72,149
14,25,3,73,150
14,25,3,74,34
14,25,3,75,146
14,25,3,76,144
14,25,3,77,142
14,25,3,78,148
14,25,3,79,141
14,25,3,80,146
14,25,3,81,146
14,25,3,82,144
14,25,3,83,149
14,25,3,84,150
14,25,3,85,142
14,25,3,86,141
14,25,3,87,26
14,25,3,88,138
14,25,3,89,146
14,25,3,90,148
14,25,3,91,143
14,25,3,92,140
14,25,3,93,140
14,25,3,94,142
14,25,3,95,142
14,25,3,96,139
14,25,3,97,140
14,25,3,98,138
14,25,3,99,139
14,25,3,100,138
14,25,3,101,136
14,25,3,102,128
14,25,3,103,129
14,25,3,104,134
14,25,3,105,127
14,25,3,106,128
14,25,3,107,134
14,25,3,108,136
14,25,3,109,136
14,25,3,110,126
14,25,3,111,129
14,25,3,112,132
14,25,3,113,132
14,25,3,114,135
14,25,3,115,123
14,25,3,116,129
14,25,3,117,125
14,25,3,118,121
14,25,3,119,126
14,25,3,120,125
14,25,3,121,123
14,25,3,122,116
14,25,3,123,120
14,25,3,124,109
14,25,3,125,114
14,25,3,126,119
14,25,3,127,114
14,25,3,128,113
14,25,3,129,112
14,25,3,130,114
14,25,3,131,108
14,25,3,132,105
14,25,3,133,106
14,25,3,134,106
14,25,3,135,109
14,25,3,136,114
14,25,3,137,109
14,25,3,138,112
14,25,3,139,109
14,25,3,140,113
14,25,3,141,112
14,25,3,142,106
14,25,3,143,109
14,25,3,144,110
14,25,3,145,51
14,25,3,146,109
14,25,3,147,108
14,25,3,148,49
14,25,3,149,101
14,25,3,150,95
14,25,3,151,106
14,25,3,152,101
14,25,3,153,101
14,25,3,154,103
14,25,3,155,102
14,25,3,156,99
14,25,3,157,95
14,25,3,158,94
14,25,3,159,98
14,25,3,160,98
14,25,3,161,99
14,25,3,162,98
14,25,3,163,92
14,25,3,164,92
14,25,3,165,44
14,25,3,166,89
14,25,3,167,45
14,25,3,168,44
14,25,3,169,49
14,25,3,170,93
14,25,3,171,88
14,25,3,172,93
14,25,3,173,92
14,25,3,174,91
14,25,3,175,39
14,25,3,176,85
14,25,3,177,91
14,25,3,178,92
14,25,3,179,88
14,25,3,180,84
14,25,3,181,78
14,25,3,182,85
14,25,3,183,82
14,25,3,184,83
14,25,3,185,81
14,25,3,186,78
14,25,3,187,78
14,25,3,188,74
14,25,3,189,77
14,25,3,190,78
14,25,3,191,61
14,25,3,192,78
14,25,3,193,78
14,25,3,194,78
14,25,3,195,74
14,25,3,196,71
14,25,3,197,72
14,25,3,198,77
14,25,3,199,80
14,25,3,200,73
14,25,3,201,69
14,25,3,202,67
14,25,3,203,64
14,25,3,204,64
14,25,3,205,66
14,25,3,206,71
14,25,3,207,68
14,25,3,208,70
14,25,3,209,65
14,25,3,210,66
14,25,3,211,65
14,25,3,212,63
14,25,3,213,64
14,25,3,214,65
14,25,3,215,62
14,25,3,216,60
14,25,3,217,63
14,25,3,218,63
14,25,3,219,62
14,25,3,220,60
14,25,3,221,52
14,25,3,222,54
14,25,3,223,57
14,25,3,224,60
14,25,3,225,58
14,25,3,226,55
14,25,3,227,53
14,25,3,228,53
14,25,3,229,53
14,25,3,230,53
14,25,3,231,54
14,25,3,232,55
14,25,3,233,51
14,25,3,234,51
14,25,3,235,48
14,25,3,236,47
14,25,3,237,47
14,25,3,238,47
14,25,3,239,46
14,25,3,240,47
14,25,3,241,45
14,25,3,242,44
14,25,3,243,45
14,25,3,244,40
14,25,3,245,45
14,25,3,246,43
14,25,3,247,43
14,25,3,248,41
14,25,3,249,41
14,25,3,250,43
14,25,3,251,41
14,25,3,252,40
14,25,3,253,37
14,25,3,254,39
14,25,3,255,38
14,25,3,256,33
14,25,3,257,38
14,25,3,258,34
14,25,3,259,35
14,25,3,260,33
14,25,3,261,30
14,25,3,262,31
14,25,3,263,29
14,25,3,264,32
14,25,3,265,31
14,25,3,266,28
14,25,3,267,31
14,25,3,268,28
14,25,3,269,27
14,25,3,270,26
14,25,3,271,27
14,25,3,272,28
14,25,3,273,25
14,25,3,274,26
14,25,3,275,26
14,25,3,276,27
14,25,3,277,28
14,25,3,278,24
14,25,3,279,26
14,25,3,280,25
14,25,3,281,23
14,25,3,282,22
14,25,3,283,21
14,25,3,284,20
14,25,3,285,22
14,25,3,286,21
14,25,3,287,19
14,25,3,288,20
14,25,3,289,20
14,25,3,290,17
14,25,3,291,16
14,25,3,292,15
14,25,3,293,17
14,25,3,294,19
14,25,3,295,17
14,25,3,296,16
14,25,3,297,16
14,25,3,298,15
14,25,3,299,15
14,25,3,300,18
14,25,3,301,15
14,25,3,302,15
14,25,3,303,14
14,25,3,304,13
14,25,3,305,14
14,25,3,306,13
14,25,3,307,11
14,25,3,308,11
14,25,3,309,10
14,25,3,310,12
14,25,3,311,11
14,25,3,312,12
14,25,3,313,11
14,25,3,314,11
14,25,3,315,10
14,25,3,316,9
14,25,3,317,10
14,25,3,318,10
14,25,3,319,10
14,25,3,320,9
14,25,3,321,9
14,25,3,322,9
14,25,3,323,9
14,25,3,324,10
14,25,3,325,10
14,25,3,326,8
14,25,3,327,10
14,25,3,328,10
14,25,3,329,8
14,25,3,330,8
14,25,3,331,9
14,25,3,332,10
14,25,3,333,9
14,25,3,334,8
14,25,3,335,7
14,25,3,336,8
14,25,3,337,7
14,25,3,338,6
14,25,3,339,7
14,25,3,340,9
14,25,3,341,8
14,25,3,342,7
14,25,3,343,6
14,25,3,344,6
14,25,3,345,6
14,25,3,346,6
14,25,3,347,6
14,25,3,348,4
14,25,3,349,7
14,25,3,350,4
14,25,3,351,4
14,25,3,352,0
14,25,3,353,0
14,25,3,354,0
14,25,3,355,0
14,25,3,356,2
14,25,3,357,2
14,25,3,358,2
14,25,3,359,1
14,25,4,0,0
14,25,4,1,0
14,25,4,2,0
14,25,4,3,0
14,25,4,4,0
14,25,4,5,0
14,25,4,6,2
14,25,4,7,1
14,25,4,8,0
14,25,4,9,3
14,25,4,10,2
14,25,4,11,1
14,25,4,12,0
14,25,4,13,0
14,25,4,14,28
14,25,4,15,13
14,25,4,16,0
14,25,4,17,23
14,25,4,18,25
14,25,4,19,19
14,25,4,20,21
14,25,4,21,56
14,25,4,22,17
14,25,4,23,22
14,25,4,24,32
14,25,4,25,56
14,25,4,26,59
14,25,4,27,61
14,25,4,28,55
14,25,4,29,107
14,25,4,30,105
14,25,4,31,116
14,25,4,32,204
14,25,4,33,110
14,25,4,34,55
14,25,4,35,186
14,25,4,36,16
14,25,4,37,12
14,25,4,38,142
14,25,4,39,177
14,25,4,40,173
14,25,4,41,14
14,25,4,42,68
14,25,4,43,177
14,25,4,44,43
14,25,4,45,16
14,25,4,46,41
14,25,4,47,18
14,25,4,48,172
14,25,4,49,161
14,25,4,50,167
14,25,4,51,171
14,25,4,52,173
14,25,4,53,166
14,25,4,54,159
14,25,4,55,160
14,25,4,56,66
14,25,4,57,64
14,25,4,58,160
14,25,4,59,158
14,25,4,60,149
14,25,4,61,157
14,25,4,62,146
14,25,4,63,160
14,25,4,64,163
14,25,4,65,166
14,25,4,66,163
14,25,4,67,155
14,25,4,68,153
14,25,4,69,157
14,25,4,70,152
14,25,4,71,152
14,25,4,72,157
14,25,4,73,128
14,25,4,74,147
14,25,4,75,147
14,25,4,76,141
14,25,4,77,150
14,25,4,78,123
14,25,4,79,147
14,25,4,80,143
14,25,4,81,143
14,25,4,82,148
14,25,4,83,143
14,25,4,84,140
14,25,4,85,141
14,25,4,86,142
14,25,4,87,131
14,25,4,88,140
14,25,4,89,144
14,25,4,90,131
14,25,4,91,142
14,25,4,92,144
14,25,4,93,118
14,25,4,94,142
14,25,4,95,136
14,25,4,96,146
14,25,4,97,135
14,25,4,98,142
14,25,4,99,131
14,25,4,100,141
14,25,4,101,139
14,25,4,102,132
14,25,4,103,129
14,25,4,104,131
14,25,4,105,128
14,25,4,106,135
14,25,4,107,131
14,25,4,108,138
14,25,4,109,133
14,25,4,110,132
14,25,4,111,134
14,25,4,112,136
14,25,4,113,119
14,25,4,114,117
14,25,4,115,124
14,25,4,116,121
14,25,4,117,124
14,25,4,118,119
14,25,4,119,124
14,25,4,120,124
14,25,4,121,124
14,25,4,122,126
14,25,4,123,123
14,25,4,124,114
14,25,4,125,125
14,25,4,126,118
14,25,4,127,122
14,25,4,128,113
14,25,4,129,115
14,25,4,130,115
14,25,4,131,116
14,25,4,132,116
14,25,4,133,117
14,25,4,134,111
14,25,4,135,111
14,25,4,136,111
14,25,4,137,113
14,25,4,138,112
14,25,4,139,109
14,25,4,140,91
14,25,4,141,71
14,25,4,142,102
14,25,4,143,110
14,25,4,144,109
14,25,4,145,107
14,25,4,146,110
14,25,4,147,111
14,25,4,148,101
14,25,4,149,105
14,25,4,150,105
14,25,4,151,103
14,25,4,152,105
14,25,4,153,104
14,25,4,154,100
14,25,4,155,98
14,25,4,156,95
14,25,4,157,96
14,25,4,158,95
14,25,4,159,99
14,25,4,160,103
14,25,4,161,98
14,25,4,162,104
14,25,4,163,101
14,25,4,164,95
14,25,4,165,97
14,25,4,166,91
14,25,4,167,95
14,25,4,168,93
14,25,4,169,88
14,25,4,170,92
14,25,4,171,84
14,25,4,172,88
14,25,4,173,88
14,25,4,174,91
14,25,4,175,89
14,25,4,176,84
14,25,4,177,80
14,25,4,178,81
14,25,4,179,87
14,25,4,180,87
14,25,4,181,87
14,25,4,182,78
14,25,4,183,58
14,25,4,184,84
14,25,4,185,90
14,25,4,186,83
14,25,4,187,82
14,25,4,188,84
14,25,4,189,83
14,25,4,190,60
14,25,4,191,59
14,25,4,192,75
14,25,4,193,83
14,25,4,194,75
14,25,4,195,75
14,25,4,196,77
14,25,4,197,80
14,25,4,198,80
14,25,4,199,77
14,25,4,200,76
14,25,4,201,73
14,25,4,202,72
14,25,4,203,70
14,25,4,204,66
14,25,4,205,71
14,25,4,206,68
14,25,4,207,66
14,25,4,208,71
14,25,4,209,57
14,25,4,210,69
14,25,4,211,64
14,25,4,212,58
14,25,4,213,53
14,25,4,214,64
14,25,4,215,61
14,25,4,216,56
14,25,4,217,52
14,25,4,218,52
14,25,4,219,57
14,25,4,220,57
14,25,4,221,51
14,25,4,222,47
14,25,4,223,46
14,25,4,224,54
14,25,4,225,55
14,25,4,226,52
14,25,4,227,51
14,25,4,228,48
14,25,4,229,44
14,25,4,230,46
14,25,4,231,52
14,25,4,232,49
14,25,4,233,46
14,25,4,234,47
14,25,4,235,46
14,25,4,236,46
14,25,4,237,44
14,25,4,238,42
14,25,4,239,44
14,25,4,240,43
14,25,4,241,44
14,25,4,242,40
14,25,4,243,45
14,25,4,244,43
14,25,4,245,35
14,25,4,246,40
14,25,4,247,37
14,25,4,248,38
14,25,4,249,37
14,25,4,250,36
14,25,4,251,35
14,25,4,252,34
14,25,4,253,38
14,25,4,254,35
14,25,4,255,32
14,25,4,256,34
14,25,4,257,32
14,25,4,258,32
14,25,4,259,34
14,25,4,260,30
14,25,4,261,30
14,25,4,262,34
14,25,4,263,27
14,25,4,264,28
14,25,4,265,28
14,25,4,266,29
14,25,4,267,28
14,25,4,268,29
14,25,4,269,27
14,25,4,270,26
14,25,4,271,25
14,25,4,272,24
14,25,4,273,24
14,25,4,274,20
14,25,4,275,23
14,25,4,276,19
14,25,4,277,22
14,25,4,278,22
14,25,4,279,21
14,25,4,280,19
14,25,4,281,16
14,25,4,282,19
14,25,4,283,15
14,25,4,284,17
14,25,4,285,16
14,25,4,286,16
14,25,4,287,16
14,25,4,288,16
14,25,4,289,14
14,25,4,290,13
14,25,4,291,14
14,25,4,292,13
14,25,4,293,12
14,25,4,294,15
14,25,4,295,14
14,25,4,296,15
14,25,4,297,12
14,25,4,298,13
14,25,4,299,13
14,25,4,300,13
14,25,4,301,13
14,25,4,302,11
14,25,4,303,12
14,25,4,304,13
14,25,4,305,12
14,25,4,306,12
14,25,4,307,13
14,25,4,308,11
14,25,4,309,13
14,25,4,310,11
14,25,4,311,11
14,25,4,312,12
14,25,4,313,12
14,25,4,314,12
14,25,4,315,9
14,25,4,316,10
14,25,4,317,8
14,25,4,318,6
14,25,4,319,7
14,25,4,320,9
14,25,4,321,8
14,25,4,322,8
14,25,4,323,7
14,25,4,324,8
14,25,4,325,9
14,25,4,326,8
14,25,4,327,6
14,25,4,328,8
14,25,4,329,11
14,25,4,330,10
14,25,4,331,6
14,25,4,332,8
14,25,4,333,8
14,25,4,334,8
14,25,4,335,10
14,25,4,336,10
14,25,4,337,5
14,25,4,338,8
14,25,4,339,6
14,25,4,340,5
14,25,4,341,5
14,25,4,342,8
14,25,4,343,6
14,25,4,344,7
14,25,4,345,6
14,25,4,346,6
14,25,4,347,7
14,25,4,348,8
14,25,4,349,7
14,25,4,350,7
14,25,4,351,4
14,25,4,352,4
14,25,4,353,4
14,25,4,354,4
14,25,4,355,2
14,25,4,356,3
14,25,4,357,0
14,25,4,358,2
14,25,4,359,1
14,25,5,0,0
14,25,5,1,0
14,25,5,2,0
14,25,5,3,0
14,25,5,4,0
14,25,5,5,0
14,25,5,6,0
14,25,5,7,3
14,25,5,8,9
14,25,5,9,14
14,25,5,10,13
14,25,5,11,9
14,25,5,12,20
14,25,5,13,28
14,25,5,14,22
14,25,5,15,17
14,25,5,16,16
14,25,5,17,16
14,25,5,18,24
14,25,5,19,22
14,25,5,20,56
14,25,5,21,52
14,25,5,22,84
14,25,5,23,18
14,25,5,24,60
14,25,5,25,19
14,25,5,26,53
14,25,5,27,29
14,25,5,28,23
14,25,5,29,22
14,25,5,30,20
14,25,5,31,21
14,25,5,32,16
14,25,5,33,14
14,25,5,34,70
14,25,5,35,14
14,25,5,36,14
14,25,5,37,178
14,25,5,38,66
14,25,5,39,12
14,25,5,40,166
14,25,5,41,168
14,25,5,42,10
14,25,5,43,96
14,25,5,44,179
14,25,5,45,94
14,25,5,46,142
14,25,5,47,168
14,25,5,48,44
14,25,5,49,170
14,25,5,50,168
14,25,5,51,171
14,25,5,52,169
14,25,5,53,164
14,25,5,54,158
14,25,5,55,163
14,25,5,56,164
14,25,5,57,164
14,25,5,58,166
14,25,5,59,167
14,25,5,60,159
14,25,5,61,161
14,25,5,62,70
14,25,5,63,127
14,25,5,64,158
14,25,5,65,162
14,25,5,66,163
14,25,5,67,155
14,25,5,68,47
14,25,5,69,152
14,25,5,70,149
14,25,5,71,158
14,25,5,72,147
14,25,5,73,150
14,25,5,74,146
14,25,5,75,145
14,25,5,76,146
14,25,5,77,151
14,25,5,78,148
14,25,5,79,145
14,25,5,80,139
14,25,5,81,142
14,25,5,82,148
14,25,5,83,141
14,25,5,84,140
14,25,5,85,150
14,25,5,86,139
14,25,5,87,141
14,25,5,88,106
14,25,5,89,143
14,25,5,90,135
14,25,5,91,132
14,25,5,92,136
14,25,5,93,141
14,25,5,94,143
14,25,5,95,138
14,25,5,96,130
14,25,5,97,129
14,25,5,98,43
14,25,5,99,131
14,25,5,100,134
14,25,5,101,131
14,25,5,102,132
14,25,5,103,125
14,25,5,104,125
14,25,5,105,133
14,25,5,106,134
14,25,5,107,130
14,25,5,108,133
14,25,5,109,131
14,25,5,110,136
14,25,5,111,132
14,25,5,112,128
14,25,5,113,127
14,25,5,114,131
14,25,5,115,42
14,25,5,116,127
14,25,5,117,125
14,25,5,118,121
14,25,5,119,126
14,25,5,120,105
14,25,5,121,120
14,25,5,122,117
14,25,5,123,118
14,25,5,124,115
14,25,5,125,117
14,25,5,126,120
14,25,5,127,117
14,25,5,128,121
14,25,5,129,117
14,25,5,130,117
14,25,5,131,111
14,25,5,132,112
14,25,5,133,115
14,25,5,134,115
14,25,5,135,123
14,25,5,136,117
14,25,5,137,118
14,25,5,138,65
14,25,5,139,108
14,25,5,140,107
14,25,5,141,116
14,25,5,142,115
14,25,5,143,110
14,25,5,144,104
14,25,5,145,104
14,25,5,146,103
14,25,5,147,105
14,25,5,148,91
14,25,5,149,96
14,25,5,150,109
14,25,5,151,110
14,25,5,152,104
14,25,5,153,101
14,25,5,154,102
14,25,5,155,99
14,25,5,156,99
14,25,5,157,86
14,25,5,158,99
14,25,5,159,102
14,25,5,160,90
14,25,5,161,95
14,25,5,162,101
14,25,5,163,88
14,25,5,164,96
14,25,5,165,99
14,25,5,166,91
14,25,5,167,94
14,25,5,168,98
14,25,5,169,94
14,25,5,170,91
14,25,5,171,94
14,25,5,172,90
14,25,5,173,90
14,25,5,174,91
14,25,5,175,96
14,25,5,176,94
14,25,5,177,83
14,25,5,178,89
14,25,5,179,79
14,25,5,180,83
14,25,5,181,85
14,25,5,182,83
14,25,5,183,82
14,25,5,184,83
14,25,5,185,84
14,25,5,186,84
14,25,5,187,82
14,25,5,188,83
14,25,5,189,79
14,25,5,190,78
14,25,5,191,22
14,25,5,192,79
14,25,5,193,82
14,25,5,194,74
14,25,5,195,72
14,25,5,196,72
14,25,5,197,75
14,25,5,198,77
14,25,5,199,70
14,25,5,200,72
14,25,5,201,73
14,25,5,202,69
14,25,5,203,73
14,25,5,204,71
14,25,5,205,70
14,25,5,206,73
14,25,5,207,68
14,25,5,208,66
14,25,5,209,68
14,25,5,210,66
14,25,5,211,66
14,25,5,212,62
14,25,5,213,62
14,25,5,214,63
14,25,5,215,62
14,25,5,216,62
14,25,5,217,65
14,25,5,218,66
14,25,5,219,65
14,25,5,220,63
14,25,5,221,59
14,25,5,222,57
14,25,5,223,56
14,25,5,224,57
14,25,5,225,57
14,25,5,226,59
14,25,5,227,55
14,25,5,228,53
14,25,5,229,51
14,25,5,230,56
14,25,5,231,58
14,25,5,232,52
14,25,5,233,56
14,25,5,234,56
14,25,5,235,55
14,25,5,236,53
14,25,5,237,52
14,25,5,238,51
14,25,5,239,49
14,25,5,240,48
14,25,5,241,48
14,25,5,242,47
14,25,5,243,40
14,25,5,244,46
14,25,5,245,44
14,25,5,246,41
14,25,5,247,40
14,25,5,248,45
14,25,5,249,43
14,25,5,250,38
14,25,5,251,37
14,25,5,252,38
14,25,5,253,37
14,25,5,254,38
14,25,5,255,40
14,25,5,256,37
14,25,5,257,35
14,25,5,258,35
14,25,5,259,34
14,25,5,260,28
14,25,5,261,34
14,25,5,262,35
14,25,5,263,32
14,25,5,264,27
14,25,5,265,29
14,25,5,266,26
14,25,5,267,30
14,25,5,268,26
14,25,5,269,27
14,25,5,270,29
14,25,5,271,28
14,25,5,272,26
14,25,5,273,27
14,25,5,274,23
14,25,5,275,25
14,25,5,276,25
14,25,5,277,20
14,25,5,278,24
14,25,5,279,19
14,25,5,280,23
14,25,5,281,23
14,25,5,282,22
14,25,5,283,22
14,25,5,284,21
14,25,5,285,21
14,25,5,286,17
14,25,5,287,21
14,25,5,288,19
14,25,5,289,18
14,25,5,290,18
14,25,5,291,18
14,25,5,292,17
14,25,5,293,14
14,25,5,294,16
14,25,5,295,15
14,25,5,296,15
14,25,5,297,14
14,25,5,298,13
14,25,5,299,11
14,25,5,300,13
14,25,5,301,14
14,25,5,302,12
14,25,5,303,11
14,25,5,304,14
14,25,5,305,13
14,25,5,306,13
14,25,5,307,12
14,25,5,308,10
14,25,5,309,12
14,25,5,310,12
14,25,5,311,11
14,25,5,312,11
14,25,5,313,9
14,25,5,314,12
14,25,5,315,11
14,25,5,316,10
14,25,5,317,10
14,25,5,318,11
14,25,5,319,11
14,25,5,320,10
14,25,5,321,10
14,25,5,322,10
14,25,5,323,9
14,25,5,324,8
14,25,5,325,7
14,25,5,326,8
14,25,5,327,7
14,25,5,328,8
14,25,5,329,9
14,25,5,330,7
14,25,5,331,9
14,25,5,332,7
14,25,5,333,7
14,25,5,334,8
14,25,5,335,8
14,25,5,336,8
14,25,5,337,9
14,25,5,338,7
14,25,5,339,7
14,25,5,340,7
14,25,5,341,7
14,25,5,342,8
14,25,5,343,5
14,25,5,344,6
14,25,5,345,6
14,25,5,346,8
14,25,5,347,6
14,25,5,348,6
14,25,5,349,5
14,25,5,350,4
14,25,5,351,3
14,25,5,352,3
14,25,5,353,0
14,25,5,354,3
14,25,5,355,2
14,25,5,356,0
14,25,5,357,0
14,25,5,358,1
14,25,6,0,0
14,25,6,1,0
14,25,6,2,0
14,25,6,3,0
14,25,6,4,0
14,25,6,5,1
14,25,6,6,0
14,25,6,7,3
14,25,6,8,1
14,25,6,9,0
14,25,6,10,13
14,25,6,11,20
14,25,6,12,0
14,25,6,13,39
14,25,6,14,29
14,25,6,15,18
14,25,6,16,33
14,25,6,17,28
14,25,6,18,24
14,25,6,19,14
14,25,6,20,18
14,25,6,21,52
14,25,6,22,22
14,25,6,23,44
14,25,6,24,56
14,25,6,25,90
14,25,6,26,52
14,25,6,27,82
14,25,6,28,17
14,25,6,29,74
14,25,6,30,43
14,25,6,31,49
14,25,6,32,50
14,25,6,33,77
14,25,6,34,47
14,25,6,35,15
14,25,6,36,104
14,25,6,37,71
14,25,6,38,44
14,25,6,39,42
14,25,6,40,42
14,25,6,41,178
14,25,6,42,72
14,25,6,43,40
14,25,6,44,170
14,25,6,45,169
14,25,6,46,169
14,25,6,47,170
14,25,6,48,174
14,25,6,49,173
14,25,6,50,171
14,25,6,51,168
14,25,6,52,161
14,25,6,53,159
14,25,6,54,159
14,25,6,55,161
14,25,6,56,59
14,25,6,57,155
14,25,6,58,154
14,25,6,59,159
14,25,6,60,162
14,25,6,61,138
14,25,6,62,156
14,25,6,63,152
14,25,6,64,143
14,25,6,65,158
14,25,6,66,156
14,25,6,67,150
14,25,6,68,158
14,25,6,69,149
14,25,6,70,157
14,25,6,71,151
14,25,6,72,158
14,25,6,73,154
14,25,6,74,153
14,25,6,75,145
14,25,6,76,145
14,25,6,77,148
14,25,6,78,143
14,25,6,79,138
14,25,6,80,141
14,25,6,81,142
14,25,6,82,137
14,25,6,83,142
14,25,6,84,141
14,25,6,85,144
14,25,6,86,144
14,25,6,87,137
14,25,6,88,145
14,25,6,89,140
14,25,6,90,144
14,25,6,91,115
14,25,6,92,141
14,25,6,93,145
14,25,6,94,139
14,25,6,95,139
14,25,6,96,132
14,25,6,97,139
14,25,6,98,130
14,25,6,99,130
14,25,6,100,133
14,25,6,101,133
14,25,6,102,133
14,25,6,103,135
14,25,6,104,132
14,25,6,105,123
14,25,6,106,128
14,25,6,107,128
14,25,6,108,132
14,25,6,109,124
14,25,6,110,116
14,25,6,111,126
14,25,6,112,130
14,25,6,113,128
14,25,6,114,126
14,25,6,115,124
14,25,6,116,118
14,25,6,117,124
14,25,6,118,123
14,25,6,119,122
14,25,6,120,124
14,25,6,121,123
14,25,6,122,119
14,25,6,123,114
14,25,6,124,116
14,25,6,125,113
14,25,6,126,118
14,25,6,127,118
14,25,6,128,115
14,25,6,129,114
14,25,6,130,114
14,25,6,131,110
14,25,6,132,49
14,25,6,133,108
14,25,6,134,101
14,25,6,135,107
14,25,6,136,102
14,25,6,137,103
14,25,6,138,104
14,25,6,139,107
14,25,6,140,103
14,25,6,141,108
14,25,6,142,36
14,25,6,143,104
14,25,6,144,44
14,25,6,145,105
14,25,6,146,104
14,25,6,147,105
14,25,6,148,101
14,25,6,149,101
14,25,6,150,103
14,25,6,151,97
14,25,6,152,99
14,25,6,153,100
14,25,6,154,100
14,25,6,155,98
14,25,6,156,97
14,25,6,157,95
14,25,6,158,95
14,25,6,159,90
14,25,6,160,90
14,25,6,161,92
14,25,6,162,91
14,25,6,163,90
14,25,6,164,93
14,25,6,165,95
14,25,6,166,88
14,25,6,167,89
14,25,6,168,88
14,25,6,169,90
14,25,6,170,91
14,25,6,171,93
14,25,6,172,90
14,25,6,173,84
14,25,6,174,88
14,25,6,175,84
14,25,6,176,78
14,25,6,177,80
14,25,6,178,83
14,25,6,179,80
14,25,6,180,81
14,25,6,181,86
14,25,6,182,84
14,25,6,183,81
14,25,6,184,85
14,25,6,185,82
14,25,6,186,80
14,25,6,187,79
14,25,6,188,78
14,25,6,189,77
14,25,6,190,75
14,25,6,191,76
14,25,6,192,74
14,25,6,193,81
14,25,6,194,80
14,25,6,195,72
14,25,6,196,79
14,25,6,197,74
14,25,6,198,69
14,25,6,199,68
14,25,6,200,71
14,25,6,201,71
14,25,6,202,72
14,25,6,203,68
14,25,6,204,66
14,25,6,205,63
14,25,6,206,64
14,25,6,207,63
14,25,6,208,65
14,25,6,209,67
14,25,6,210,64
14,25,6,211,30
14,25,6,212,63
14,25,6,213,61
14,25,6,214,63
14,25,6,215,59
14,25,6,216,57
14,25,6,217,62
14,25,6,218,62
14,25,6,219,63
14,25,6,220,59
14,25,6,221,59
14,25,6,222,63
14,25,6,223,63
14,25,6,224,59
14,25,6,225,61
14,25,6,226,61
14,25,6,227,61
14,25,6,228,58
14,25,6,229,56
14,25,6,230,56
14,25,6,231,50
14,25,6,232,51
14,25,6,233,51
14,25,6,234,51
14,25,6,235,52
14,25,6,236,53
14,25,6,237,51
14,25,6,238,52
14,25,6,239,49
14,25,6,240,47
14,25,6,241,47
14,25,6,242,44
14,25,6,243,49
14,25,6,244,47
14,25,6,245,47
14,25,6,246,48
14,25,6,247,46
14,25,6,248,43
14,25,6,249,48
14,25,6,250,45
14,25,6,251,45
14,25,6,252,41
14,25,6,253,40
14,25,6,254,39
14,25,6,255,40
14,25,6,256,38
14,25,6,257,35
14,25,6,258,33
14,25,6,259,26
14,25,6,260,30
14,25,6,261,32
14,25,6,262,30
14,25,6,263,29
14,25,6,264,23
14,25,6,265,31
14,25,6,266,20
14,25,6,267,30
14,25,6,268,29
14,25,6,269,26
14,25,6,270,29
14,25,6,271,26
14,25,6,272,26
14,25,6,273,26
14,25,6,274,24
14,25,6,275,23
14,25,6,276,23
14,25,6,277,21
14,25,6,278,20
14,25,6,279,21
14,25,6,280,21
14,25,6,281,20
14,25,6,282,21
14,25,6,283,20
14,25,6,284,20
14,25,6,285,18
14,25,6,286,18
14,25,6,287,18
14,25,6,288,17
14,25,6,289,19
14,25,6,290,18
14,25,6,291,18
14,25,6,292,17
14,25,6,293,17
14,25,6,294,16
14,25,6,295,15
14,25,6,296,15
14,25,6,297,14
14,25,6,298,13
14,25,6,299,13
14,25,6,300,15
14,25,6,301,14
14,25,6,302,13
14,25,6,303,12
14,25,6,304,14
14,25,6,305,12
14,25,6,306,13
14,25,6,307,12
14,25,6,308,13
14,25,6,309,10
14,25,6,310,15
14,25,6,311,12
14,25,6,312,14
14,25,6,313,12
14,25,6,314,13
14,25,6,315,12
14,25,6,316,10
14,25,6,317,11
14,25,6,318,11
14,25,6,319,10
14,25,6,320,10
14,25,6,321,10
14,25,6,322,8
14,25,6,323,9
14,25,6,324,10
14,25,6,325,8
14,25,6,326,8
14,25,6,327,8
14,25,6,328,9
14,25,6,329,8
14,25,6,330,10
14,25,6,331,8
14,25,6,332,8
14,25,6,333,7
14,25,6,334,10
14,25,6,335,11
14,25,6,336,8
14,25,6,337,9
14,25,6,338,8
14,25,6,339,7
14,25,6,340,6
14,25,6,341,7
14,25,6,342,8
14,25,6,343,8
14,25,6,344,7
14,25,6,345,7
14,25,6,346,6
14,25,6,347,7
14,25,6,348,6
14,25,6,349,5
14,25,6,350,4
14,25,6,351,5
14,25,6,352,4
14,25,6,353,4
14,25,6,354,3
14,25,6,355,1
14,25,6,356,0
14,25,6,357,0
14,25,6,358,0
14,25,6,359,0
14,25,6,360,0
14,25,6,361,0
14,25,6,362,0
14,25,6,363,0
14,25,6,364,1
14,25,7,0,0
14,25,7,1,0
14,25,7,2,0
14,25,7,3,0
14,25,7,4,0
14,25,7,5,0
14,25,7,6,0
14,25,7,7,1
14,25,7,8,0
14,25,7,9,16
14,25,7,10,18
14,25,7,11,28
14,25,7,12,26
14,25,7,13,25
14,25,7,14,24
14,25,7,15,34
14,25,7,16,26
14,25,7,17,20
14,25,7,18,13
14,25,7,19,27
14,25,7,20,20
14,25,7,21,22
14,25,7,22,22
14,25,7,23,20
14,25,7,24,21
14,25,7,25,21
14,25,7,26,24
14,25,7,27,19
14,25,7,28,19
14,25,7,29,17
14,25,7,30,18
14,25,7,31,45
14,25,7,32,46
14,25,7,33,42
14,25,7,34,103
14,25,7,35,19
14,25,7,36,110
14,25,7,37,17
14,25,7,38,97
14,25,7,39,95
14,25,7,40,15
14,25,7,41,92
14,25,7,42,99
14,25,7,43,53
14,25,7,44,165
14,25,7,45,164
14,25,7,46,168
14,25,7,47,174
14,25,7,48,167
14,25,7,49,164
14,25,7,50,165
14,25,7,51,90
14,25,7,52,157
14,25,7,53,157
14,25,7,54,88
14,25,7,55,168
14,25,7,56,166
14,25,7,57,161
14,25,7,58,165
14,25,7,59,143
14,25,7,60,159
14,25,7,61,162
14,25,7,62,160
14,25,7,63,161
14,25,7,64,154
14,25,7,65,163
14,25,7,66,158
14,25,7,67,157
14,25,7,68,155
14,25,7,69,158
14,25,7,70,155
14,25,7,71,149
14,25,7,72,153
14,25,7,73,153
14,25,7,74,150
14,25,7,75,149
14,25,7,76,146
14,25,7,77,144
14,25,7,78,150
14,25,7,79,150
14,25,7,80,143
14,25,7,81,143
14,25,7,82,144
14,25,7,83,139
14,25,7,84,150
14,25,7,85,143
14,25,7,86,139
14,25,7,87,146
14,25,7,88,142
14,25,7,89,144
14,25,7,90,144
14,25,7,91,138
14,25,7,92,144
14,25,7,93,140
14,25,7,94,141
14,25,7,95,135
14,25,7,96,102
14,25,7,97,140
14,25,7,98,132
14,25,7,99,134
14,25,7,100,135
14,25,7,101,134
14,25,7,102,132
14,25,7,103,129
14,25,7,104,135
14,25,7,105,136
14,25,7,106,133
14,25,7,107,129
14,25,7,108,128
14,25,7,109,131
14,25,7,110,128
14,25,7,111,122
14,25,7,112,121
14,25,7,113,118
14,25,7,114,121
14,25,7,115,123
14,25,7,116,120
14,25,7,117,124
14,25,7,118,123
14,25,7,119,126
14,25,7,120,118
14,25,7,121,123
14,25,7,122,119
14,25,7,123,120
14,25,7,124,119
14,25,7,125,113
14,25,7,126,111
14,25,7,127,108
14,25,7,128,120
14,25,7,129,115
14,25,7,130,119
14,25,7,131,114
14,25,7,132,108
14,25,7,133,114
14,25,7,134,112
14,25,7,135,113
14,25,7,136,111
14,25,7,137,43
14,25,7,138,104
14,25,7,139,111
14,25,7,140,105
14,25,7,141,103
14,25,7,142,102
14,25,7,143,96
14,25,7,144,111
14,25,7,145,98
14,25,7,146,97
14,25,7,147,104
14,25,7,148,101
14,25,7,149,104
14,25,7,150,98
14,25,7,151,102
14,25,7,152,102
14,25,7,153,101
14,25,7,154,100
14,25,7,155,105
14,25,7,156,98
14,25,7,157,100
14,25,7,158,99
14,25,7,159,104
14,25,7,160,99
14,25,7,161,98
14,25,7,162,102
14,25,7,163,96
14,25,7,164,95
14,25,7,165,23
14,25,7,166,97
14,25,7,167,92
14,25,7,168,95
14,25,7,169,86
14,25,7,170,88
14,25,7,171,86
14,25,7,172,93
14,25,7,173,86
14,25,7,174,90
14,25,7,175,84
14,25,7,176,85
14,25,7,177,81
14,25,7,178,85
14,25,7,179,80
14,25,7,180,82
14,25,7,181,84
14,25,7,182,85
14,25,7,183,83
14,25,7,184,78
14,25,7,185,76
14,25,7,186,77
14,25,7,187,78
14,25,7,188,75
14,25,7,189,77
14,25,7,190,78
14,25,7,191,77
14,25,7,192,80
14,25,7,193,75
14,25,7,194,73
14,25,7,195,70
14,25,7,196,73
14,25,7,197,70
14,25,7,198,68
14,25,7,199,68
14,25,7,200,71
14,25,7,201,72
14,25,7,202,69
14,25,7,203,70
14,25,7,204,74
14,25,7,205,56
14,25,7,206,65
14,25,7,207,66
14,25,7,208,64
14,25,7,209,66
14,25,7,210,61
14,25,7,211,63
14,25,7,212,59
14,25,7,213,60
14,25,7,214,57
14,25,7,215,61
14,25,7,216,62
14,25,7,217,55
14,25,7,218,54
14,25,7,219,56
14,25,7,220,55
14,25,7,221,53
14,25,7,222,51
14,25,7,223,51
14,25,7,224,54
14,25,7,225,50
14,25,7,226,53
14,25,7,227,52
14,25,7,228,52
14,25,7,229,49
14,25,7,230,51
14,25,7,231,49
14,25,7,232,49
14,25,7,233,44
14,25,7,234,45
14,25,7,235,49
14,25,7,236,44
14,25,7,237,44
14,25,7,238,44
14,25,7,239,44
14,25,7,240,45
14,25,7,241,45
14,25,7,242,45
14,25,7,243,44
14,25,7,244,44
14,25,7,245,46
14,25,7,246,43
14,25,7,247,37
14,25,7,248,40
14,25,7,249,42
14,25,7,250,40
14,25,7,251,39
14,25,7,252,38
14,25,7,253,36
14,25,7,254,37
14,25,7,255,35
14,25,7,256,34
14,25,7,257,34
14,25,7,258,32
14,25,7,259,34
14,25,7,260,33
14,25,7,261,31
14,25,7,262,31
14,25,7,263,31
14,25,7,264,29
14,25,7,265,30
14,25,7,266,29
14,25,7,267,26
14,25,7,268,28
14,25,7,269,28
14,25,7,270,27
14,25,7,271,25
14,25,7,272,24
14,25,7,273,26
14,25,7,274,23
14,25,7,275,22
14,25,7,276,25
14,25,7,277,23
14,25,7,278,24
14,25,7,279,21
14,25,7,280,21
14,25,7,281,21
14,25,7,282,18
14,25,7,283,18
14,25,7,284,16
14,25,7,285,14
14,25,7,286,16
14,25,7,287,16
14,25,7,288,16
14,25,7,289,15
14,25,7,290,14
14,25,7,291,17
14,25,7,292,18
14,25,7,293,15
14,25,7,294,17
14,25,7,295,14
14,25,7,296,16
14,25,7,297,16
14,25,7,298,16
14,25,7,299,16
14,25,7,300,15
14,25,7,301,13
14,25,7,302,13
14,25,7,303,14
14,25,7,304,15
14,25,7,305,13
14,25,7,306,13
14,25,7,307,11
14,25,7,308,11
14,25,7,309,13
14,25,7,310,10
14,25,7,311,11
14,25,7,312,11
14,25,7,313,11
14,25,7,314,11
14,25,7,315,11
14,25,7,316,12
14,25,7,317,13
14,25,7,318,14
14,25,7,319,13
14,25,7,320,13
14,25,7,321,14
14,25,7,322,12
14,25,7,323,14
14,25,7,324,11
14,25,7,325,11
14,25,7,326,11
14,25,7,327,10
14,25,7,328,12
14,25,7,329,12
14,25,7,330,7
14,25,7,331,11
14,25,7,332,9
14,25,7,333,10
14,25,7,334,11
14,25,7,335,9
14,25,7,336,9
14,25,7,337,10
14,25,7,338,8
14,25,7,339,9
14,25,7,340,10
14,25,7,341,8
14,25,7,342,8
14,25,7,343,7
14,25,7,344,7
14,25,7,345,6
14,25,7,346,7
14,25,7,347,7
14,25,7,348,4
14,25,7,349,5
14,25,7,350,6
14,25,7,351,4
14,25,7,352,4
14,25,7,353,4
14,25,7,354,2
14,25,7,355,2
14,25,7,356,1
14,25,8,0,0
14,25,8,1,0
14,25,8,2,0
14,25,8,3,0
14,25,8,4,0
14,25,8,5,0
14,25,8,6,2
14,25,8,7,1
14,25,8,8,6
14,25,8,9,3
14,25,8,10,3
14,25,8,11,0
14,25,8,12,0
14,25,8,13,17
14,25,8,14,18
14,25,8,15,31
14,25,8,16,0
14,25,8,17,23
14,25,8,18,26
14,25,8,19,15
14,25,8,20,13
14,25,8,21,22
14,25,8,22,24
14,25,8,23,24
14,25,8,24,20
14,25,8,25,20
14,25,8,26,32
14,25,8,27,62
14,25,8,28,55
14,25,8,29,20
14,25,8,30,105
14,25,8,31,19
14,25,8,32,16
14,25,8,33,18
14,25,8,34,40
14,25,8,35,13
14,25,8,36,191
14,25,8,37,178
14,25,8,38,177
14,25,8,39,168
14,25,8,40,158
14,25,8,41,176
14,25,8,42,171
14,25,8,43,174
14,25,8,44,175
14,25,8,45,66
14,25,8,46,97
14,25,8,47,173
14,25,8,48,171
14,25,8,49,172
14,25,8,50,94
14,25,8,51,166
14,25,8,52,61
14,25,8,53,160
14,25,8,54,162
14,25,8,55,151
14,25,8,56,152
14,25,8,57,156
14,25,8,58,161
14,25,8,59,165
14,25,8,60,92
14,25,8,61,164
14,25,8,62,161
14,25,8,63,159
14,25,8,64,154
14,25,8,65,156
14,25,8,66,158
14,25,8,67,161
14,25,8,68,161
14,25,8,69,162
14,25,8,70,156
14,25,8,71,158
14,25,8,72,160
14,25,8,73,156
14,25,8,74,155
14,25,8,75,151
14,25,8,76,150
14,25,8,77,145
14,25,8,78,141
14,25,8,79,145
14,25,8,80,148
14,25,8,81,142
14,25,8,82,144
14,25,8,83,147
14,25,8,84,143
14,25,8,85,147
14,25,8,86,141
14,25,8,87,150
14,25,8,88,137
14,25,8,89,142
14,25,8,90,147
14,25,8,91,136
14,25,8,92,140
14,25,8,93,142
14,25,8,94,129
14,25,8,95,42
14,25,8,96,137
14,25,8,97,135
14,25,8,98,137
14,25,8,99,134
14,25,8,100,137
14,25,8,101,130
14,25,8,102,129
14,25,8,103,134
14,25,8,104,131
14,25,8,105,130
14,25,8,106,125
14,25,8,107,121
14,25,8,108,124
14,25,8,109,132
14,25,8,110,76
14,25,8,111,126
14,25,8,112,128
14,25,8,113,126
14,25,8,114,127
14,25,8,115,126
14,25,8,116,120
14,25,8,117,126
14,25,8,118,120
14,25,8,119,119
14,25,8,120,121
14,25,8,121,120
14,25,8,122,111
14,25,8,123,118
14,25,8,124,117
14,25,8,125,110
14,25,8,126,118
14,25,8,127,123
14,25,8,128,115
14,25,8,129,115
14,25,8,130,114
14,25,8,131,116
14,25,8,132,117
14,25,8,133,115
14,25,8,134,114
14,25,8,135,113
14,25,8,136,107
14,25,8,137,107
14,25,8,138,109
14,25,8,139,109
14,25,8,140,79
14,25,8,141,110
14,25,8,142,104
14,25,8,143,108
14,25,8,144,101
14,25,8,145,105
14,25,8,146,100
14,25,8,147,105
14,25,8,148,37
14,25,8,149,95
14,25,8,150,98
14,25,8,151,100
14,25,8,152,97
14,25,8,153,100
14,25,8,154,98
14,25,8,155,96
14,25,8,156,96
14,25,8,157,94
14,25,8,158,52
14,25,8,159,99
14,25,8,160,93
14,25,8,161,95
14,25,8,162,94
14,25,8,163,92
14,25,8,164,95
14,25,8,165,91
14,25,8,166,89
14,25,8,167,92
14,25,8,168,88
14,25,8,169,95
14,25,8,170,87
14,25,8,171,88
14,25,8,172,90
14,25,8,173,89
14,25,8,174,86
14,25,8,175,89
14,25,8,176,90
14,25,8,177,89
14,25,8,178,92
14,25,8,179,90
14,25,8,180,86
14,25,8,181,79
14,25,8,182,92
14,25,8,183,82
14,25,8,184,85
14,25,8,185,83
14,25,8,186,77
14,25,8,187,76
14,25,8,188,73
14,25,8,189,75
14,25,8,190,77
14,25,8,191,70
14,25,8,192,72
14,25,8,193,73
14,25,8,194,74
14,25,8,195,74
14,25,8,196,71
14,25,8,197,73
14,25,8,198,70
14,25,8,199,70
14,25,8,200,73
14,25,8,201,71
14,25,8,202,73
14,25,8,203,71
14,25,8,204,70
14,25,8,205,68
14,25,8,206,68
14,25,8,207,64
14,25,8,208,66
14,25,8,209,65
14,25,8,210,66
14,25,8,211,64
14,25,8,212,69
14,25,8,213,64
14,25,8,214,64
14,25,8,215,58
14,25,8,216,64
14,25,8,217,64
14,25,8,218,62
14,25,8,219,62
14,25,8,220,61
14,25,8,221,57
14,25,8,222,60
14,25,8,223,59
14,25,8,224,56
14,25,8,225,56
14,25,8,226,55
14,25,8,227,57
14,25,8,228,54
14,25,8,229,54
14,25,8,230,53
14,25,8,231,50
14,25,8,232,48
14,25,8,233,52
14,25,8,234,53
14,25,8,235,55
14,25,8,236,49
14,25,8,237,47
14,25,8,238,45
14,25,8,239,46
14,25,8,240,32
14,25,8,241,46
14,25,8,242,45
14,25,8,243,42
14,25,8,244,45
14,25,8,245,44
14,25,8,246,45
14,25,8,247,45
14,25,8,248,42
14,25,8,249,41
14,25,8,250,43
14,25,8,251,39
14,25,8,252,40
14,25,8,253,40
14,25,8,254,36
14,25,8,255,35
14,25,8,256,34
14,25,8,257,36
14,25,8,258,35
14,25,8,259,34
14,25,8,260,32
14,25,8,261,30
14,25,8,262,29
14,25,8,263,32
14,25,8,264,33
14,25,8,265,30
14,25,8,266,28
14,25,8,267,26
14,25,8,268,30
14,25,8,269,28
14,25,8,270,26
14,25,8,271,26
14,25,8,272,27
14,25,8,273,27
14,25,8,274,26
14,25,8,275,22
14,25,8,276,27
14,25,8,277,26
14,25,8,278,25
14,25,8,279,25
14,25,8,280,17
14,25,8,281,22
14,25,8,282,20
14,25,8,283,20
14,25,8,284,21
14,25,8,285,20
14,25,8,286,17
14,25,8,287,16
14,25,8,288,18
14,25,8,289,19
14,25,8,290,16
14,25,8,291,18
14,25,8,292,19
14,25,8,293,18
14,25,8,294,14
14,25,8,295,13
14,25,8,296,16
14,25,8,297,14
14,25,8,298,15
14,25,8,299,14
14,25,8,300,14
14,25,8,301,13
14,25,8,302,13
14,25,8,303,16
14,25,8,304,14
14,25,8,305,12
14,25,8,306,14
14,25,8,307,13
14,25,8,308,13
14,25,8,309,12
14,25,8,310,13
14,25,8,311,11
14,25,8,312,12
14,25,8,313,11
14,25,8,314,10
14,25,8,315,10
14,25,8,316,9
14,25,8,317,8
14,25,8,318,8
14,25,8,319,8
14,25,8,320,8
14,25,8,321,7
14,25,8,322,7
14,25,8,323,8
14,25,8,324,8
14,25,8,325,8
14,25,8,326,10
14,25,8,327,9
14,25,8,328,8
14,25,8,329,10
14,25,8,330,9
14,25,8,331,9
14,25,8,332,6
14,25,8,333,8
14,25,8,334,9
14,25,8,335,9
14,25,8,336,9
14,25,8,337,8
14,25,8,338,7
14,25,8,339,4
14,25,8,340,7
14,25,8,341,7
14,25,8,342,7
14,25,8,343,7
14,25,8,344,7
14,25,8,345,7
14,25,8,346,7
14,25,8,347,4
14,25,8,348,5
14,25,8,349,5
14,25,8,350,7
14,25,8,351,7
14,25,8,352,5
14,25,8,353,4
14,25,8,354,5
14,25,8,355,3
14,25,8,356,2
14,25,8,357,2
14,25,8,358,1
14,25,9,0,0
14,25,9,1,0
14,25,9,2,0
14,25,9,3,0
14,25,9,4,0
14,25,9,5,1
14,25,9,6,0
14,25,9,7,0
14,25,9,8,0
14,25,9,9,0
14,25,9,10,18
14,25,9,11,6
14,25,9,12,5
14,25,9,13,0
14,25,9,14,5
14,25,9,15,23
14,25,9,16,24
14,25,9,17,26
14,25,9,18,24
14,25,9,19,26
14,25,9,20,31
14,25,9,21,40
14,25,9,22,19
14,25,9,23,25
14,25,9,24,29
14,25,9,25,17
14,25,9,26,23
14,25,9,27,22
14,25,9,28,28
14,25,9,29,24
14,25,9,30,15
14,25,9,31,28
14,25,9,32,19
14,25,9,33,16
14,25,9,34,16
14,25,9,35,82
14,25,9,36,77
14,25,9,37,76
14,25,9,38,182
14,25,9,39,99
14,25,9,40,101
14,25,9,41,94
14,25,9,42,167
14,25,9,43,173
14,25,9,44,105
14,25,9,45,98
14,25,9,46,175
14,25,9,47,172
14,25,9,48,171
14,25,9,49,170
14,25,9,50,171
14,25,9,51,165
14,25,9,52,165
14,25,9,53,161
14,25,9,54,158
14,25,9,55,156
14,25,9,56,159
14,25,9,57,165
14,25,9,58,159
14,25,9,59,168
14,25,9,60,166
14,25,9,61,160
14,25,9,62,160
14,25,9,63,153
14,25,9,64,160
14,25,9,65,153
14,25,9,66,149
14,25,9,67,163
14,25,9,68,161
14,25,9,69,155
14,25,9,70,154
14,25,9,71,152
14,25,9,72,92
14,25,9,73,146
14,25,9,74,149
14,25,9,75,151
14,25,9,76,150
14,25,9,77,152
14,25,9,78,154
14,25,9,79,154
14,25,9,80,149
14,25,9,81,145
14,25,9,82,146
14,25,9,83,146
14,25,9,84,144
14,25,9,85,142
14,25,9,86,144
14,25,9,87,145
14,25,9,88,147
14,25,9,89,143
14,25,9,90,139
14,25,9,91,141
14,25,9,92,136
14,25,9,93,143
14,25,9,94,134
14,25,9,95,54
14,25,9,96,136
14,25,9,97,146
14,25,9,98,142
14,25,9,99,86
14,25,9,100,131
14,25,9,101,49
14,25,9,102,137
14,25,9,103,137
14,25,9,104,137
14,25,9,105,138
14,25,9,106,135
14,25,9,107,127
14,25,9,108,132
14,25,9,109,133
14,25,9,110,131
14,25,9,111,133
14,25,9,112,131
14,25,9,113,124
14,25,9,114,126
14,25,9,115,129
14,25,9,116,130
14,25,9,117,125
14,25,9,118,125
14,25,9,119,124
14,25,9,120,123
14,25,9,121,130
14,25,9,122,126
14,25,9,123,124
14,25,9,124,116
14,25,9,125,121
14,25,9,126,125
14,25,9,127,123
14,25,9,128,116
14,25,9,129,119
14,25,9,130,117
14,25,9,131,123
14,25,9,132,117
14,25,9,133,116
14,25,9,134,118
14,25,9,135,124
14,25,9,136,118
14,25,9,137,114
14,25,9,138,117
14,25,9,139,113
14,25,9,140,117
14,25,9,141,113
14,25,9,142,111
14,25,9,143,111
14,25,9,144,112
14,25,9,145,108
14,25,9,146,27
14,25,9,147,105
14,25,9,148,110
14,25,9,149,104
14,25,9,150,99
14,25,9,151,105
14,25,9,152,110
14,25,9,153,108
14,25,9,154,103
14,25,9,155,99
14,25,9,156,103
14,25,9,157,101
14,25,9,158,104
14,25,9,159,90
14,25,9,160,93
14,25,9,161,85
14,25,9,162,101
14,25,9,163,102
14,25,9,164,98
14,25,9,165,93
14,25,9,166,93
14,25,9,167,94
14,25,9,168,90
14,25,9,169,90
14,25,9,170,88
14,25,9,171,95
14,25,9,172,36
14,25,9,173,90
14,25,9,174,89
14,25,9,175,90
14,25,9,176,89
14,25,9,177,88
14,25,9,178,84
14,25,9,179,88
14,25,9,180,88
14,25,9,181,93
14,25,9,182,85
14,25,9,183,85
14,25,9,184,88
14,25,9,185,84
14,25,9,186,81
14,25,9,187,82
14,25,9,188,81
14,25,9,189,76
14,25,9,190,76
14,25,9,191,78
14,25,9,192,76
14,25,9,193,73
14,25,9,194,75
14,25,9,195,76
14,25,9,196,73
14,25,9,197,70
14,25,9,198,69
14,25,9,199,74
14,25,9,200,76
14,25,9,201,74
14,25,9,202,69
14,25,9,203,61
14,25,9,204,62
14,25,9,205,71
14,25,9,206,72
14,25,9,207,70
14,25,9,208,74
14,25,9,209,68
14,25,9,210,65
14,25,9,211,69
14,25,9,212,63
14,25,9,213,67
14,25,9,214,64
14,25,9,215,68
14,25,9,216,66
14,25,9,217,63
14,25,9,218,62
14,25,9,219,58
14,25,9,220,62
14,25,9,221,59
14,25,9,222,59
14,25,9,223,53
14,25,9,224,56
14,25,9,225,56
14,25,9,226,61
14,25,9,227,56
14,25,9,228,54
14,25,9,229,57
14,25,9,230,55
14,25,9,231,56
14,25,9,232,54
14,25,9,233,54
14,25,9,234,47
14,25,9,235,53
14,25,9,236,53
14,25,9,237,53
14,25,9,238,46
14,25,9,239,48
14,25,9,240,48
14,25,9,241,48
14,25,9,242,47
14,25,9,243,48
14,25,9,244,46
14,25,9,245,46
14,25,9,246,46
14,25,9,247,43
14,25,9,248,43
14,25,9,249,42
14,25,9,250,38
14,25,9,251,37
14,25,9,252,39
14,25,9,253,40
14,25,9,254,43
14,25,9,255,41
14,25,9,256,38
14,25,9,257,36
14,25,9,258,34
14,25,9,259,38
14,25,9,260,38
14,25,9,261,36
14,25,9,262,37
14,25,9,263,38
14,25,9,264,32
14,25,9,265,35
14,25,9,266,32
14,25,9,267,31
14,25,9,268,31
14,25,9,269,28
14,25,9,270,29
14,25,9,271,27
14,25,9,272,28
14,25,9,273,29
14,25,9,274,31
14,25,9,275,29
14,25,9,276,26
14,25,9,277,28
14,25,9,278,22
14,25,9,279,21
14,25,9,280,27
14,25,9,281,25
14,25,9,282,24
14,25,9,283,22
14,25,9,284,17
14,25,9,285,23
14,25,9,286,25
14,25,9,287,22
14,25,9,288,18
14,25,9,289,18
14,25,9,290,20
14,25,9,291,17
14,25,9,292,18
14,25,9,293,19
14,25,9,294,16
14,25,9,295,14
14,25,9,296,15
14,25,9,297,17
14,25,9,298,16
14,25,9,299,15
14,25,9,300,15
14,25,9,301,15
14,25,9,302,15
14,25,9,303,16
14,25,9,304,12
14,25,9,305,12
14,25,9,306,11
14,25,9,307,11
14,25,9,308,13
14,25,9,309,13
14,25,9,310,13
14,25,9,311,13
14,25,9,312,11
14,25,9,313,10
14,25,9,314,11
14,25,9,315,9
14,25,9,316,9
14,25,9,317,10
14,25,9,318,11
14,25,9,319,11
14,25,9,320,10
14,25,9,321,9
14,25,9,322,9
14,25,9,323,8
14,25,9,324,8
14,25,9,325,7
14,25,9,326,7
14,25,9,327,10
14,25,9,328,10
14,25,9,329,9
14,25,9,330,10
14,25,9,331,9
14,25,9,332,8
14,25,9,333,8
14,25,9,334,7
14,25,9,335,6
14,25,9,336,8
14,25,9,337,8
14,25,9,338,9
14,25,9,339,10
14,25,9,340,8
14,25,9,341,10
14,25,9,342,8
14,25,9,343,6
14,25,9,344,7
14,25,9,345,6
14,25,9,346,6
14,25,9,347,4
14,25,9,348,7
14,25,9,349,6
14,25,9,350,6
14,25,9,351,6
14,25,9,352,5
14,25,9,353,2
14,25,9,354,5
14,25,9,355,3
14,25,9,356,3
14,25,9,357,2
14,25,9,358,0
14,25,9,359,0
14,25,9,360,1
14,25,10,0,0
14,25,10,1,0
14,25,10,2,0
14,25,10,3,0
14,25,10,4,0
14,25,10,5,2
14,25,10,6,0
14,25,10,7,0
14,25,10,8,4
14,25,10,9,3
14,25,10,10,2
14,25,10,11,4
14,25,10,12,0
14,25,10,13,4
14,25,10,14,0
14,25,10,15,28
14,25,10,16,24
14,25,10,17,13
14,25,10,18,18
14,25,10,19,11
14,25,10,20,19
14,25,10,21,29
14,25,10,22,28
14,25,10,23,25
14,25,10,24,23
14,25,10,25,19
14,25,10,26,19
14,25,10,27,30
14,25,10,28,25
14,25,10,29,22
14,25,10,30,22
14,25,10,31,51
14,25,10,32,24
14,25,10,33,23
14,25,10,34,43
14,25,10,35,46
14,25,10,36,42
14,25,10,37,17
14,25,10,38,18
14,25,10,39,41
14,25,10,40,16
14,25,10,41,157
14,25,10,42,170
14,25,10,43,176
14,25,10,44,177
14,25,10,45,15
14,25,10,46,173
14,25,10,47,171
14,25,10,48,171
14,25,10,49,174
14,25,10,50,99
14,25,10,51,163
14,25,10,52,157
14,25,10,53,161
14,25,10,54,159
14,25,10,55,164
14,25,10,56,170
14,25,10,57,165
14,25,10,58,169
14,25,10,59,161
14,25,10,60,158
14,25,10,61,165
14,25,10,62,165
14,25,10,63,162
14,25,10,64,161
14,25,10,65,164
14,25,10,66,160
14,25,10,67,158
14,25,10,68,158
14,25,10,69,151
14,25,10,70,155
14,25,10,71,156
14,25,10,72,159
14,25,10,73,156
14,25,10,74,147
14,25,10,75,144
14,25,10,76,144
14,25,10,77,144
14,25,10,78,147
14,25,10,79,146
14,25,10,80,145
14,25,10,81,148
14,25,10,82,142
14,25,10,83,147
14,25,10,84,144
14,25,10,85,144
14,25,10,86,140
14,25,10,87,148
14,25,10,88,146
14,25,10,89,142
14,25,10,90,139
14,25,10,91,136
14,25,10,92,143
14,25,10,93,143
14,25,10,94,22
14,25,10,95,141
14,25,10,96,135
14,25,10,97,140
14,25,10,98,117
14,25,10,99,140
14,25,10,100,134
14,25,10,101,19
14,25,10,102,129
14,25,10,103,133
14,25,10,104,132
14,25,10,105,131
14,25,10,106,131
14,25,10,107,132
14,25,10,108,133
14,25,10,109,134
14,25,10,110,131
14,25,10,111,127
14,25,10,112,129
14,25,10,113,122
14,25,10,114,128
14,25,10,115,127
14,25,10,116,122
14,25,10,117,121
14,25,10,118,105
14,25,10,119,121
14,25,10,120,120
14,25,10,121,119
14,25,10,122,122
14,25,10,123,118
14,25,10,124,112
14,25,10,125,109
14,25,10,126,115
14,25,10,127,118
14,25,10,128,112
14,25,10,129,111
14,25,10,130,109
14,25,10,131,115
14,25,10,132,113
14,25,10,133,116
14,25,10,134,108
14,25,10,135,117
14,25,10,136,112
14,25,10,137,114
14,25,10,138,112
14,25,10,139,113
14,25,10,140,105
14,25,10,141,106
14,25,10,142,106
14,25,10,143,106
14,25,10,144,99
14,25,10,145,104
14,25,10,146,105
14,25,10,147,108
14,25,10,148,106
14,25,10,149,106
14,25,10,150,100
14,25,10,151,102
14,25,10,152,103
14,25,10,153,97
14,25,10,154,98
14,25,10,155,94
14,25,10,156,91
14,25,10,157,92
14,25,10,158,97
14,25,10,159,52
14,25,10,160,91
14,25,10,161,89
14,25,10,162,89
14,25,10,163,90
14,25,10,164,95
14,25,10,165,92
14,25,10,166,89
14,25,10,167,94
14,25,10,168,91
14,25,10,169,88
14,25,10,170,86
14,25,10,171,90
14,25,10,172,90
14,25,10,173,87
14,25,10,174,88
14,25,10,175,86
14,25,10,176,90
14,25,10,177,80
14,25,10,178,82
14,25,10,179,83
14,25,10,180,81
14,25,10,181,82
14,25,10,182,56
14,25,10,183,76
14,25,10,184,79
14,25,10,185,75
14,25,10,186,75
14,25,10,187,82
14,25,10,188,73
14,25,10,189,78
14,25,10,190,71
14,25,10,191,78
14,25,10,192,76
14,25,10,193,72
14,25,10,194,75
14,25,10,195,72
14,25,10,196,72
14,25,10,197,76
14,25,10,198,78
14,25,10,199,75
14,25,10,200,77
14,25,10,201,77
14,25,10,202,78
14,25,10,203,73
14,25,10,204,70
14,25,10,205,71
14,25,10,206,67
14,25,10,207,66
14,25,10,208,64
14,25,10,209,68
14,25,10,210,62
14,25,10,211,61
14,25,10,212,61
14,25,10,213,58
14,25,10,214,58
14,25,10,215,58
14,25,10,216,58
14,25,10,217,57
14,25,10,218,58
14,25,10,219,55
14,25,10,220,58
14,25,10,221,57
14,25,10,222,55
14,25,10,223,55
14,25,10,224,56
14,25,10,225,53
14,25,10,226,52
14,25,10,227,53
14,25,10,228,54
14,25,10,229,51
14,25,10,230,46
14,25,10,231,51
14,25,10,232,46
14,25,10,233,47
14,25,10,234,51
14,25,10,235,46
14,25,10,236,46
14,25,10,237,46
14,25,10,238,41
14,25,10,239,46
14,25,10,240,42
14,25,10,241,42
14,25,10,242,45
14,25,10,243,43
14,25,10,244,43
14,25,10,245,41
14,25,10,246,41
14,25,10,247,44
14,25,10,248,41
14,25,10,249,36
14,25,10,250,33
14,25,10,251,36
14,25,10,252,34
14,25,10,253,34
14,25,10,254,34
14,25,10,255,36
14,25,10,256,32
14,25,10,257,34
14,25,10,258,34
14,25,10,259,29
14,25,10,260,31
14,25,10,261,35
14,25,10,262,31
14,25,10,263,29
14,25,10,264,32
14,25,10,265,27
14,25,10,266,30
14,25,10,267,28
14,25,10,268,27
14,25,10,269,26
14,25,10,270,28
14,25,10,271,28
14,25,10,272,25
14,25,10,273,23
14,25,10,274,22
14,25,10,275,21
14,25,10,276,21
14,25,10,277,17
14,25,10,278,19
14,25,10,279,17
14,25,10,280,19
14,25,10,281,17
14,25,10,282,17
14,25,10,283,17
14,25,10,284,20
14,25,10,285,17
14,25,10,286,17
14,25,10,287,17
14,25,10,288,15
14,25,10,289,14
14,25,10,290,16
14,25,10,291,14
14,25,10,292,13
14,25,10,293,15
14,25,10,294,13
14,25,10,295,16
14,25,10,296,13
14,25,10,297,15
14,25,10,298,13
14,25,10,299,13
14,25,10,300,12
14,25,10,301,11
14,25,10,302,11
14,25,10,303,13
14,25,10,304,11
14,25,10,305,13
14,25,10,306,12
14,25,10,307,11
14,25,10,308,13
14,25,10,309,12
14,25,10,310,13
14,25,10,311,10
14,25,10,312,12
14,25,10,313,14
14,25,10,314,12
14,25,10,315,11
14,25,10,316,13
14,25,10,317,12
14,25,10,318,12
14,25,10,319,14
14,25,10,320,12
14,25,10,321,11
14,25,10,322,10
14,25,10,323,10
14,25,10,324,10
14,25,10,325,11
14,25,10,326,13
14,25,10,327,11
14,25,10,328,10
14,25,10,329,12
14,25,10,330,12
14,25,10,331,10
14,25,10,332,11
14,25,10,333,9
14,25,10,334,10
14,25,10,335,8
14,25,10,336,5
14,25,10,337,6
14,25,10,338,7
14,25,10,339,7
14,25,10,340,8
14,25,10,341,6
14,25,10,342,8
14,25,10,343,6
14,25,10,344,7
14,25,10,345,7
14,25,10,346,7
14,25,10,347,7
14,25,10,348,7
14,25,10,349,7
14,25,10,350,5
14,25,10,351,5
14,25,10,352,4
14,25,10,353,3
14,25,10,354,3
14,25,10,355,3
14,25,10,356,1
14,25,10,357,0
14,25,10,358,1
14,25,11,0,0
14,25,11,1,0
14,25,11,2,0
14,25,11,3,0
14,25,11,4,0
14,25,11,5,0
14,25,11,6,0
14,25,11,7,6
14,25,11,8,18
14,25,11,9,4
14,25,11,10,2
14,25,11,11,0
14,25,11,12,14
14,25,11,13,4
14,25,11,14,14
14,25,11,15,25
14,25,11,16,26
14,25,11,17,19
14,25,11,18,16
14,25,11,19,16
14,25,11,20,22
14,25,11,21,19
14,25,11,22,61
14,25,11,23,23
14,25,11,24,16
14,25,11,25,51
14,25,11,26,55
14,25,11,27,59
14,25,11,28,18
14,25,11,29,21
14,25,11,30,45
14,25,11,31,18
14,25,11,32,45
14,25,11,33,78
14,25,11,34,76
14,25,11,35,72
14,25,11,36,189
14,25,11,37,70
14,25,11,38,178
14,25,11,39,128
14,25,11,40,121
14,25,11,41,173
14,25,11,42,127
14,25,11,43,165
14,25,11,44,169
14,25,11,45,16
14,25,11,46,166
14,25,11,47,167
14,25,11,48,77
14,25,11,49,36
14,25,11,50,164
14,25,11,51,39
14,25,11,52,126
14,25,11,53,68
14,25,11,54,170
14,25,11,55,38
14,25,11,56,160
14,25,11,57,159
14,25,11,58,158
14,25,11,59,158
14,25,11,60,169
14,25,11,61,161
14,25,11,62,163
14,25,11,63,158
14,25,11,64,144
14,25,11,65,151
14,25,11,66,152
14,25,11,67,150
14,25,11,68,147
14,25,11,69,151
14,25,11,70,61
14,25,11,71,149
14,25,11,72,149
14,25,11,73,148
14,25,11,74,156
14,25,11,75,149
14,25,11,76,149
14,25,11,77,144
14,25,11,78,150
14,25,11,79,137
14,25,11,80,151
14,25,11,81,137
14,25,11,82,149
14,25,11,83,144
14,25,11,84,142
14,25,11,85,147
14,25,11,86,149
14,25,11,87,146
14,25,11,88,134
14,25,11,89,32
14,25,11,90,140
14,25,11,91,138
14,25,11,92,142
14,25,11,93,136
14,25,11,94,128
14,25,11,95,133
14,25,11,96,140
14,25,11,97,139
14,25,11,98,132
14,25,11,99,137
14,25,11,100,136
14,25,11,101,137
14,25,11,102,137
14,25,11,103,135
14,25,11,104,140
14,25,11,105,139
14,25,11,106,136
14,25,11,107,131
14,25,11,108,133
14,25,11,109,127
14,25,11,110,131
14,25,11,111,137
14,25,11,112,127
14,25,11,113,132
14,25,11,114,125
14,25,11,115,123
14,25,11,116,125
14,25,11,117,120
14,25,11,118,128
14,25,11,119,127
14,25,11,120,118
14,25,11,121,122
14,25,11,122,108
14,25,11,123,121
14,25,11,124,117
14,25,11,125,115
14,25,11,126,114
14,25,11,127,120
14,25,11,128,112
14,25,11,129,124
14,25,11,130,120
14,25,11,131,122
14,25,11,132,117
14,25,11,133,121
14,25,11,134,117
14,25,11,135,114
14,25,11,136,118
14,25,11,137,117
14,25,11,138,46
14,25,11,139,119
14,25,11,140,116
14,25,11,141,110
14,25,11,142,110
14,25,11,143,113
14,25,11,144,24
14,25,11,145,108
14,25,11,146,103
14,25,11,147,105
14,25,11,148,95
14,25,11,149,95
14,25,11,150,98
14,25,11,151,100
14,25,11,152,100
14,25,11,153,108
14,25,11,154,98
14,25,11,155,98
14,25,11,156,102
14,25,11,157,96
14,25,11,158,99
14,25,11,159,29
14,25,11,160,98
14,25,11,161,96
14,25,11,162,93
14,25,11,163,95
14,25,11,164,90
14,25,11,165,95
14,25,11,166,90
14,25,11,167,92
14,25,11,168,87
14,25,11,169,91
14,25,11,170,89
14,25,11,171,89
14,25,11,172,89
14,25,11,173,87
14,25,11,174,83
14,25,11,175,82
14,25,11,176,85
14,25,11,177,87
14,25,11,178,84
14,25,11,179,83
14,25,11,180,84
14,25,11,181,84
14,25,11,182,83
14,25,11,183,80
14,25,11,184,76
14,25,11,185,78
14,25,11,186,74
14,25,11,187,79
14,25,11,188,28
14,25,11,189,80
14,25,11,190,66
14,25,11,191,79
14,25,11,192,76
14,25,11,193,73
14,25,11,194,76
14,25,11,195,76
14,25,11,196,32
14,25,11,197,75
14,25,11,198,70
14,25,11,199,68
14,25,11,200,67
14,25,11,201,71
14,25,11,202,66
14,25,11,203,68
14,25,11,204,68
14,25,11,205,71
14,25,11,206,68
14,25,11,207,65
14,25,11,208,64
14,25,11,209,62
14,25,11,210,59
14,25,11,211,65
14,25,11,212,62
14,25,11,213,63
14,25,11,214,61
14,25,11,215,62
14,25,11,216,60
14,25,11,217,60
14,25,11,218,59
14,25,11,219,58
14,25,11,220,56
14,25,11,221,54
14,25,11,222,56
14,25,11,223,53
14,25,11,224,53
14,25,11,225,55
14,25,11,226,54
14,25,11,227,52
14,25,11,228,51
14,25,11,229,53
14,25,11,230,55
14,25,11,231,53
14,25,11,232,52
14,25,11,233,50
14,25,11,234,50
14,25,11,235,52
14,25,11,236,48
14,25,11,237,47
14,25,11,238,51
14,25,11,239,45
14,25,11,240,48
14,25,11,241,46
14,25,11,242,44
14,25,11,243,45
14,25,11,244,43
14,25,11,245,41
14,25,11,246,42
14,25,11,247,43
14,25,11,248,40
14,25,11,249,41
14,25,11,250,41
14,25,11,251,39
14,25,11,252,35
14,25,11,253,40
14,25,11,254,37
14,25,11,255,38
14,25,11,256,39
14,25,11,257,34
14,25,11,258,33
14,25,11,259,38
14,25,11,260,35
14,25,11,261,37
14,25,11,262,34
14,25,11,263,33
14,25,11,264,34
14,25,11,265,29
14,25,11,266,30
14,25,11,267,28
14,25,11,268,27
14,25,11,269,28
14,25,11,270,25
14,25,11,271,28
14,25,11,272,28
14,25,11,273,27
14,25,11,274,25
14,25,11,275,26
14,25,11,276,27
14,25,11,277,27
14,25,11,278,25
14,25,11,279,22
14,25,11,280,18
14,25,11,281,18
14,25,11,282,18
14,25,11,283,19
14,25,11,284,18
14,25,11,285,19
14,25,11,286,18
14,25,11,287,18
14,25,11,288,17
14,25,11,289,17
14,25,11,290,15
14,25,11,291,17
14,25,11,292,17
14,25,11,293,17
14,25,11,294,17
14,25,11,295,17
14,25,11,296,17
14,25,11,297,17
14,25,11,298,15
14,25,11,299,14
14,25,11,300,14
14,25,11,301,16
14,25,11,302,15
14,25,11,303,15
14,25,11,304,14
14,25,11,305,14
14,25,11,306,15
14,25,11,307,13
14,25,11,308,13
14,25,11,309,12
14,25,11,310,14
14,25,11,311,13
14,25,11,312,12
14,25,11,313,13
14,25,11,314,12
14,25,11,315,13
14,25,11,316,12
14,25,11,317,12
14,25,11,318,10
14,25,11,319,10
14,25,11,320,11
14,25,11,321,13
14,25,11,322,12
14,25,11,323,10
14,25,11,324,8
14,25,11,325,10
14,25,11,326,9
14,25,11,327,8
14,25,11,328,10
14,25,11,329,8
14,25,11,330,9
14,25,11,331,7
14,25,11,332,10
14,25,11,333,7
14,25,11,334,8
14,25,11,335,9
14,25,11,336,8
14,25,11,337,9
14,25,11,338,6
14,25,11,339,6
14,25,11,340,8
14,25,11,341,6
14,25,11,342,6
14,25,11,343,6
14,25,11,344,6
14,25,11,345,5
14,25,11,346,7
14,25,11,347,5
14,25,11,348,4
14,25,11,349,4
14,25,11,350,5
14,25,11,351,4
14,25,11,352,3
14,25,11,353,2
14,25,11,354,3
14,25,11,355,2
14,25,11,356,0
14,25,11,357,0
14,25,11,358,1
14,25,12,0,0
14,25,12,1,0
14,25,12,2,0
14,25,12,3,0
14,25,12,4,0
14,25,12,5,2
14,25,12,6,1
14,25,12,7,0
14,25,12,8,3
14,25,12,9,3
14,25,12,10,2
14,25,12,11,1
14,25,12,12,0
14,25,12,13,0
14,25,12,14,34
14,25,12,15,19
14,25,12,16,20
14,25,12,17,17
14,25,12,18,32
14,25,12,19,25
14,25,12,20,23
14,25,12,21,26
14,25,12,22,56
14,25,12,23,21
14,25,12,24,59
14,25,12,25,84
14,25,12,26,82
14,25,12,27,88
14,25,12,28,54
14,25,12,29,55
14,25,12,30,20
14,25,12,31,55
14,25,12,32,204
14,25,12,33,23
14,25,12,34,72
14,25,12,35,183
14,25,12,36,194
14,25,12,37,71
14,25,12,38,180
14,25,12,39,132
14,25,12,40,40
14,25,12,41,68
14,25,12,42,67
14,25,12,43,62
14,25,12,44,175
14,25,12,45,40
14,25,12,46,126
14,25,12,47,132
14,25,12,48,169
14,25,12,49,165
14,25,12,50,167
14,25,12,51,160
14,25,12,52,168
14,25,12,53,43
14,25,12,54,159
14,25,12,55,93
14,25,12,56,163
14,25,12,57,159
14,25,12,58,165
14,25,12,59,161
14,25,12,60,161
14,25,12,61,155
14,25,12,62,154
14,25,12,63,160
14,25,12,64,161
14,25,12,65,154
14,25,12,66,154
14,25,12,67,157
14,25,12,68,120
14,25,12,69,154
14,25,12,70,157
14,25,12,71,156
14,25,12,72,160
14,25,12,73,123
14,25,12,74,155
14,25,12,75,150
14,25,12,76,149
14,25,12,77,155
14,25,12,78,148
14,25,12,79,154
14,25,12,80,148
14,25,12,81,143
14,25,12,82,145
14,25,12,83,146
14,25,12,84,147
14,25,12,85,147
14,25,12,86,141
14,25,12,87,143
14,25,12,88,144
14,25,12,89,31
14,25,12,90,29
14,25,12,91,134
14,25,12,92,51
14,25,12,93,135
14,25,12,94,139
14,25,12,95,137
14,25,12,96,139
14,25,12,97,138
14,25,12,98,135
14,25,12,99,132
14,25,12,100,134
14,25,12,101,135
14,25,12,102,130
14,25,12,103,103
14,25,12,104,126
14,25,12,105,132
14,25,12,106,126
14,25,12,107,82
14,25,12,108,128
14,25,12,109,130
14,25,12,110,131
14,25,12,111,124
14,25,12,112,129
14,25,12,113,128
14,25,12,114,129
14,25,12,115,130
14,25,12,116,128
14,25,12,117,130
14,25,12,118,134
14,25,12,119,124
14,25,12,120,127
14,25,12,121,119
14,25,12,122,111
14,25,12,123,114
14,25,12,124,112
14,25,12,125,114
14,25,12,126,32
14,25,12,127,120
14,25,12,128,113
14,25,12,129,113
14,25,12,130,114
14,25,12,131,118
14,25,12,132,113
14,25,12,133,42
14,25,12,134,114
14,25,12,135,113
14,25,12,136,21
14,25,12,137,22
14,25,12,138,24
14,25,12,139,113
14,25,12,140,110
14,25,12,141,111
14,25,12,142,111
14,25,12,143,103
14,25,12,144,106
14,25,12,145,108
14,25,12,146,103
14,25,12,147,97
14,25,12,148,103
14,25,12,149,101
14,25,12,150,96
14,25,12,151,103
14,25,12,152,96
14,25,12,153,21
14,25,12,154,99
14,25,12,155,96
14,25,12,156,97
14,25,12,157,99
14,25,12,158,99
14,25,12,159,93
14,25,12,160,98
14,25,12,161,98
14,25,12,162,93
14,25,12,163,92
14,25,12,164,96
14,25,12,165,89
14,25,12,166,92
14,25,12,167,92
14,25,12,168,94
14,25,12,169,96
14,25,12,170,90
14,25,12,171,92
14,25,12,172,93
14,25,12,173,91
14,25,12,174,88
14,25,12,175,77
14,25,12,176,82
14,25,12,177,79
14,25,12,178,80
14,25,12,179,79
14,25,12,180,84
14,25,12,181,82
14,25,12,182,79
14,25,12,183,78
14,25,12,184,83
14,25,12,185,84
14,25,12,186,81
14,25,12,187,80
14,25,12,188,77
14,25,12,189,79
14,25,12,190,73
14,25,12,191,79
14,25,12,192,78
14,25,12,193,77
14,25,12,194,80
14,25,12,195,82
14,25,12,196,77
14,25,12,197,71
14,25,12,198,70
14,25,12,199,70
14,25,12,200,65
14,25,12,201,71
14,25,12,202,70
14,25,12,203,68
14,25,12,204,67
14,25,12,205,71
14,25,12,206,69
14,25,12,207,68
14,25,12,208,68
14,25,12,209,63
14,25,12,210,63
14,25,12,211,60
14,25,12,212,63
14,25,12,213,62
14,25,12,214,60
14,25,12,215,58
14,25,12,216,60
14,25,12,217,53
14,25,12,218,54
14,25,12,219,57
14,25,12,220,56
14,25,12,221,55
14,25,12,222,53
14,25,12,223,53
14,25,12,224,48
14,25,12,225,51
14,25,12,226,53
14,25,12,227,48
14,25,12,228,52
14,25,12,229,50
14,25,12,230,51
14,25,12,231,51
14,25,12,232,52
14,25,12,233,48
14,25,12,234,46
14,25,12,235,47
14,25,12,236,51
14,25,12,237,50
14,25,12,238,49
14,25,12,239,48
14,25,12,240,45
14,25,12,241,43
14,25,12,242,42
14,25,12,243,44
14,25,12,244,46
14,25,12,245,42
14,25,12,246,36
14,25,12,247,41
14,25,12,248,39
14,25,12,249,39
14,25,12,250,40
14,25,12,251,34
14,25,12,252,37
14,25,12,253,36
14,25,12,254,32
14,25,12,255,32
14,25,12,256,34
14,25,12,257,32
14,25,12,258,30
14,25,12,259,29
14,25,12,260,29
14,25,12,261,30
14,25,12,262,31
14,25,12,263,29
14,25,12,264,29
14,25,12,265,28
14,25,12,266,29
14,25,12,267,30
14,25,12,268,30
14,25,12,269,29
14,25,12,270,26
14,25,12,271,26
14,25,12,272,27
14,25,12,273,25
14,25,12,274,28
14,25,12,275,22
14,25,12,276,22
14,25,12,277,23
14,25,12,278,21
14,25,12,279,21
14,25,12,280,21
14,25,12,281,19
14,25,12,282,16
14,25,12,283,18
14,25,12,284,16
14,25,12,285,19
14,25,12,286,20
14,25,12,287,21
14,25,12,288,19
14,25,12,289,18
14,25,12,290,17
14,25,12,291,16
14,25,12,292,16
14,25,12,293,12
14,25,12,294,13
14,25,12,295,12
14,25,12,296,14
14,25,12,297,12
14,25,12,298,14
14,25,12,299,12
14,25,12,300,12
14,25,12,301,14
14,25,12,302,12
14,25,12,303,12
14,25,12,304,11
14,25,12,305,14
14,25,12,306,13
14,25,12,307,12
14,25,12,308,12
14,25,12,309,11
14,25,12,310,11
14,25,12,311,12
14,25,12,312,12
14,25,12,313,11
14,25,12,314,11
14,25,12,315,9
14,25,12,316,11
14,25,12,317,8
14,25,12,318,8
14,25,12,319,7
14,25,12,320,8
14,25,12,321,8
14,25,12,322,9
14,25,12,323,9
14,25,12,324,9
14,25,12,325,7
14,25,12,326,8
14,25,12,327,9
14,25,12,328,7
14,25,12,329,9
14,25,12,330,9
14,25,12,331,9
14,25,12,332,9
14,25,12,333,9
14,25,12,334,10
14,25,12,335,9
14,25,12,336,8
14,25,12,337,9
14,25,12,338,7
14,25,12,339,9
14,25,12,340,5
14,25,12,341,8
14,25,12,342,5
14,25,12,343,5
14,25,12,344,5
14,25,12,345,5
14,25,12,346,4
14,25,12,347,4
14,25,12,348,4
14,25,12,349,6
14,25,12,350,5
14,25,12,351,5
14,25,12,352,4
14,25,12,353,2
14,25,12,354,2
14,25,12,355,0
14,25,12,356,0
14,25,12,357,1
14,25,12,358,0
14,25,12,359,0
14,25,12,360,1
